FILES| Main log written to '/home/louis/.local/share/kiln-runner/runs/b29df24d44c4a18025d455dc65899bb7/home/.local/state/0ad/log/mainlog_1789024264_626639.html'
FILES| Interesting log written to '/home/louis/.local/share/kiln-runner/runs/b29df24d44c4a18025d455dc65899bb7/home/.local/state/0ad/log/interestinglog_1789024264_626639.html'
FILES| Replay written to '/home/louis/.local/share/kiln-runner/runs/b29df24d44c4a18025d455dc65899bb7/home/.local/share/0ad/replays/0.28.0/2026-09-10_0001'
Setting biome generic/temperate.
Creating playerbases... 0.015738s.
Creating bumps... 0.060228s.
Creating hills... 0.016297s.
Creating forests... 0.052760s.
Creating dirt patches... 0.014499s.
Creating grass patches... 0.006720s.
Creating metal mines... 0.001971s.
Creating stone mines... 0.001141s.
Creating decoration... 0.006876s.
Creating food... 0.003284s.
Creating food... 0.000567s.
Creating straggler trees... 0.027350s.
Total map generation time: 0.210388s.
Total entities: 1745, Terrain entities: 1099, Textures: 11.
[KILN] in-game limit set to 45 minutes from harness.json
[HARNESS] brennus: loaded for player 1
GAME STARTED, ALL INIT COMPLETE
[HUNT] t=0.00m target gaia/fauna_chicken collect at 605,452 dist=39
[HARNESS] t=0.00m placement angle=135.0°
[HARNESS] t=0.0m phase=phase_village
[HARNESS] t=0m pop=9/20 idle=9 starved=0 gatherers food=0 wood=0 stone=0 metal=0 houses=0 fields=0 town=0 techs=0/10 rates wood=- grain=- fruit=- stone=- metal=- foodmix fruit=0 grain=0 meat=0 dist wood=-m grain=-m fruit=-m founds=0 failedSpots=0 fruitStock=600 enemyArmy=5 siege=0 enemyNear=515m army=0 gar=0 demob=0 terr=- stock 300/300/300/300
Turn 0 (200)...
Turn 1 (200)...
Turn 2 (200)...
Turn 3 (200)...
Turn 4 (200)...
[HARNESS] t=0.0m farmstead at 626,482 for fruit 614,474 (4 underserved)
Turn 5 (200)...
Turn 6 (200)...
Turn 7 (200)...
Turn 8 (200)...
Turn 9 (200)...
[HARNESS] t=0.0m storehouse at 635,504 for wood 630,495 (2 underserved + 2 frontier, mass 1000)
Turn 10 (200)...
Turn 11 (200)...
Turn 12 (200)...
Turn 13 (200)...
Turn 14 (200)...
[HUNT] t=0.05m adopted carcass resource|gaia/fauna_chicken at 605,452 mode=collect dropDist=36
[HUNT] t=0.05m carcass resource|gaia/fauna_chicken at 605,452 mode=collect inTerr=true dropDist=36
[HARNESS] t=0.1m rush-building storehouse at 635,504 (8 wood choppers)
Turn 15 (200)...
Turn 16 (200)...
Turn 17 (200)...
Turn 18 (200)...
Turn 19 (200)...
[HARNESS] t=0.1m rush-building storehouse at 635,504 (8 wood choppers)
Turn 20 (200)...
Turn 21 (200)...
Turn 22 (200)...
Turn 23 (200)...
Turn 24 (200)...
[HARNESS] t=0.1m rush-building storehouse at 635,504 (8 wood choppers)
Turn 25 (200)...
Turn 26 (200)...
Turn 27 (200)...
Turn 28 (200)...
Turn 29 (200)...
[HARNESS] t=0.1m rush-building storehouse at 635,504 (8 wood choppers)
Turn 30 (200)...
Turn 31 (200)...
Turn 32 (200)...
Turn 33 (200)...
Turn 34 (200)...
[HARNESS] t=0.1m rush-building storehouse at 635,504 (8 wood choppers)
Turn 35 (200)...
Turn 36 (200)...
Turn 37 (200)...
Turn 38 (200)...
Turn 39 (200)...
[HARNESS] t=0.1m rush-building storehouse at 635,504 (8 wood choppers)
Turn 40 (200)...
Turn 41 (200)...
Turn 42 (200)...
Turn 43 (200)...
Turn 44 (200)...
[HARNESS] t=0.2m rush-building storehouse at 635,504 (8 wood choppers)
Turn 45 (200)...
Turn 46 (200)...
Turn 47 (200)...
Turn 48 (200)...
Turn 49 (200)...
[HARNESS] t=0.2m rush-building storehouse at 635,504 (8 wood choppers)
Turn 50 (200)...
Turn 51 (200)...
Turn 52 (200)...
Turn 53 (200)...
Turn 54 (200)...
[HARNESS] t=0.2m rush-building storehouse at 635,504 (8 wood choppers)
Turn 55 (200)...
Turn 56 (200)...
Turn 57 (200)...
Turn 58 (200)...
Turn 59 (200)...
[HARNESS] t=0.2m rush-building storehouse at 635,504 (8 wood choppers)
Turn 60 (200)...
Turn 61 (200)...
Turn 62 (200)...
Turn 63 (200)...
Turn 64 (200)...
[HARNESS] t=0.2m rush-building storehouse at 635,504 (8 wood choppers)
Turn 65 (200)...
Turn 66 (200)...
Turn 67 (200)...
Turn 68 (200)...
Turn 69 (200)...
[HARNESS] t=0.2m rush-building storehouse at 635,504 (8 wood choppers)
Turn 70 (200)...
Turn 71 (200)...
Turn 72 (200)...
Turn 73 (200)...
Turn 74 (200)...
[HUNT] t=0.25m target gaia/fauna_deer collect at 486,255 dist=253
[HARNESS] t=0.3m rush-building storehouse at 635,504 (8 wood choppers)
Turn 75 (200)...
Turn 76 (200)...
Turn 77 (200)...
Turn 78 (200)...
Turn 79 (200)...
[HARNESS] t=0.3m rush-building storehouse at 635,504 (8 wood choppers)
Turn 80 (200)...
Turn 81 (200)...
Turn 82 (200)...
Turn 83 (200)...
Turn 84 (200)...
[HARNESS] t=0.3m rush-building storehouse at 635,504 (8 wood choppers)
Turn 85 (200)...
Turn 86 (200)...
Turn 87 (200)...
Turn 88 (200)...
Turn 89 (200)...
[HARNESS] t=0.3m rush-building storehouse at 635,504 (8 wood choppers)
Turn 90 (200)...
Turn 91 (200)...
Turn 92 (200)...
Turn 93 (200)...
Turn 94 (200)...
Turn 95 (200)...
Turn 96 (200)...
Turn 97 (200)...
Turn 98 (200)...
Turn 99 (200)...
Turn 100 (200)...
Turn 101 (200)...
Turn 102 (200)...
Turn 103 (200)...
Turn 104 (200)...
Turn 105 (200)...
Turn 106 (200)...
Turn 107 (200)...
Turn 108 (200)...
Turn 109 (200)...
Turn 110 (200)...
Turn 111 (200)...
Turn 112 (200)...
Turn 113 (200)...
Turn 114 (200)...
Turn 115 (200)...
Turn 116 (200)...
Turn 117 (200)...
Turn 118 (200)...
Turn 119 (200)...
Turn 120 (200)...
Turn 121 (200)...
Turn 122 (200)...
Turn 123 (200)...
Turn 124 (200)...
Turn 125 (200)...
Turn 126 (200)...
Turn 127 (200)...
Turn 128 (200)...
Turn 129 (200)...
Turn 130 (200)...
Turn 131 (200)...
Turn 132 (200)...
Turn 133 (200)...
Turn 134 (200)...
Turn 135 (200)...
Turn 136 (200)...
Turn 137 (200)...
Turn 138 (200)...
Turn 139 (200)...
Turn 140 (200)...
Turn 141 (200)...
Turn 142 (200)...
Turn 143 (200)...
Turn 144 (200)...
Turn 145 (200)...
Turn 146 (200)...
Turn 147 (200)...
Turn 148 (200)...
Turn 149 (200)...
Turn 150 (200)...
Turn 151 (200)...
Turn 152 (200)...
Turn 153 (200)...
Turn 154 (200)...
[HUNT] t=0.52m adopted carcass resource|gaia/fauna_deer at 496,253 mode=collect dropDist=176
[HUNT] t=0.52m carcass resource|gaia/fauna_deer at 496,253 mode=collect inTerr=false dropDist=176
Turn 155 (200)...
Turn 156 (200)...
Turn 157 (200)...
Turn 158 (200)...
Turn 159 (200)...
Turn 160 (200)...
Turn 161 (200)...
Turn 162 (200)...
Turn 163 (200)...
Turn 164 (200)...
Turn 165 (200)...
Turn 166 (200)...
Turn 167 (200)...
Turn 168 (200)...
Turn 169 (200)...
Turn 170 (200)...
Turn 171 (200)...
Turn 172 (200)...
Turn 173 (200)...
Turn 174 (200)...
Turn 175 (200)...
Turn 176 (200)...
Turn 177 (200)...
Turn 178 (200)...
Turn 179 (200)...
Turn 180 (200)...
Turn 181 (200)...
Turn 182 (200)...
Turn 183 (200)...
Turn 184 (200)...
Turn 185 (200)...
Turn 186 (200)...
Turn 187 (200)...
Turn 188 (200)...
Turn 189 (200)...
Turn 190 (200)...
Turn 191 (200)...
Turn 192 (200)...
Turn 193 (200)...
Turn 194 (200)...
Turn 195 (200)...
Turn 196 (200)...
Turn 197 (200)...
Turn 198 (200)...
Turn 199 (200)...
Turn 200 (200)...
Turn 201 (200)...
Turn 202 (200)...
Turn 203 (200)...
Turn 204 (200)...
Turn 205 (200)...
Turn 206 (200)...
Turn 207 (200)...
Turn 208 (200)...
Turn 209 (200)...
Turn 210 (200)...
Turn 211 (200)...
Turn 212 (200)...
Turn 213 (200)...
Turn 214 (200)...
Turn 215 (200)...
Turn 216 (200)...
Turn 217 (200)...
Turn 218 (200)...
Turn 219 (200)...
Turn 220 (200)...
Turn 221 (200)...
Turn 222 (200)...
Turn 223 (200)...
Turn 224 (200)...
Turn 225 (200)...
Turn 226 (200)...
Turn 227 (200)...
Turn 228 (200)...
Turn 229 (200)...
Turn 230 (200)...
Turn 231 (200)...
Turn 232 (200)...
Turn 233 (200)...
Turn 234 (200)...
Turn 235 (200)...
Turn 236 (200)...
Turn 237 (200)...
Turn 238 (200)...
Turn 239 (200)...
Turn 240 (200)...
Turn 241 (200)...
Turn 242 (200)...
Turn 243 (200)...
Turn 244 (200)...
Turn 245 (200)...
Turn 246 (200)...
Turn 247 (200)...
Turn 248 (200)...
Turn 249 (200)...
Turn 250 (200)...
Turn 251 (200)...
Turn 252 (200)...
Turn 253 (200)...
Turn 254 (200)...
Turn 255 (200)...
Turn 256 (200)...
Turn 257 (200)...
Turn 258 (200)...
Turn 259 (200)...
Turn 260 (200)...
Turn 261 (200)...
Turn 262 (200)...
Turn 263 (200)...
Turn 264 (200)...
Turn 265 (200)...
Turn 266 (200)...
Turn 267 (200)...
Turn 268 (200)...
Turn 269 (200)...
Turn 270 (200)...
Turn 271 (200)...
Turn 272 (200)...
Turn 273 (200)...
Turn 274 (200)...
Turn 275 (200)...
Turn 276 (200)...
Turn 277 (200)...
Turn 278 (200)...
Turn 279 (200)...
Turn 280 (200)...
Turn 281 (200)...
Turn 282 (200)...
Turn 283 (200)...
Turn 284 (200)...
Turn 285 (200)...
Turn 286 (200)...
Turn 287 (200)...
Turn 288 (200)...
Turn 289 (200)...
Turn 290 (200)...
Turn 291 (200)...
Turn 292 (200)...
Turn 293 (200)...
Turn 294 (200)...
Turn 295 (200)...
Turn 296 (200)...
Turn 297 (200)...
Turn 298 (200)...
Turn 299 (200)...
Turn 300 (200)...
Turn 301 (200)...
Turn 302 (200)...
Turn 303 (200)...
Turn 304 (200)...
Turn 305 (200)...
Turn 306 (200)...
Turn 307 (200)...
Turn 308 (200)...
Turn 309 (200)...
Turn 310 (200)...
Turn 311 (200)...
Turn 312 (200)...
Turn 313 (200)...
Turn 314 (200)...
Turn 315 (200)...
Turn 316 (200)...
Turn 317 (200)...
Turn 318 (200)...
Turn 319 (200)...
Turn 320 (200)...
Turn 321 (200)...
Turn 322 (200)...
Turn 323 (200)...
Turn 324 (200)...
Turn 325 (200)...
Turn 326 (200)...
Turn 327 (200)...
Turn 328 (200)...
Turn 329 (200)...
Turn 330 (200)...
Turn 331 (200)...
Turn 332 (200)...
Turn 333 (200)...
Turn 334 (200)...
Turn 335 (200)...
Turn 336 (200)...
Turn 337 (200)...
Turn 338 (200)...
Turn 339 (200)...
Turn 340 (200)...
Turn 341 (200)...
Turn 342 (200)...
Turn 343 (200)...
Turn 344 (200)...
Turn 345 (200)...
Turn 346 (200)...
Turn 347 (200)...
Turn 348 (200)...
Turn 349 (200)...
Turn 350 (200)...
Turn 351 (200)...
Turn 352 (200)...
Turn 353 (200)...
Turn 354 (200)...
Turn 355 (200)...
Turn 356 (200)...
Turn 357 (200)...
Turn 358 (200)...
Turn 359 (200)...
Turn 360 (200)...
Turn 361 (200)...
Turn 362 (200)...
Turn 363 (200)...
Turn 364 (200)...
Turn 365 (200)...
Turn 366 (200)...
Turn 367 (200)...
Turn 368 (200)...
Turn 369 (200)...
Turn 370 (200)...
Turn 371 (200)...
Turn 372 (200)...
Turn 373 (200)...
Turn 374 (200)...
Turn 375 (200)...
Turn 376 (200)...
Turn 377 (200)...
Turn 378 (200)...
Turn 379 (200)...
Turn 380 (200)...
Turn 381 (200)...
Turn 382 (200)...
Turn 383 (200)...
Turn 384 (200)...
Turn 385 (200)...
Turn 386 (200)...
Turn 387 (200)...
Turn 388 (200)...
Turn 389 (200)...
Turn 390 (200)...
Turn 391 (200)...
Turn 392 (200)...
Turn 393 (200)...
Turn 394 (200)...
Turn 395 (200)...
Turn 396 (200)...
Turn 397 (200)...
Turn 398 (200)...
Turn 399 (200)...
Turn 400 (200)...
Turn 401 (200)...
Turn 402 (200)...
Turn 403 (200)...
Turn 404 (200)...
Turn 405 (200)...
Turn 406 (200)...
Turn 407 (200)...
Turn 408 (200)...
Turn 409 (200)...
Turn 410 (200)...
Turn 411 (200)...
Turn 412 (200)...
Turn 413 (200)...
Turn 414 (200)...
Turn 415 (200)...
Turn 416 (200)...
Turn 417 (200)...
Turn 418 (200)...
Turn 419 (200)...
Turn 420 (200)...
Turn 421 (200)...
Turn 422 (200)...
Turn 423 (200)...
Turn 424 (200)...
Turn 425 (200)...
Turn 426 (200)...
Turn 427 (200)...
Turn 428 (200)...
Turn 429 (200)...
Turn 430 (200)...
Turn 431 (200)...
Turn 432 (200)...
Turn 433 (200)...
Turn 434 (200)...
Turn 435 (200)...
Turn 436 (200)...
Turn 437 (200)...
Turn 438 (200)...
Turn 439 (200)...
Turn 440 (200)...
Turn 441 (200)...
Turn 442 (200)...
Turn 443 (200)...
Turn 444 (200)...
Turn 445 (200)...
Turn 446 (200)...
Turn 447 (200)...
Turn 448 (200)...
Turn 449 (200)...
Turn 450 (200)...
Turn 451 (200)...
Turn 452 (200)...
Turn 453 (200)...
Turn 454 (200)...
Turn 455 (200)...
Turn 456 (200)...
Turn 457 (200)...
Turn 458 (200)...
Turn 459 (200)...
Turn 460 (200)...
Turn 461 (200)...
Turn 462 (200)...
Turn 463 (200)...
Turn 464 (200)...
Turn 465 (200)...
Turn 466 (200)...
Turn 467 (200)...
Turn 468 (200)...
Turn 469 (200)...
Turn 470 (200)...
Turn 471 (200)...
Turn 472 (200)...
Turn 473 (200)...
Turn 474 (200)...
Turn 475 (200)...
Turn 476 (200)...
Turn 477 (200)...
Turn 478 (200)...
Turn 479 (200)...
Turn 480 (200)...
Turn 481 (200)...
Turn 482 (200)...
Turn 483 (200)...
Turn 484 (200)...
Turn 485 (200)...
Turn 486 (200)...
Turn 487 (200)...
Turn 488 (200)...
Turn 489 (200)...
Turn 490 (200)...
Turn 491 (200)...
Turn 492 (200)...
Turn 493 (200)...
Turn 494 (200)...
Turn 495 (200)...
Turn 496 (200)...
Turn 497 (200)...
Turn 498 (200)...
Turn 499 (200)...
Turn 500 (200)...
Turn 501 (200)...
Turn 502 (200)...
Turn 503 (200)...
Turn 504 (200)...
Turn 505 (200)...
Turn 506 (200)...
Turn 507 (200)...
Turn 508 (200)...
Turn 509 (200)...
Turn 510 (200)...
Turn 511 (200)...
Turn 512 (200)...
Turn 513 (200)...
Turn 514 (200)...
Turn 515 (200)...
Turn 516 (200)...
Turn 517 (200)...
Turn 518 (200)...
Turn 519 (200)...
Turn 520 (200)...
Turn 521 (200)...
Turn 522 (200)...
Turn 523 (200)...
Turn 524 (200)...
Turn 525 (200)...
Turn 526 (200)...
Turn 527 (200)...
Turn 528 (200)...
Turn 529 (200)...
Turn 530 (200)...
Turn 531 (200)...
Turn 532 (200)...
Turn 533 (200)...
Turn 534 (200)...
Turn 535 (200)...
Turn 536 (200)...
Turn 537 (200)...
Turn 538 (200)...
Turn 539 (200)...
Turn 540 (200)...
Turn 541 (200)...
Turn 542 (200)...
Turn 543 (200)...
Turn 544 (200)...
Turn 545 (200)...
Turn 546 (200)...
Turn 547 (200)...
Turn 548 (200)...
Turn 549 (200)...
Turn 550 (200)...
Turn 551 (200)...
Turn 552 (200)...
Turn 553 (200)...
Turn 554 (200)...
Turn 555 (200)...
Turn 556 (200)...
Turn 557 (200)...
Turn 558 (200)...
Turn 559 (200)...
Turn 560 (200)...
Turn 561 (200)...
Turn 562 (200)...
Turn 563 (200)...
Turn 564 (200)...
Turn 565 (200)...
Turn 566 (200)...
Turn 567 (200)...
Turn 568 (200)...
Turn 569 (200)...
Turn 570 (200)...
Turn 571 (200)...
Turn 572 (200)...
Turn 573 (200)...
Turn 574 (200)...
Turn 575 (200)...
Turn 576 (200)...
Turn 577 (200)...
Turn 578 (200)...
Turn 579 (200)...
Turn 580 (200)...
Turn 581 (200)...
Turn 582 (200)...
Turn 583 (200)...
Turn 584 (200)...
Turn 585 (200)...
Turn 586 (200)...
Turn 587 (200)...
Turn 588 (200)...
Turn 589 (200)...
Turn 590 (200)...
Turn 591 (200)...
Turn 592 (200)...
Turn 593 (200)...
Turn 594 (200)...
Turn 595 (200)...
Turn 596 (200)...
Turn 597 (200)...
Turn 598 (200)...
Turn 599 (200)...
Turn 600 (200)...
Turn 601 (200)...
Turn 602 (200)...
Turn 603 (200)...
Turn 604 (200)...
Turn 605 (200)...
Turn 606 (200)...
Turn 607 (200)...
Turn 608 (200)...
Turn 609 (200)...
Turn 610 (200)...
Turn 611 (200)...
Turn 612 (200)...
Turn 613 (200)...
Turn 614 (200)...
Turn 615 (200)...
Turn 616 (200)...
Turn 617 (200)...
Turn 618 (200)...
Turn 619 (200)...
Turn 620 (200)...
Turn 621 (200)...
Turn 622 (200)...
Turn 623 (200)...
Turn 624 (200)...
Turn 625 (200)...
Turn 626 (200)...
Turn 627 (200)...
Turn 628 (200)...
Turn 629 (200)...
Turn 630 (200)...
Turn 631 (200)...
Turn 632 (200)...
Turn 633 (200)...
Turn 634 (200)...
Turn 635 (200)...
Turn 636 (200)...
Turn 637 (200)...
Turn 638 (200)...
Turn 639 (200)...
Turn 640 (200)...
Turn 641 (200)...
Turn 642 (200)...
Turn 643 (200)...
Turn 644 (200)...
Turn 645 (200)...
Turn 646 (200)...
Turn 647 (200)...
Turn 648 (200)...
Turn 649 (200)...
Turn 650 (200)...
Turn 651 (200)...
Turn 652 (200)...
Turn 653 (200)...
Turn 654 (200)...
Turn 655 (200)...
Turn 656 (200)...
Turn 657 (200)...
Turn 658 (200)...
Turn 659 (200)...
Turn 660 (200)...
Turn 661 (200)...
Turn 662 (200)...
Turn 663 (200)...
Turn 664 (200)...
Turn 665 (200)...
Turn 666 (200)...
Turn 667 (200)...
Turn 668 (200)...
Turn 669 (200)...
Turn 670 (200)...
Turn 671 (200)...
Turn 672 (200)...
Turn 673 (200)...
Turn 674 (200)...
Turn 675 (200)...
Turn 676 (200)...
Turn 677 (200)...
Turn 678 (200)...
Turn 679 (200)...
Turn 680 (200)...
Turn 681 (200)...
Turn 682 (200)...
Turn 683 (200)...
Turn 684 (200)...
Turn 685 (200)...
Turn 686 (200)...
Turn 687 (200)...
Turn 688 (200)...
Turn 689 (200)...
Turn 690 (200)...
Turn 691 (200)...
Turn 692 (200)...
Turn 693 (200)...
Turn 694 (200)...
Turn 695 (200)...
Turn 696 (200)...
Turn 697 (200)...
Turn 698 (200)...
Turn 699 (200)...
Turn 700 (200)...
Turn 701 (200)...
Turn 702 (200)...
Turn 703 (200)...
Turn 704 (200)...
Turn 705 (200)...
Turn 706 (200)...
Turn 707 (200)...
Turn 708 (200)...
Turn 709 (200)...
Turn 710 (200)...
Turn 711 (200)...
Turn 712 (200)...
Turn 713 (200)...
Turn 714 (200)...
Turn 715 (200)...
Turn 716 (200)...
Turn 717 (200)...
Turn 718 (200)...
Turn 719 (200)...
Turn 720 (200)...
Turn 721 (200)...
Turn 722 (200)...
Turn 723 (200)...
Turn 724 (200)...
Turn 725 (200)...
Turn 726 (200)...
Turn 727 (200)...
Turn 728 (200)...
Turn 729 (200)...
Turn 730 (200)...
Turn 731 (200)...
Turn 732 (200)...
Turn 733 (200)...
Turn 734 (200)...
Turn 735 (200)...
Turn 736 (200)...
Turn 737 (200)...
Turn 738 (200)...
Turn 739 (200)...
Turn 740 (200)...
Turn 741 (200)...
Turn 742 (200)...
Turn 743 (200)...
Turn 744 (200)...
Turn 745 (200)...
Turn 746 (200)...
Turn 747 (200)...
Turn 748 (200)...
Turn 749 (200)...
[HARNESS] t=3m pop=19/30 idle=0 starved=0 gatherers food=10 wood=8 stone=0 metal=0 houses=2 fields=0 town=0 techs=0/10 rates wood=81% grain=- fruit=80% stone=- metal=- foodmix fruit=658 grain=0 meat=100 dist wood=8m grain=-m fruit=8m founds=0 failedSpots=0 fruitStock=1721 enemyArmy=7 siege=0 enemyNear=414m army=0 gar=0 demob=0 terr=- stock 620/250/300/300
Turn 750 (200)...
Turn 751 (200)...
Turn 752 (200)...
Turn 753 (200)...
Turn 754 (200)...
Turn 755 (200)...
Turn 756 (200)...
Turn 757 (200)...
Turn 758 (200)...
Turn 759 (200)...
Turn 760 (200)...
Turn 761 (200)...
Turn 762 (200)...
Turn 763 (200)...
Turn 764 (200)...
Turn 765 (200)...
Turn 766 (200)...
Turn 767 (200)...
Turn 768 (200)...
Turn 769 (200)...
Turn 770 (200)...
Turn 771 (200)...
Turn 772 (200)...
Turn 773 (200)...
Turn 774 (200)...
Turn 775 (200)...
Turn 776 (200)...
Turn 777 (200)...
Turn 778 (200)...
Turn 779 (200)...
Turn 780 (200)...
Turn 781 (200)...
Turn 782 (200)...
Turn 783 (200)...
Turn 784 (200)...
[HUNT] t=2.62m target gaia/fauna_chicken collect at 638,416 dist=37
Turn 785 (200)...
Turn 786 (200)...
Turn 787 (200)...
Turn 788 (200)...
Turn 789 (200)...
Turn 790 (200)...
Turn 791 (200)...
Turn 792 (200)...
Turn 793 (200)...
Turn 794 (200)...
Turn 795 (200)...
Turn 796 (200)...
Turn 797 (200)...
Turn 798 (200)...
Turn 799 (200)...
Turn 800 (200)...
Turn 801 (200)...
Turn 802 (200)...
Turn 803 (200)...
Turn 804 (200)...
Turn 805 (200)...
Turn 806 (200)...
Turn 807 (200)...
Turn 808 (200)...
Turn 809 (200)...
Turn 810 (200)...
Turn 811 (200)...
Turn 812 (200)...
Turn 813 (200)...
Turn 814 (200)...
Turn 815 (200)...
Turn 816 (200)...
Turn 817 (200)...
Turn 818 (200)...
Turn 819 (200)...
Turn 820 (200)...
Turn 821 (200)...
Turn 822 (200)...
Turn 823 (200)...
Turn 824 (200)...
Turn 825 (200)...
Turn 826 (200)...
Turn 827 (200)...
Turn 828 (200)...
Turn 829 (200)...
Turn 830 (200)...
Turn 831 (200)...
Turn 832 (200)...
Turn 833 (200)...
Turn 834 (200)...
Turn 835 (200)...
Turn 836 (200)...
Turn 837 (200)...
Turn 838 (200)...
Turn 839 (200)...
Turn 840 (200)...
Turn 841 (200)...
Turn 842 (200)...
Turn 843 (200)...
Turn 844 (200)...
Turn 845 (200)...
Turn 846 (200)...
Turn 847 (200)...
Turn 848 (200)...
Turn 849 (200)...
Turn 850 (200)...
Turn 851 (200)...
Turn 852 (200)...
Turn 853 (200)...
Turn 854 (200)...
Turn 855 (200)...
Turn 856 (200)...
Turn 857 (200)...
Turn 858 (200)...
Turn 859 (200)...
Turn 860 (200)...
Turn 861 (200)...
Turn 862 (200)...
Turn 863 (200)...
Turn 864 (200)...
[HUNT] t=2.89m adopted carcass resource|gaia/fauna_chicken at 637,417 mode=collect dropDist=35
[HUNT] t=2.89m carcass resource|gaia/fauna_chicken at 637,417 mode=collect inTerr=true dropDist=35
Turn 865 (200)...
Turn 866 (200)...
Turn 867 (200)...
Turn 868 (200)...
Turn 869 (200)...
Turn 870 (200)...
Turn 871 (200)...
Turn 872 (200)...
Turn 873 (200)...
Turn 874 (200)...
Turn 875 (200)...
Turn 876 (200)...
Turn 877 (200)...
Turn 878 (200)...
Turn 879 (200)...
Turn 880 (200)...
Turn 881 (200)...
Turn 882 (200)...
Turn 883 (200)...
Turn 884 (200)...
Turn 885 (200)...
Turn 886 (200)...
Turn 887 (200)...
Turn 888 (200)...
Turn 889 (200)...
Turn 890 (200)...
Turn 891 (200)...
Turn 892 (200)...
Turn 893 (200)...
Turn 894 (200)...
Turn 895 (200)...
Turn 896 (200)...
Turn 897 (200)...
Turn 898 (200)...
Turn 899 (200)...
Turn 900 (200)...
Turn 901 (200)...
Turn 902 (200)...
Turn 903 (200)...
Turn 904 (200)...
Turn 905 (200)...
Turn 906 (200)...
Turn 907 (200)...
Turn 908 (200)...
Turn 909 (200)...
Turn 910 (200)...
Turn 911 (200)...
Turn 912 (200)...
Turn 913 (200)...
Turn 914 (200)...
Turn 915 (200)...
Turn 916 (200)...
Turn 917 (200)...
Turn 918 (200)...
Turn 919 (200)...
Turn 920 (200)...
Turn 921 (200)...
Turn 922 (200)...
Turn 923 (200)...
Turn 924 (200)...
[HARNESS] t=3.1m research gather_wicker_baskets
Turn 925 (200)...
Turn 926 (200)...
Turn 927 (200)...
Turn 928 (200)...
Turn 929 (200)...
[HUNT] t=3.10m target gaia/fauna_chicken collect at 608,456 dist=36
[HARNESS] t=3.1m research gather_farming_plows
Turn 930 (200)...
Turn 931 (200)...
Turn 932 (200)...
Turn 933 (200)...
Turn 934 (200)...
Turn 935 (200)...
Turn 936 (200)...
Turn 937 (200)...
Turn 938 (200)...
Turn 939 (200)...
Turn 940 (200)...
Turn 941 (200)...
Turn 942 (200)...
Turn 943 (200)...
Turn 944 (200)...
Turn 945 (200)...
Turn 946 (200)...
Turn 947 (200)...
Turn 948 (200)...
Turn 949 (200)...
[HUNT] t=3.17m adopted carcass resource|gaia/fauna_chicken at 608,456 mode=collect dropDist=31
[HUNT] t=3.17m carcass resource|gaia/fauna_chicken at 608,456 mode=collect inTerr=true dropDist=31
Turn 950 (200)...
Turn 951 (200)...
Turn 952 (200)...
Turn 953 (200)...
Turn 954 (200)...
Turn 955 (200)...
Turn 956 (200)...
Turn 957 (200)...
Turn 958 (200)...
Turn 959 (200)...
Turn 960 (200)...
Turn 961 (200)...
Turn 962 (200)...
Turn 963 (200)...
Turn 964 (200)...
Turn 965 (200)...
Turn 966 (200)...
Turn 967 (200)...
Turn 968 (200)...
Turn 969 (200)...
Turn 970 (200)...
Turn 971 (200)...
Turn 972 (200)...
Turn 973 (200)...
Turn 974 (200)...
Turn 975 (200)...
Turn 976 (200)...
Turn 977 (200)...
Turn 978 (200)...
Turn 979 (200)...
Turn 980 (200)...
Turn 981 (200)...
Turn 982 (200)...
Turn 983 (200)...
Turn 984 (200)...
Turn 985 (200)...
Turn 986 (200)...
Turn 987 (200)...
Turn 988 (200)...
Turn 989 (200)...
Turn 990 (200)...
Turn 991 (200)...
Turn 992 (200)...
Turn 993 (200)...
Turn 994 (200)...
Turn 995 (200)...
Turn 996 (200)...
Turn 997 (200)...
Turn 998 (200)...
Turn 999 (200)...
Turn 1000 (200)...
Turn 1001 (200)...
Turn 1002 (200)...
Turn 1003 (200)...
Turn 1004 (200)...
Turn 1005 (200)...
Turn 1006 (200)...
Turn 1007 (200)...
Turn 1008 (200)...
Turn 1009 (200)...
Turn 1010 (200)...
Turn 1011 (200)...
Turn 1012 (200)...
Turn 1013 (200)...
Turn 1014 (200)...
[HUNT] t=3.39m target gaia/fauna_chicken collect at 607,449 dist=37
Turn 1015 (200)...
Turn 1016 (200)...
Turn 1017 (200)...
Turn 1018 (200)...
Turn 1019 (200)...
Turn 1020 (200)...
Turn 1021 (200)...
Turn 1022 (200)...
Turn 1023 (200)...
Turn 1024 (200)...
[HUNT] t=3.42m adopted carcass resource|gaia/fauna_chicken at 607,449 mode=collect dropDist=37
[HUNT] t=3.42m carcass resource|gaia/fauna_chicken at 607,449 mode=collect inTerr=true dropDist=37
Turn 1025 (200)...
Turn 1026 (200)...
Turn 1027 (200)...
Turn 1028 (200)...
Turn 1029 (200)...
Turn 1030 (200)...
Turn 1031 (200)...
Turn 1032 (200)...
Turn 1033 (200)...
Turn 1034 (200)...
Turn 1035 (200)...
Turn 1036 (200)...
Turn 1037 (200)...
Turn 1038 (200)...
Turn 1039 (200)...
Turn 1040 (200)...
Turn 1041 (200)...
Turn 1042 (200)...
Turn 1043 (200)...
Turn 1044 (200)...
Turn 1045 (200)...
Turn 1046 (200)...
Turn 1047 (200)...
Turn 1048 (200)...
Turn 1049 (200)...
Turn 1050 (200)...
Turn 1051 (200)...
Turn 1052 (200)...
Turn 1053 (200)...
Turn 1054 (200)...
Turn 1055 (200)...
Turn 1056 (200)...
Turn 1057 (200)...
Turn 1058 (200)...
Turn 1059 (200)...
Turn 1060 (200)...
Turn 1061 (200)...
Turn 1062 (200)...
Turn 1063 (200)...
Turn 1064 (200)...
Turn 1065 (200)...
Turn 1066 (200)...
Turn 1067 (200)...
Turn 1068 (200)...
Turn 1069 (200)...
Turn 1070 (200)...
Turn 1071 (200)...
Turn 1072 (200)...
Turn 1073 (200)...
Turn 1074 (200)...
Turn 1075 (200)...
Turn 1076 (200)...
Turn 1077 (200)...
Turn 1078 (200)...
Turn 1079 (200)...
Turn 1080 (200)...
Turn 1081 (200)...
Turn 1082 (200)...
Turn 1083 (200)...
Turn 1084 (200)...
Turn 1085 (200)...
Turn 1086 (200)...
Turn 1087 (200)...
Turn 1088 (200)...
Turn 1089 (200)...
Turn 1090 (200)...
Turn 1091 (200)...
Turn 1092 (200)...
Turn 1093 (200)...
Turn 1094 (200)...
[HUNT] t=3.65m target gaia/fauna_deer collect at 477,269 dist=247
Turn 1095 (200)...
Turn 1096 (200)...
Turn 1097 (200)...
Turn 1098 (200)...
Turn 1099 (200)...
Turn 1100 (200)...
Turn 1101 (200)...
Turn 1102 (200)...
Turn 1103 (200)...
Turn 1104 (200)...
Turn 1105 (200)...
Turn 1106 (200)...
Turn 1107 (200)...
Turn 1108 (200)...
Turn 1109 (200)...
Turn 1110 (200)...
Turn 1111 (200)...
Turn 1112 (200)...
Turn 1113 (200)...
Turn 1114 (200)...
Turn 1115 (200)...
Turn 1116 (200)...
Turn 1117 (200)...
Turn 1118 (200)...
Turn 1119 (200)...
Turn 1120 (200)...
Turn 1121 (200)...
Turn 1122 (200)...
Turn 1123 (200)...
Turn 1124 (200)...
Turn 1125 (200)...
Turn 1126 (200)...
Turn 1127 (200)...
Turn 1128 (200)...
Turn 1129 (200)...
Turn 1130 (200)...
Turn 1131 (200)...
Turn 1132 (200)...
Turn 1133 (200)...
Turn 1134 (200)...
Turn 1135 (200)...
Turn 1136 (200)...
Turn 1137 (200)...
Turn 1138 (200)...
Turn 1139 (200)...
Turn 1140 (200)...
Turn 1141 (200)...
Turn 1142 (200)...
Turn 1143 (200)...
Turn 1144 (200)...
Turn 1145 (200)...
Turn 1146 (200)...
Turn 1147 (200)...
Turn 1148 (200)...
Turn 1149 (200)...
Turn 1150 (200)...
Turn 1151 (200)...
Turn 1152 (200)...
Turn 1153 (200)...
Turn 1154 (200)...
Turn 1155 (200)...
Turn 1156 (200)...
Turn 1157 (200)...
Turn 1158 (200)...
Turn 1159 (200)...
Turn 1160 (200)...
Turn 1161 (200)...
Turn 1162 (200)...
Turn 1163 (200)...
Turn 1164 (200)...
Turn 1165 (200)...
Turn 1166 (200)...
Turn 1167 (200)...
Turn 1168 (200)...
Turn 1169 (200)...
Turn 1170 (200)...
Turn 1171 (200)...
Turn 1172 (200)...
Turn 1173 (200)...
Turn 1174 (200)...
Turn 1175 (200)...
Turn 1176 (200)...
Turn 1177 (200)...
Turn 1178 (200)...
Turn 1179 (200)...
Turn 1180 (200)...
Turn 1181 (200)...
Turn 1182 (200)...
Turn 1183 (200)...
Turn 1184 (200)...
Turn 1185 (200)...
Turn 1186 (200)...
Turn 1187 (200)...
Turn 1188 (200)...
Turn 1189 (200)...
Turn 1190 (200)...
Turn 1191 (200)...
Turn 1192 (200)...
Turn 1193 (200)...
Turn 1194 (200)...
Turn 1195 (200)...
Turn 1196 (200)...
Turn 1197 (200)...
Turn 1198 (200)...
Turn 1199 (200)...
Turn 1200 (200)...
Turn 1201 (200)...
Turn 1202 (200)...
Turn 1203 (200)...
Turn 1204 (200)...
Turn 1205 (200)...
Turn 1206 (200)...
Turn 1207 (200)...
Turn 1208 (200)...
Turn 1209 (200)...
Turn 1210 (200)...
Turn 1211 (200)...
Turn 1212 (200)...
Turn 1213 (200)...
Turn 1214 (200)...
Turn 1215 (200)...
Turn 1216 (200)...
Turn 1217 (200)...
Turn 1218 (200)...
Turn 1219 (200)...
Turn 1220 (200)...
Turn 1221 (200)...
Turn 1222 (200)...
Turn 1223 (200)...
Turn 1224 (200)...
[HUNT] t=4.09m adopted carcass resource|gaia/fauna_deer at 445,224 mode=collect dropDist=236
[HUNT] t=4.09m carcass resource|gaia/fauna_deer at 445,224 mode=collect inTerr=false dropDist=236
Turn 1225 (200)...
Turn 1226 (200)...
Turn 1227 (200)...
Turn 1228 (200)...
Turn 1229 (200)...
Turn 1230 (200)...
Turn 1231 (200)...
Turn 1232 (200)...
Turn 1233 (200)...
Turn 1234 (200)...
Turn 1235 (200)...
Turn 1236 (200)...
Turn 1237 (200)...
Turn 1238 (200)...
Turn 1239 (200)...
Turn 1240 (200)...
Turn 1241 (200)...
Turn 1242 (200)...
Turn 1243 (200)...
Turn 1244 (200)...
Turn 1245 (200)...
Turn 1246 (200)...
Turn 1247 (200)...
Turn 1248 (200)...
Turn 1249 (200)...
Turn 1250 (200)...
Turn 1251 (200)...
Turn 1252 (200)...
Turn 1253 (200)...
Turn 1254 (200)...
Turn 1255 (200)...
Turn 1256 (200)...
Turn 1257 (200)...
Turn 1258 (200)...
Turn 1259 (200)...
[HARNESS] t=4.2m research unlock_civilians_house_generic
Turn 1260 (200)...
Turn 1261 (200)...
Turn 1262 (200)...
Turn 1263 (200)...
Turn 1264 (200)...
Turn 1265 (200)...
Turn 1266 (200)...
Turn 1267 (200)...
Turn 1268 (200)...
Turn 1269 (200)...
Turn 1270 (200)...
Turn 1271 (200)...
Turn 1272 (200)...
Turn 1273 (200)...
Turn 1274 (200)...
Turn 1275 (200)...
Turn 1276 (200)...
Turn 1277 (200)...
Turn 1278 (200)...
Turn 1279 (200)...
Turn 1280 (200)...
Turn 1281 (200)...
Turn 1282 (200)...
Turn 1283 (200)...
Turn 1284 (200)...
Turn 1285 (200)...
Turn 1286 (200)...
Turn 1287 (200)...
Turn 1288 (200)...
Turn 1289 (200)...
Turn 1290 (200)...
Turn 1291 (200)...
Turn 1292 (200)...
Turn 1293 (200)...
Turn 1294 (200)...
Turn 1295 (200)...
Turn 1296 (200)...
Turn 1297 (200)...
Turn 1298 (200)...
Turn 1299 (200)...
Turn 1300 (200)...
Turn 1301 (200)...
Turn 1302 (200)...
Turn 1303 (200)...
Turn 1304 (200)...
Turn 1305 (200)...
Turn 1306 (200)...
Turn 1307 (200)...
Turn 1308 (200)...
Turn 1309 (200)...
Turn 1310 (200)...
Turn 1311 (200)...
Turn 1312 (200)...
Turn 1313 (200)...
Turn 1314 (200)...
Turn 1315 (200)...
Turn 1316 (200)...
Turn 1317 (200)...
Turn 1318 (200)...
Turn 1319 (200)...
Turn 1320 (200)...
Turn 1321 (200)...
Turn 1322 (200)...
Turn 1323 (200)...
Turn 1324 (200)...
Turn 1325 (200)...
Turn 1326 (200)...
Turn 1327 (200)...
Turn 1328 (200)...
Turn 1329 (200)...
Turn 1330 (200)...
Turn 1331 (200)...
Turn 1332 (200)...
Turn 1333 (200)...
Turn 1334 (200)...
Turn 1335 (200)...
Turn 1336 (200)...
Turn 1337 (200)...
Turn 1338 (200)...
Turn 1339 (200)...
Turn 1340 (200)...
Turn 1341 (200)...
Turn 1342 (200)...
Turn 1343 (200)...
Turn 1344 (200)...
Turn 1345 (200)...
Turn 1346 (200)...
Turn 1347 (200)...
Turn 1348 (200)...
Turn 1349 (200)...
Turn 1350 (200)...
Turn 1351 (200)...
Turn 1352 (200)...
Turn 1353 (200)...
Turn 1354 (200)...
Turn 1355 (200)...
Turn 1356 (200)...
Turn 1357 (200)...
Turn 1358 (200)...
Turn 1359 (200)...
Turn 1360 (200)...
Turn 1361 (200)...
Turn 1362 (200)...
Turn 1363 (200)...
Turn 1364 (200)...
Turn 1365 (200)...
Turn 1366 (200)...
Turn 1367 (200)...
Turn 1368 (200)...
Turn 1369 (200)...
Turn 1370 (200)...
Turn 1371 (200)...
Turn 1372 (200)...
Turn 1373 (200)...
Turn 1374 (200)...
Turn 1375 (200)...
Turn 1376 (200)...
Turn 1377 (200)...
Turn 1378 (200)...
Turn 1379 (200)...
Turn 1380 (200)...
Turn 1381 (200)...
Turn 1382 (200)...
Turn 1383 (200)...
Turn 1384 (200)...
Turn 1385 (200)...
Turn 1386 (200)...
Turn 1387 (200)...
Turn 1388 (200)...
Turn 1389 (200)...
Turn 1390 (200)...
Turn 1391 (200)...
Turn 1392 (200)...
Turn 1393 (200)...
Turn 1394 (200)...
Turn 1395 (200)...
Turn 1396 (200)...
Turn 1397 (200)...
Turn 1398 (200)...
Turn 1399 (200)...
Turn 1400 (200)...
Turn 1401 (200)...
Turn 1402 (200)...
Turn 1403 (200)...
Turn 1404 (200)...
Turn 1405 (200)...
Turn 1406 (200)...
Turn 1407 (200)...
Turn 1408 (200)...
Turn 1409 (200)...
Turn 1410 (200)...
Turn 1411 (200)...
Turn 1412 (200)...
Turn 1413 (200)...
Turn 1414 (200)...
[HARNESS] t=4.7m storehouse at 664,387 for wood 655,383 (4 underserved + 4 frontier, mass 1350)
Turn 1415 (200)...
Turn 1416 (200)...
Turn 1417 (200)...
Turn 1418 (200)...
Turn 1419 (200)...
[HARNESS] t=4.7m rush-building storehouse at 664,387 (8 wood choppers)
Turn 1420 (200)...
Turn 1421 (200)...
Turn 1422 (200)...
Turn 1423 (200)...
Turn 1424 (200)...
Turn 1425 (200)...
Turn 1426 (200)...
Turn 1427 (200)...
Turn 1428 (200)...
Turn 1429 (200)...
Turn 1430 (200)...
Turn 1431 (200)...
Turn 1432 (200)...
Turn 1433 (200)...
Turn 1434 (200)...
Turn 1435 (200)...
Turn 1436 (200)...
Turn 1437 (200)...
Turn 1438 (200)...
Turn 1439 (200)...
Turn 1440 (200)...
Turn 1441 (200)...
Turn 1442 (200)...
Turn 1443 (200)...
Turn 1444 (200)...
Turn 1445 (200)...
Turn 1446 (200)...
Turn 1447 (200)...
Turn 1448 (200)...
Turn 1449 (200)...
Turn 1450 (200)...
Turn 1451 (200)...
Turn 1452 (200)...
Turn 1453 (200)...
Turn 1454 (200)...
Turn 1455 (200)...
Turn 1456 (200)...
Turn 1457 (200)...
Turn 1458 (200)...
Turn 1459 (200)...
Turn 1460 (200)...
Turn 1461 (200)...
Turn 1462 (200)...
Turn 1463 (200)...
Turn 1464 (200)...
Turn 1465 (200)...
Turn 1466 (200)...
Turn 1467 (200)...
Turn 1468 (200)...
Turn 1469 (200)...
Turn 1470 (200)...
Turn 1471 (200)...
Turn 1472 (200)...
Turn 1473 (200)...
Turn 1474 (200)...
Turn 1475 (200)...
Turn 1476 (200)...
Turn 1477 (200)...
Turn 1478 (200)...
Turn 1479 (200)...
Turn 1480 (200)...
Turn 1481 (200)...
Turn 1482 (200)...
Turn 1483 (200)...
Turn 1484 (200)...
Turn 1485 (200)...
Turn 1486 (200)...
Turn 1487 (200)...
Turn 1488 (200)...
Turn 1489 (200)...
Turn 1490 (200)...
Turn 1491 (200)...
Turn 1492 (200)...
Turn 1493 (200)...
Turn 1494 (200)...
Turn 1495 (200)...
Turn 1496 (200)...
Turn 1497 (200)...
Turn 1498 (200)...
Turn 1499 (200)...
[HARNESS] t=5m pop=44/50 idle=0 starved=0 gatherers food=21 wood=17 stone=0 metal=0 houses=6 fields=1 town=0 techs=2/10 rates wood=71% grain=- fruit=60% stone=- metal=- foodmix fruit=1356 grain=0 meat=160 dist wood=43m grain=0m fruit=7m founds=1 failedSpots=0 fruitStock=302 enemyArmy=19 siege=0 enemyNear=406m army=0 gar=0 demob=0 terr=- stock 656/90/300/100
[WARNING] t=5m lumberjacks work at mean 43m from the nearest dropsite (>40m) — wood storehouse coverage is failing
Turn 1500 (200)...
Turn 1501 (200)...
Turn 1502 (200)...
Turn 1503 (200)...
Turn 1504 (200)...
Turn 1505 (200)...
Turn 1506 (200)...
Turn 1507 (200)...
Turn 1508 (200)...
Turn 1509 (200)...
Turn 1510 (200)...
Turn 1511 (200)...
Turn 1512 (200)...
Turn 1513 (200)...
Turn 1514 (200)...
Turn 1515 (200)...
Turn 1516 (200)...
Turn 1517 (200)...
Turn 1518 (200)...
Turn 1519 (200)...
Turn 1520 (200)...
Turn 1521 (200)...
Turn 1522 (200)...
Turn 1523 (200)...
Turn 1524 (200)...
Turn 1525 (200)...
Turn 1526 (200)...
Turn 1527 (200)...
Turn 1528 (200)...
Turn 1529 (200)...
Turn 1530 (200)...
Turn 1531 (200)...
Turn 1532 (200)...
Turn 1533 (200)...
Turn 1534 (200)...
Turn 1535 (200)...
Turn 1536 (200)...
Turn 1537 (200)...
Turn 1538 (200)...
Turn 1539 (200)...
Turn 1540 (200)...
Turn 1541 (200)...
Turn 1542 (200)...
Turn 1543 (200)...
Turn 1544 (200)...
Turn 1545 (200)...
Turn 1546 (200)...
Turn 1547 (200)...
Turn 1548 (200)...
Turn 1549 (200)...
Turn 1550 (200)...
Turn 1551 (200)...
Turn 1552 (200)...
Turn 1553 (200)...
Turn 1554 (200)...
Turn 1555 (200)...
Turn 1556 (200)...
Turn 1557 (200)...
Turn 1558 (200)...
Turn 1559 (200)...
Turn 1560 (200)...
Turn 1561 (200)...
Turn 1562 (200)...
Turn 1563 (200)...
Turn 1564 (200)...
Turn 1565 (200)...
Turn 1566 (200)...
Turn 1567 (200)...
Turn 1568 (200)...
Turn 1569 (200)...
Turn 1570 (200)...
Turn 1571 (200)...
Turn 1572 (200)...
Turn 1573 (200)...
Turn 1574 (200)...
Turn 1575 (200)...
Turn 1576 (200)...
Turn 1577 (200)...
Turn 1578 (200)...
Turn 1579 (200)...
Turn 1580 (200)...
Turn 1581 (200)...
Turn 1582 (200)...
Turn 1583 (200)...
Turn 1584 (200)...
Turn 1585 (200)...
Turn 1586 (200)...
Turn 1587 (200)...
Turn 1588 (200)...
Turn 1589 (200)...
Turn 1590 (200)...
Turn 1591 (200)...
Turn 1592 (200)...
Turn 1593 (200)...
Turn 1594 (200)...
Turn 1595 (200)...
Turn 1596 (200)...
Turn 1597 (200)...
Turn 1598 (200)...
Turn 1599 (200)...
Turn 1600 (200)...
Turn 1601 (200)...
Turn 1602 (200)...
Turn 1603 (200)...
Turn 1604 (200)...
Turn 1605 (200)...
Turn 1606 (200)...
Turn 1607 (200)...
Turn 1608 (200)...
Turn 1609 (200)...
Turn 1610 (200)...
Turn 1611 (200)...
Turn 1612 (200)...
Turn 1613 (200)...
Turn 1614 (200)...
Turn 1615 (200)...
Turn 1616 (200)...
Turn 1617 (200)...
Turn 1618 (200)...
Turn 1619 (200)...
Turn 1620 (200)...
Turn 1621 (200)...
Turn 1622 (200)...
Turn 1623 (200)...
Turn 1624 (200)...
Turn 1625 (200)...
Turn 1626 (200)...
Turn 1627 (200)...
Turn 1628 (200)...
Turn 1629 (200)...
Turn 1630 (200)...
Turn 1631 (200)...
Turn 1632 (200)...
Turn 1633 (200)...
Turn 1634 (200)...
Turn 1635 (200)...
Turn 1636 (200)...
Turn 1637 (200)...
Turn 1638 (200)...
Turn 1639 (200)...
Turn 1640 (200)...
Turn 1641 (200)...
Turn 1642 (200)...
Turn 1643 (200)...
Turn 1644 (200)...
Turn 1645 (200)...
Turn 1646 (200)...
Turn 1647 (200)...
Turn 1648 (200)...
Turn 1649 (200)...
Turn 1650 (200)...
Turn 1651 (200)...
Turn 1652 (200)...
Turn 1653 (200)...
Turn 1654 (200)...
Turn 1655 (200)...
Turn 1656 (200)...
Turn 1657 (200)...
Turn 1658 (200)...
Turn 1659 (200)...
Turn 1660 (200)...
Turn 1661 (200)...
Turn 1662 (200)...
Turn 1663 (200)...
Turn 1664 (200)...
Turn 1665 (200)...
Turn 1666 (200)...
Turn 1667 (200)...
Turn 1668 (200)...
Turn 1669 (200)...
Turn 1670 (200)...
Turn 1671 (200)...
Turn 1672 (200)...
Turn 1673 (200)...
Turn 1674 (200)...
Turn 1675 (200)...
Turn 1676 (200)...
Turn 1677 (200)...
Turn 1678 (200)...
Turn 1679 (200)...
Turn 1680 (200)...
Turn 1681 (200)...
Turn 1682 (200)...
Turn 1683 (200)...
Turn 1684 (200)...
Turn 1685 (200)...
Turn 1686 (200)...
Turn 1687 (200)...
Turn 1688 (200)...
Turn 1689 (200)...
Turn 1690 (200)...
Turn 1691 (200)...
Turn 1692 (200)...
Turn 1693 (200)...
Turn 1694 (200)...
Turn 1695 (200)...
Turn 1696 (200)...
Turn 1697 (200)...
Turn 1698 (200)...
Turn 1699 (200)...
Turn 1700 (200)...
Turn 1701 (200)...
Turn 1702 (200)...
Turn 1703 (200)...
Turn 1704 (200)...
[THREAT] t=5.7m enemy army=22 siege=0 nearest=399m from home CC
Turn 1705 (200)...
Turn 1706 (200)...
Turn 1707 (200)...
Turn 1708 (200)...
Turn 1709 (200)...
Turn 1710 (200)...
Turn 1711 (200)...
Turn 1712 (200)...
Turn 1713 (200)...
Turn 1714 (200)...
Turn 1715 (200)...
Turn 1716 (200)...
Turn 1717 (200)...
Turn 1718 (200)...
Turn 1719 (200)...
Turn 1720 (200)...
Turn 1721 (200)...
Turn 1722 (200)...
Turn 1723 (200)...
Turn 1724 (200)...
Turn 1725 (200)...
Turn 1726 (200)...
Turn 1727 (200)...
Turn 1728 (200)...
Turn 1729 (200)...
Turn 1730 (200)...
Turn 1731 (200)...
Turn 1732 (200)...
Turn 1733 (200)...
Turn 1734 (200)...
Turn 1735 (200)...
Turn 1736 (200)...
Turn 1737 (200)...
Turn 1738 (200)...
Turn 1739 (200)...
Turn 1740 (200)...
Turn 1741 (200)...
Turn 1742 (200)...
Turn 1743 (200)...
Turn 1744 (200)...
Turn 1745 (200)...
Turn 1746 (200)...
Turn 1747 (200)...
Turn 1748 (200)...
Turn 1749 (200)...
Turn 1750 (200)...
Turn 1751 (200)...
Turn 1752 (200)...
Turn 1753 (200)...
Turn 1754 (200)...
Turn 1755 (200)...
Turn 1756 (200)...
Turn 1757 (200)...
Turn 1758 (200)...
Turn 1759 (200)...
Turn 1760 (200)...
Turn 1761 (200)...
Turn 1762 (200)...
Turn 1763 (200)...
Turn 1764 (200)...
Turn 1765 (200)...
Turn 1766 (200)...
Turn 1767 (200)...
Turn 1768 (200)...
Turn 1769 (200)...
Turn 1770 (200)...
Turn 1771 (200)...
Turn 1772 (200)...
Turn 1773 (200)...
Turn 1774 (200)...
[HARNESS] t=5.9m stone pull-back: pulled 1, stuck 0 (served: 0 free, band: 1, in-terr far: 0, rejected full=0 region=0 enemy=0 cant=0)
Turn 1775 (200)...
Turn 1776 (200)...
Turn 1777 (200)...
Turn 1778 (200)...
Turn 1779 (200)...
[HARNESS] t=5.9m metal pull-back: pulled 1, stuck 0 (served: 0 free, band: 1, in-terr far: 0, rejected full=0 region=0 enemy=0 cant=0)
Turn 1780 (200)...
Turn 1781 (200)...
Turn 1782 (200)...
Turn 1783 (200)...
Turn 1784 (200)...
Turn 1785 (200)...
Turn 1786 (200)...
Turn 1787 (200)...
Turn 1788 (200)...
Turn 1789 (200)...
Turn 1790 (200)...
Turn 1791 (200)...
Turn 1792 (200)...
Turn 1793 (200)...
Turn 1794 (200)...
Turn 1795 (200)...
Turn 1796 (200)...
Turn 1797 (200)...
Turn 1798 (200)...
Turn 1799 (200)...
Turn 1800 (200)...
Turn 1801 (200)...
Turn 1802 (200)...
Turn 1803 (200)...
Turn 1804 (200)...
Turn 1805 (200)...
Turn 1806 (200)...
Turn 1807 (200)...
Turn 1808 (200)...
Turn 1809 (200)...
Turn 1810 (200)...
Turn 1811 (200)...
Turn 1812 (200)...
Turn 1813 (200)...
Turn 1814 (200)...
Turn 1815 (200)...
Turn 1816 (200)...
Turn 1817 (200)...
Turn 1818 (200)...
Turn 1819 (200)...
Turn 1820 (200)...
Turn 1821 (200)...
Turn 1822 (200)...
Turn 1823 (200)...
Turn 1824 (200)...
Turn 1825 (200)...
Turn 1826 (200)...
Turn 1827 (200)...
Turn 1828 (200)...
Turn 1829 (200)...
Turn 1830 (200)...
Turn 1831 (200)...
Turn 1832 (200)...
Turn 1833 (200)...
Turn 1834 (200)...
[HARNESS] t=6.1m storehouse at 693,374 for wood 696,364 (7 underserved + 7 frontier, mass 6699)
Turn 1835 (200)...
Turn 1836 (200)...
Turn 1837 (200)...
Turn 1838 (200)...
Turn 1839 (200)...
[HARNESS] t=6.1m rush-building storehouse at 693,374 (8 wood choppers)
Turn 1840 (200)...
Turn 1841 (200)...
Turn 1842 (200)...
Turn 1843 (200)...
Turn 1844 (200)...
Turn 1845 (200)...
Turn 1846 (200)...
Turn 1847 (200)...
Turn 1848 (200)...
Turn 1849 (200)...
Turn 1850 (200)...
Turn 1851 (200)...
Turn 1852 (200)...
Turn 1853 (200)...
Turn 1854 (200)...
Turn 1855 (200)...
Turn 1856 (200)...
Turn 1857 (200)...
Turn 1858 (200)...
Turn 1859 (200)...
Turn 1860 (200)...
Turn 1861 (200)...
Turn 1862 (200)...
Turn 1863 (200)...
Turn 1864 (200)...
Turn 1865 (200)...
Turn 1866 (200)...
Turn 1867 (200)...
Turn 1868 (200)...
Turn 1869 (200)...
Turn 1870 (200)...
Turn 1871 (200)...
Turn 1872 (200)...
Turn 1873 (200)...
Turn 1874 (200)...
Turn 1875 (200)...
Turn 1876 (200)...
Turn 1877 (200)...
Turn 1878 (200)...
Turn 1879 (200)...
Turn 1880 (200)...
Turn 1881 (200)...
Turn 1882 (200)...
Turn 1883 (200)...
Turn 1884 (200)...
Turn 1885 (200)...
Turn 1886 (200)...
Turn 1887 (200)...
Turn 1888 (200)...
Turn 1889 (200)...
[HARNESS] t=6.3m storehouse at 694,485 between stone 690,466 and metal 678,490 (12 underserved)
Turn 1890 (200)...
Turn 1891 (200)...
Turn 1892 (200)...
Turn 1893 (200)...
Turn 1894 (200)...
Turn 1895 (200)...
Turn 1896 (200)...
Turn 1897 (200)...
Turn 1898 (200)...
Turn 1899 (200)...
Turn 1900 (200)...
Turn 1901 (200)...
Turn 1902 (200)...
Turn 1903 (200)...
Turn 1904 (200)...
Turn 1905 (200)...
Turn 1906 (200)...
Turn 1907 (200)...
Turn 1908 (200)...
Turn 1909 (200)...
Turn 1910 (200)...
Turn 1911 (200)...
Turn 1912 (200)...
Turn 1913 (200)...
Turn 1914 (200)...
Turn 1915 (200)...
Turn 1916 (200)...
Turn 1917 (200)...
Turn 1918 (200)...
Turn 1919 (200)...
Turn 1920 (200)...
Turn 1921 (200)...
Turn 1922 (200)...
Turn 1923 (200)...
Turn 1924 (200)...
Turn 1925 (200)...
Turn 1926 (200)...
Turn 1927 (200)...
Turn 1928 (200)...
Turn 1929 (200)...
[HARNESS] t=6.4m defense stage on (town researched)
[DEFENSE] t=6.4m demobilizing 4 soldiers to gathering
[HARNESS] t=6.4m phase=phase_town_generic
Turn 1930 (200)...
Turn 1931 (200)...
Turn 1932 (200)...
Turn 1933 (200)...
Turn 1934 (200)...
Turn 1935 (200)...
Turn 1936 (200)...
Turn 1937 (200)...
Turn 1938 (200)...
Turn 1939 (200)...
Turn 1940 (200)...
Turn 1941 (200)...
Turn 1942 (200)...
Turn 1943 (200)...
Turn 1944 (200)...
Turn 1945 (200)...
Turn 1946 (200)...
Turn 1947 (200)...
Turn 1948 (200)...
Turn 1949 (200)...
Turn 1950 (200)...
Turn 1951 (200)...
Turn 1952 (200)...
Turn 1953 (200)...
Turn 1954 (200)...
Turn 1955 (200)...
Turn 1956 (200)...
Turn 1957 (200)...
Turn 1958 (200)...
Turn 1959 (200)...
Turn 1960 (200)...
Turn 1961 (200)...
Turn 1962 (200)...
Turn 1963 (200)...
Turn 1964 (200)...
Turn 1965 (200)...
Turn 1966 (200)...
Turn 1967 (200)...
Turn 1968 (200)...
Turn 1969 (200)...
Turn 1970 (200)...
Turn 1971 (200)...
Turn 1972 (200)...
Turn 1973 (200)...
Turn 1974 (200)...
Turn 1975 (200)...
Turn 1976 (200)...
Turn 1977 (200)...
Turn 1978 (200)...
Turn 1979 (200)...
Turn 1980 (200)...
Turn 1981 (200)...
Turn 1982 (200)...
Turn 1983 (200)...
Turn 1984 (200)...
Turn 1985 (200)...
Turn 1986 (200)...
Turn 1987 (200)...
Turn 1988 (200)...
Turn 1989 (200)...
Turn 1990 (200)...
Turn 1991 (200)...
Turn 1992 (200)...
Turn 1993 (200)...
Turn 1994 (200)...
Turn 1995 (200)...
Turn 1996 (200)...
Turn 1997 (200)...
Turn 1998 (200)...
Turn 1999 (200)...
Turn 2000 (200)...
Turn 2001 (200)...
Turn 2002 (200)...
Turn 2003 (200)...
Turn 2004 (200)...
Turn 2005 (200)...
Turn 2006 (200)...
Turn 2007 (200)...
Turn 2008 (200)...
Turn 2009 (200)...
Turn 2010 (200)...
Turn 2011 (200)...
Turn 2012 (200)...
Turn 2013 (200)...
Turn 2014 (200)...
Turn 2015 (200)...
Turn 2016 (200)...
Turn 2017 (200)...
Turn 2018 (200)...
Turn 2019 (200)...
Turn 2020 (200)...
Turn 2021 (200)...
Turn 2022 (200)...
Turn 2023 (200)...
Turn 2024 (200)...
Turn 2025 (200)...
Turn 2026 (200)...
Turn 2027 (200)...
Turn 2028 (200)...
Turn 2029 (200)...
Turn 2030 (200)...
Turn 2031 (200)...
Turn 2032 (200)...
Turn 2033 (200)...
Turn 2034 (200)...
Turn 2035 (200)...
Turn 2036 (200)...
Turn 2037 (200)...
Turn 2038 (200)...
Turn 2039 (200)...
Turn 2040 (200)...
Turn 2041 (200)...
Turn 2042 (200)...
Turn 2043 (200)...
Turn 2044 (200)...
[HUNT] t=6.82m target gaia/fauna_deer collect at 476,254 dist=260
Turn 2045 (200)...
Turn 2046 (200)...
Turn 2047 (200)...
Turn 2048 (200)...
Turn 2049 (200)...
Turn 2050 (200)...
Turn 2051 (200)...
Turn 2052 (200)...
Turn 2053 (200)...
Turn 2054 (200)...
Turn 2055 (200)...
Turn 2056 (200)...
Turn 2057 (200)...
Turn 2058 (200)...
Turn 2059 (200)...
Turn 2060 (200)...
Turn 2061 (200)...
Turn 2062 (200)...
Turn 2063 (200)...
Turn 2064 (200)...
Turn 2065 (200)...
Turn 2066 (200)...
Turn 2067 (200)...
Turn 2068 (200)...
Turn 2069 (200)...
Turn 2070 (200)...
Turn 2071 (200)...
Turn 2072 (200)...
Turn 2073 (200)...
Turn 2074 (200)...
Turn 2075 (200)...
Turn 2076 (200)...
Turn 2077 (200)...
Turn 2078 (200)...
Turn 2079 (200)...
Turn 2080 (200)...
Turn 2081 (200)...
Turn 2082 (200)...
Turn 2083 (200)...
Turn 2084 (200)...
[HUNT] t=6.95m adopted carcass resource|gaia/fauna_deer at 493,274 mode=collect dropDist=169
[HUNT] t=6.95m carcass resource|gaia/fauna_deer at 493,274 mode=collect inTerr=false dropDist=169
Turn 2085 (200)...
Turn 2086 (200)...
Turn 2087 (200)...
Turn 2088 (200)...
Turn 2089 (200)...
Turn 2090 (200)...
Turn 2091 (200)...
Turn 2092 (200)...
Turn 2093 (200)...
Turn 2094 (200)...
Turn 2095 (200)...
Turn 2096 (200)...
Turn 2097 (200)...
Turn 2098 (200)...
Turn 2099 (200)...
Turn 2100 (200)...
Turn 2101 (200)...
Turn 2102 (200)...
Turn 2103 (200)...
Turn 2104 (200)...
Turn 2105 (200)...
Turn 2106 (200)...
Turn 2107 (200)...
Turn 2108 (200)...
Turn 2109 (200)...
Turn 2110 (200)...
Turn 2111 (200)...
Turn 2112 (200)...
Turn 2113 (200)...
Turn 2114 (200)...
Turn 2115 (200)...
Turn 2116 (200)...
Turn 2117 (200)...
Turn 2118 (200)...
Turn 2119 (200)...
Turn 2120 (200)...
Turn 2121 (200)...
Turn 2122 (200)...
Turn 2123 (200)...
Turn 2124 (200)...
Turn 2125 (200)...
Turn 2126 (200)...
Turn 2127 (200)...
Turn 2128 (200)...
Turn 2129 (200)...
Turn 2130 (200)...
Turn 2131 (200)...
Turn 2132 (200)...
Turn 2133 (200)...
Turn 2134 (200)...
Turn 2135 (200)...
Turn 2136 (200)...
Turn 2137 (200)...
Turn 2138 (200)...
Turn 2139 (200)...
Turn 2140 (200)...
Turn 2141 (200)...
Turn 2142 (200)...
Turn 2143 (200)...
Turn 2144 (200)...
Turn 2145 (200)...
Turn 2146 (200)...
Turn 2147 (200)...
Turn 2148 (200)...
Turn 2149 (200)...
Turn 2150 (200)...
Turn 2151 (200)...
Turn 2152 (200)...
Turn 2153 (200)...
Turn 2154 (200)...
Turn 2155 (200)...
Turn 2156 (200)...
Turn 2157 (200)...
Turn 2158 (200)...
Turn 2159 (200)...
Turn 2160 (200)...
Turn 2161 (200)...
Turn 2162 (200)...
Turn 2163 (200)...
Turn 2164 (200)...
Turn 2165 (200)...
Turn 2166 (200)...
Turn 2167 (200)...
Turn 2168 (200)...
Turn 2169 (200)...
Turn 2170 (200)...
Turn 2171 (200)...
Turn 2172 (200)...
Turn 2173 (200)...
Turn 2174 (200)...
Turn 2175 (200)...
Turn 2176 (200)...
Turn 2177 (200)...
Turn 2178 (200)...
Turn 2179 (200)...
Turn 2180 (200)...
Turn 2181 (200)...
Turn 2182 (200)...
Turn 2183 (200)...
Turn 2184 (200)...
Turn 2185 (200)...
Turn 2186 (200)...
Turn 2187 (200)...
Turn 2188 (200)...
Turn 2189 (200)...
Turn 2190 (200)...
Turn 2191 (200)...
Turn 2192 (200)...
Turn 2193 (200)...
Turn 2194 (200)...
Turn 2195 (200)...
Turn 2196 (200)...
Turn 2197 (200)...
Turn 2198 (200)...
Turn 2199 (200)...
Turn 2200 (200)...
Turn 2201 (200)...
Turn 2202 (200)...
Turn 2203 (200)...
Turn 2204 (200)...
Turn 2205 (200)...
Turn 2206 (200)...
Turn 2207 (200)...
Turn 2208 (200)...
Turn 2209 (200)...
Turn 2210 (200)...
Turn 2211 (200)...
Turn 2212 (200)...
Turn 2213 (200)...
Turn 2214 (200)...
Turn 2215 (200)...
Turn 2216 (200)...
Turn 2217 (200)...
Turn 2218 (200)...
Turn 2219 (200)...
Turn 2220 (200)...
Turn 2221 (200)...
Turn 2222 (200)...
Turn 2223 (200)...
Turn 2224 (200)...
Turn 2225 (200)...
Turn 2226 (200)...
Turn 2227 (200)...
Turn 2228 (200)...
Turn 2229 (200)...
Turn 2230 (200)...
Turn 2231 (200)...
Turn 2232 (200)...
Turn 2233 (200)...
Turn 2234 (200)...
Turn 2235 (200)...
Turn 2236 (200)...
Turn 2237 (200)...
Turn 2238 (200)...
Turn 2239 (200)...
Turn 2240 (200)...
Turn 2241 (200)...
Turn 2242 (200)...
Turn 2243 (200)...
Turn 2244 (200)...
Turn 2245 (200)...
Turn 2246 (200)...
Turn 2247 (200)...
Turn 2248 (200)...
Turn 2249 (200)...
[HARNESS] t=8m pop=65/80 idle=0 starved=0 gatherers food=24 wood=28 stone=0 metal=2 houses=12 fields=2 town=0 techs=2/10 rates wood=60% grain=64% fruit=69% stone=40% metal=60% foodmix fruit=392 grain=166 meat=316 dist wood=11m grain=0m fruit=-m founds=3 failedSpots=0 fruitStock=0 enemyArmy=30 siege=0 enemyNear=401m army=4 gar=0 demob=4 terr=- stock 33/62/329/145
Turn 2250 (200)...
Turn 2251 (200)...
Turn 2252 (200)...
Turn 2253 (200)...
Turn 2254 (200)...
Turn 2255 (200)...
Turn 2256 (200)...
Turn 2257 (200)...
Turn 2258 (200)...
Turn 2259 (200)...
Turn 2260 (200)...
Turn 2261 (200)...
Turn 2262 (200)...
Turn 2263 (200)...
Turn 2264 (200)...
Turn 2265 (200)...
Turn 2266 (200)...
Turn 2267 (200)...
Turn 2268 (200)...
Turn 2269 (200)...
Turn 2270 (200)...
Turn 2271 (200)...
Turn 2272 (200)...
Turn 2273 (200)...
Turn 2274 (200)...
Turn 2275 (200)...
Turn 2276 (200)...
Turn 2277 (200)...
Turn 2278 (200)...
Turn 2279 (200)...
Turn 2280 (200)...
Turn 2281 (200)...
Turn 2282 (200)...
Turn 2283 (200)...
Turn 2284 (200)...
Turn 2285 (200)...
Turn 2286 (200)...
Turn 2287 (200)...
Turn 2288 (200)...
Turn 2289 (200)...
Turn 2290 (200)...
Turn 2291 (200)...
Turn 2292 (200)...
Turn 2293 (200)...
Turn 2294 (200)...
Turn 2295 (200)...
Turn 2296 (200)...
Turn 2297 (200)...
Turn 2298 (200)...
Turn 2299 (200)...
Turn 2300 (200)...
Turn 2301 (200)...
Turn 2302 (200)...
Turn 2303 (200)...
Turn 2304 (200)...
Turn 2305 (200)...
Turn 2306 (200)...
Turn 2307 (200)...
Turn 2308 (200)...
Turn 2309 (200)...
Turn 2310 (200)...
Turn 2311 (200)...
Turn 2312 (200)...
Turn 2313 (200)...
Turn 2314 (200)...
Turn 2315 (200)...
Turn 2316 (200)...
Turn 2317 (200)...
Turn 2318 (200)...
Turn 2319 (200)...
Turn 2320 (200)...
Turn 2321 (200)...
Turn 2322 (200)...
Turn 2323 (200)...
Turn 2324 (200)...
Turn 2325 (200)...
Turn 2326 (200)...
Turn 2327 (200)...
Turn 2328 (200)...
Turn 2329 (200)...
Turn 2330 (200)...
Turn 2331 (200)...
Turn 2332 (200)...
Turn 2333 (200)...
Turn 2334 (200)...
Turn 2335 (200)...
Turn 2336 (200)...
Turn 2337 (200)...
Turn 2338 (200)...
Turn 2339 (200)...
Turn 2340 (200)...
Turn 2341 (200)...
Turn 2342 (200)...
Turn 2343 (200)...
Turn 2344 (200)...
[HARNESS] t=7.8m defense building barracks
Turn 2345 (200)...
Turn 2346 (200)...
Turn 2347 (200)...
Turn 2348 (200)...
Turn 2349 (200)...
Turn 2350 (200)...
Turn 2351 (200)...
Turn 2352 (200)...
Turn 2353 (200)...
Turn 2354 (200)...
Turn 2355 (200)...
Turn 2356 (200)...
Turn 2357 (200)...
Turn 2358 (200)...
Turn 2359 (200)...
Turn 2360 (200)...
Turn 2361 (200)...
Turn 2362 (200)...
Turn 2363 (200)...
Turn 2364 (200)...
Turn 2365 (200)...
Turn 2366 (200)...
Turn 2367 (200)...
Turn 2368 (200)...
Turn 2369 (200)...
Turn 2370 (200)...
Turn 2371 (200)...
Turn 2372 (200)...
Turn 2373 (200)...
Turn 2374 (200)...
Turn 2375 (200)...
Turn 2376 (200)...
Turn 2377 (200)...
Turn 2378 (200)...
Turn 2379 (200)...
Turn 2380 (200)...
Turn 2381 (200)...
Turn 2382 (200)...
Turn 2383 (200)...
Turn 2384 (200)...
Turn 2385 (200)...
Turn 2386 (200)...
Turn 2387 (200)...
Turn 2388 (200)...
Turn 2389 (200)...
Turn 2390 (200)...
Turn 2391 (200)...
Turn 2392 (200)...
Turn 2393 (200)...
Turn 2394 (200)...
Turn 2395 (200)...
Turn 2396 (200)...
Turn 2397 (200)...
Turn 2398 (200)...
Turn 2399 (200)...
Turn 2400 (200)...
Turn 2401 (200)...
Turn 2402 (200)...
Turn 2403 (200)...
Turn 2404 (200)...
Turn 2405 (200)...
Turn 2406 (200)...
Turn 2407 (200)...
Turn 2408 (200)...
Turn 2409 (200)...
Turn 2410 (200)...
Turn 2411 (200)...
Turn 2412 (200)...
Turn 2413 (200)...
Turn 2414 (200)...
Turn 2415 (200)...
Turn 2416 (200)...
Turn 2417 (200)...
Turn 2418 (200)...
Turn 2419 (200)...
Turn 2420 (200)...
Turn 2421 (200)...
Turn 2422 (200)...
Turn 2423 (200)...
Turn 2424 (200)...
Turn 2425 (200)...
Turn 2426 (200)...
Turn 2427 (200)...
Turn 2428 (200)...
Turn 2429 (200)...
Turn 2430 (200)...
Turn 2431 (200)...
Turn 2432 (200)...
Turn 2433 (200)...
Turn 2434 (200)...
[HARNESS] t=8.1m defense building barracks
Turn 2435 (200)...
Turn 2436 (200)...
Turn 2437 (200)...
Turn 2438 (200)...
Turn 2439 (200)...
Turn 2440 (200)...
Turn 2441 (200)...
Turn 2442 (200)...
Turn 2443 (200)...
Turn 2444 (200)...
Turn 2445 (200)...
Turn 2446 (200)...
Turn 2447 (200)...
Turn 2448 (200)...
Turn 2449 (200)...
Turn 2450 (200)...
Turn 2451 (200)...
Turn 2452 (200)...
Turn 2453 (200)...
Turn 2454 (200)...
Turn 2455 (200)...
Turn 2456 (200)...
Turn 2457 (200)...
Turn 2458 (200)...
Turn 2459 (200)...
Turn 2460 (200)...
Turn 2461 (200)...
Turn 2462 (200)...
Turn 2463 (200)...
Turn 2464 (200)...
Turn 2465 (200)...
Turn 2466 (200)...
Turn 2467 (200)...
Turn 2468 (200)...
Turn 2469 (200)...
Turn 2470 (200)...
Turn 2471 (200)...
Turn 2472 (200)...
Turn 2473 (200)...
Turn 2474 (200)...
Turn 2475 (200)...
Turn 2476 (200)...
Turn 2477 (200)...
Turn 2478 (200)...
Turn 2479 (200)...
Turn 2480 (200)...
Turn 2481 (200)...
Turn 2482 (200)...
Turn 2483 (200)...
Turn 2484 (200)...
Turn 2485 (200)...
Turn 2486 (200)...
Turn 2487 (200)...
Turn 2488 (200)...
Turn 2489 (200)...
Turn 2490 (200)...
Turn 2491 (200)...
Turn 2492 (200)...
Turn 2493 (200)...
Turn 2494 (200)...
Turn 2495 (200)...
Turn 2496 (200)...
Turn 2497 (200)...
Turn 2498 (200)...
Turn 2499 (200)...
Turn 2500 (200)...
Turn 2501 (200)...
Turn 2502 (200)...
Turn 2503 (200)...
Turn 2504 (200)...
Turn 2505 (200)...
Turn 2506 (200)...
Turn 2507 (200)...
Turn 2508 (200)...
Turn 2509 (200)...
Turn 2510 (200)...
Turn 2511 (200)...
Turn 2512 (200)...
Turn 2513 (200)...
Turn 2514 (200)...
Turn 2515 (200)...
Turn 2516 (200)...
Turn 2517 (200)...
Turn 2518 (200)...
Turn 2519 (200)...
Turn 2520 (200)...
Turn 2521 (200)...
Turn 2522 (200)...
Turn 2523 (200)...
Turn 2524 (200)...
Turn 2525 (200)...
Turn 2526 (200)...
Turn 2527 (200)...
Turn 2528 (200)...
Turn 2529 (200)...
[HARNESS] t=8.4m defense building barracks
Turn 2530 (200)...
Turn 2531 (200)...
Turn 2532 (200)...
Turn 2533 (200)...
Turn 2534 (200)...
Turn 2535 (200)...
Turn 2536 (200)...
Turn 2537 (200)...
Turn 2538 (200)...
Turn 2539 (200)...
Turn 2540 (200)...
Turn 2541 (200)...
Turn 2542 (200)...
Turn 2543 (200)...
Turn 2544 (200)...
Turn 2545 (200)...
Turn 2546 (200)...
Turn 2547 (200)...
Turn 2548 (200)...
Turn 2549 (200)...
Turn 2550 (200)...
Turn 2551 (200)...
Turn 2552 (200)...
Turn 2553 (200)...
Turn 2554 (200)...
Turn 2555 (200)...
Turn 2556 (200)...
Turn 2557 (200)...
Turn 2558 (200)...
Turn 2559 (200)...
Turn 2560 (200)...
Turn 2561 (200)...
Turn 2562 (200)...
Turn 2563 (200)...
Turn 2564 (200)...
Turn 2565 (200)...
Turn 2566 (200)...
Turn 2567 (200)...
Turn 2568 (200)...
Turn 2569 (200)...
Turn 2570 (200)...
Turn 2571 (200)...
Turn 2572 (200)...
Turn 2573 (200)...
Turn 2574 (200)...
Turn 2575 (200)...
Turn 2576 (200)...
Turn 2577 (200)...
Turn 2578 (200)...
Turn 2579 (200)...
Turn 2580 (200)...
Turn 2581 (200)...
Turn 2582 (200)...
Turn 2583 (200)...
Turn 2584 (200)...
Turn 2585 (200)...
Turn 2586 (200)...
Turn 2587 (200)...
Turn 2588 (200)...
Turn 2589 (200)...
Turn 2590 (200)...
Turn 2591 (200)...
Turn 2592 (200)...
Turn 2593 (200)...
Turn 2594 (200)...
Turn 2595 (200)...
Turn 2596 (200)...
Turn 2597 (200)...
Turn 2598 (200)...
Turn 2599 (200)...
Turn 2600 (200)...
Turn 2601 (200)...
Turn 2602 (200)...
Turn 2603 (200)...
Turn 2604 (200)...
Turn 2605 (200)...
Turn 2606 (200)...
Turn 2607 (200)...
Turn 2608 (200)...
Turn 2609 (200)...
Turn 2610 (200)...
Turn 2611 (200)...
Turn 2612 (200)...
Turn 2613 (200)...
Turn 2614 (200)...
Turn 2615 (200)...
Turn 2616 (200)...
Turn 2617 (200)...
Turn 2618 (200)...
Turn 2619 (200)...
[HARNESS] t=8.7m defense building temple
Turn 2620 (200)...
Turn 2621 (200)...
Turn 2622 (200)...
Turn 2623 (200)...
Turn 2624 (200)...
Turn 2625 (200)...
Turn 2626 (200)...
Turn 2627 (200)...
Turn 2628 (200)...
Turn 2629 (200)...
Turn 2630 (200)...
Turn 2631 (200)...
Turn 2632 (200)...
Turn 2633 (200)...
Turn 2634 (200)...
Turn 2635 (200)...
Turn 2636 (200)...
Turn 2637 (200)...
Turn 2638 (200)...
Turn 2639 (200)...
[HARNESS] t=8.8m tower at 633,466 for CC 644,452
Turn 2640 (200)...
Turn 2641 (200)...
Turn 2642 (200)...
Turn 2643 (200)...
Turn 2644 (200)...
Turn 2645 (200)...
Turn 2646 (200)...
Turn 2647 (200)...
Turn 2648 (200)...
Turn 2649 (200)...
Turn 2650 (200)...
Turn 2651 (200)...
Turn 2652 (200)...
Turn 2653 (200)...
Turn 2654 (200)...
Turn 2655 (200)...
Turn 2656 (200)...
Turn 2657 (200)...
Turn 2658 (200)...
Turn 2659 (200)...
Turn 2660 (200)...
Turn 2661 (200)...
Turn 2662 (200)...
Turn 2663 (200)...
Turn 2664 (200)...
Turn 2665 (200)...
Turn 2666 (200)...
Turn 2667 (200)...
Turn 2668 (200)...
Turn 2669 (200)...
[HARNESS] t=8.9m tower at 649,402 for CC 644,452
Turn 2670 (200)...
Turn 2671 (200)...
Turn 2672 (200)...
Turn 2673 (200)...
Turn 2674 (200)...
Turn 2675 (200)...
Turn 2676 (200)...
Turn 2677 (200)...
Turn 2678 (200)...
Turn 2679 (200)...
Turn 2680 (200)...
Turn 2681 (200)...
Turn 2682 (200)...
Turn 2683 (200)...
Turn 2684 (200)...
Turn 2685 (200)...
Turn 2686 (200)...
Turn 2687 (200)...
Turn 2688 (200)...
Turn 2689 (200)...
Turn 2690 (200)...
Turn 2691 (200)...
Turn 2692 (200)...
Turn 2693 (200)...
Turn 2694 (200)...
Turn 2695 (200)...
Turn 2696 (200)...
Turn 2697 (200)...
Turn 2698 (200)...
Turn 2699 (200)...
Turn 2700 (200)...
Turn 2701 (200)...
Turn 2702 (200)...
Turn 2703 (200)...
Turn 2704 (200)...
Turn 2705 (200)...
Turn 2706 (200)...
Turn 2707 (200)...
Turn 2708 (200)...
Turn 2709 (200)...
[HUNT] t=9.04m target gaia/fauna_deer collect at 467,256 dist=264
Turn 2710 (200)...
Turn 2711 (200)...
Turn 2712 (200)...
Turn 2713 (200)...
Turn 2714 (200)...
[HARNESS] t=9.1m tower at 708,458 for CC 644,452
Turn 2715 (200)...
Turn 2716 (200)...
Turn 2717 (200)...
Turn 2718 (200)...
Turn 2719 (200)...
Turn 2720 (200)...
Turn 2721 (200)...
Turn 2722 (200)...
Turn 2723 (200)...
Turn 2724 (200)...
Turn 2725 (200)...
Turn 2726 (200)...
Turn 2727 (200)...
Turn 2728 (200)...
Turn 2729 (200)...
Turn 2730 (200)...
Turn 2731 (200)...
Turn 2732 (200)...
Turn 2733 (200)...
Turn 2734 (200)...
Turn 2735 (200)...
Turn 2736 (200)...
Turn 2737 (200)...
Turn 2738 (200)...
Turn 2739 (200)...
Turn 2740 (200)...
Turn 2741 (200)...
Turn 2742 (200)...
Turn 2743 (200)...
Turn 2744 (200)...
Turn 2745 (200)...
Turn 2746 (200)...
Turn 2747 (200)...
Turn 2748 (200)...
Turn 2749 (200)...
Turn 2750 (200)...
Turn 2751 (200)...
Turn 2752 (200)...
Turn 2753 (200)...
Turn 2754 (200)...
[HARNESS] t=9.2m storehouse at 687,352 for wood 690,342 (1 underserved + 1 frontier, mass 1365)
Turn 2755 (200)...
Turn 2756 (200)...
Turn 2757 (200)...
Turn 2758 (200)...
Turn 2759 (200)...
[HARNESS] t=9.2m rush-building storehouse at 687,352 (8 wood choppers)
Turn 2760 (200)...
Turn 2761 (200)...
Turn 2762 (200)...
Turn 2763 (200)...
Turn 2764 (200)...
Turn 2765 (200)...
Turn 2766 (200)...
Turn 2767 (200)...
Turn 2768 (200)...
Turn 2769 (200)...
Turn 2770 (200)...
Turn 2771 (200)...
Turn 2772 (200)...
Turn 2773 (200)...
Turn 2774 (200)...
[HUNT] t=9.25m adopted carcass resource|gaia/fauna_deer at 428,236 mode=collect dropDist=245
[HUNT] t=9.25m carcass resource|gaia/fauna_deer at 428,236 mode=collect inTerr=false dropDist=245
Turn 2775 (200)...
Turn 2776 (200)...
Turn 2777 (200)...
Turn 2778 (200)...
Turn 2779 (200)...
Turn 2780 (200)...
Turn 2781 (200)...
Turn 2782 (200)...
Turn 2783 (200)...
Turn 2784 (200)...
Turn 2785 (200)...
Turn 2786 (200)...
Turn 2787 (200)...
Turn 2788 (200)...
Turn 2789 (200)...
[DEFENSE] t=9.3m demobilizing 1 soldiers to gathering
Turn 2790 (200)...
Turn 2791 (200)...
Turn 2792 (200)...
Turn 2793 (200)...
Turn 2794 (200)...
Turn 2795 (200)...
Turn 2796 (200)...
Turn 2797 (200)...
Turn 2798 (200)...
Turn 2799 (200)...
Turn 2800 (200)...
Turn 2801 (200)...
Turn 2802 (200)...
Turn 2803 (200)...
Turn 2804 (200)...
Turn 2805 (200)...
Turn 2806 (200)...
Turn 2807 (200)...
Turn 2808 (200)...
Turn 2809 (200)...
Turn 2810 (200)...
Turn 2811 (200)...
Turn 2812 (200)...
Turn 2813 (200)...
Turn 2814 (200)...
Turn 2815 (200)...
Turn 2816 (200)...
Turn 2817 (200)...
Turn 2818 (200)...
Turn 2819 (200)...
Turn 2820 (200)...
Turn 2821 (200)...
Turn 2822 (200)...
Turn 2823 (200)...
Turn 2824 (200)...
Turn 2825 (200)...
Turn 2826 (200)...
Turn 2827 (200)...
Turn 2828 (200)...
Turn 2829 (200)...
Turn 2830 (200)...
Turn 2831 (200)...
Turn 2832 (200)...
Turn 2833 (200)...
Turn 2834 (200)...
Turn 2835 (200)...
Turn 2836 (200)...
Turn 2837 (200)...
Turn 2838 (200)...
Turn 2839 (200)...
Turn 2840 (200)...
Turn 2841 (200)...
Turn 2842 (200)...
Turn 2843 (200)...
Turn 2844 (200)...
Turn 2845 (200)...
Turn 2846 (200)...
Turn 2847 (200)...
Turn 2848 (200)...
Turn 2849 (200)...
Turn 2850 (200)...
Turn 2851 (200)...
Turn 2852 (200)...
Turn 2853 (200)...
Turn 2854 (200)...
Turn 2855 (200)...
Turn 2856 (200)...
Turn 2857 (200)...
Turn 2858 (200)...
Turn 2859 (200)...
Turn 2860 (200)...
Turn 2861 (200)...
Turn 2862 (200)...
Turn 2863 (200)...
Turn 2864 (200)...
Turn 2865 (200)...
Turn 2866 (200)...
Turn 2867 (200)...
Turn 2868 (200)...
Turn 2869 (200)...
Turn 2870 (200)...
Turn 2871 (200)...
Turn 2872 (200)...
Turn 2873 (200)...
Turn 2874 (200)...
[DEFENSE] t=9.6m demobilizing 1 soldiers to gathering
Turn 2875 (200)...
Turn 2876 (200)...
Turn 2877 (200)...
Turn 2878 (200)...
Turn 2879 (200)...
Turn 2880 (200)...
Turn 2881 (200)...
Turn 2882 (200)...
Turn 2883 (200)...
Turn 2884 (200)...
Turn 2885 (200)...
Turn 2886 (200)...
Turn 2887 (200)...
Turn 2888 (200)...
Turn 2889 (200)...
Turn 2890 (200)...
Turn 2891 (200)...
Turn 2892 (200)...
Turn 2893 (200)...
Turn 2894 (200)...
Turn 2895 (200)...
Turn 2896 (200)...
Turn 2897 (200)...
Turn 2898 (200)...
Turn 2899 (200)...
Turn 2900 (200)...
Turn 2901 (200)...
Turn 2902 (200)...
Turn 2903 (200)...
Turn 2904 (200)...
Turn 2905 (200)...
Turn 2906 (200)...
Turn 2907 (200)...
Turn 2908 (200)...
Turn 2909 (200)...
Turn 2910 (200)...
Turn 2911 (200)...
Turn 2912 (200)...
Turn 2913 (200)...
Turn 2914 (200)...
Turn 2915 (200)...
Turn 2916 (200)...
Turn 2917 (200)...
Turn 2918 (200)...
Turn 2919 (200)...
[DEFENSE] t=9.7m demobilizing 2 soldiers to gathering
Turn 2920 (200)...
Turn 2921 (200)...
Turn 2922 (200)...
Turn 2923 (200)...
Turn 2924 (200)...
Turn 2925 (200)...
Turn 2926 (200)...
Turn 2927 (200)...
Turn 2928 (200)...
Turn 2929 (200)...
Turn 2930 (200)...
Turn 2931 (200)...
Turn 2932 (200)...
Turn 2933 (200)...
Turn 2934 (200)...
Turn 2935 (200)...
Turn 2936 (200)...
Turn 2937 (200)...
Turn 2938 (200)...
Turn 2939 (200)...
Turn 2940 (200)...
Turn 2941 (200)...
Turn 2942 (200)...
Turn 2943 (200)...
Turn 2944 (200)...
Turn 2945 (200)...
Turn 2946 (200)...
Turn 2947 (200)...
Turn 2948 (200)...
Turn 2949 (200)...
[HARNESS] t=9.8m storehouse at 641,551 for wood 633,544 (1 underserved + 1 frontier, mass 518)
Turn 2950 (200)...
Turn 2951 (200)...
Turn 2952 (200)...
Turn 2953 (200)...
Turn 2954 (200)...
[HARNESS] t=9.9m rush-building storehouse at 641,551 (8 wood choppers)
Turn 2955 (200)...
Turn 2956 (200)...
Turn 2957 (200)...
Turn 2958 (200)...
Turn 2959 (200)...
Turn 2960 (200)...
Turn 2961 (200)...
Turn 2962 (200)...
Turn 2963 (200)...
Turn 2964 (200)...
Turn 2965 (200)...
Turn 2966 (200)...
Turn 2967 (200)...
Turn 2968 (200)...
Turn 2969 (200)...
Turn 2970 (200)...
Turn 2971 (200)...
Turn 2972 (200)...
Turn 2973 (200)...
Turn 2974 (200)...
[DEFENSE] t=9.9m demobilizing 1 soldiers to gathering
Turn 2975 (200)...
Turn 2976 (200)...
Turn 2977 (200)...
Turn 2978 (200)...
Turn 2979 (200)...
Turn 2980 (200)...
Turn 2981 (200)...
Turn 2982 (200)...
Turn 2983 (200)...
Turn 2984 (200)...
Turn 2985 (200)...
Turn 2986 (200)...
Turn 2987 (200)...
Turn 2988 (200)...
Turn 2989 (200)...
Turn 2990 (200)...
Turn 2991 (200)...
Turn 2992 (200)...
Turn 2993 (200)...
Turn 2994 (200)...
[HARNESS] t=10.0m wood storehouse gated at 572,463 (mass 400, ccDist 72m)
Turn 2995 (200)...
Turn 2996 (200)...
Turn 2997 (200)...
Turn 2998 (200)...
Turn 2999 (200)...
[HARNESS] t=10m pop=82/90 idle=1 starved=0 gatherers food=25 wood=32 stone=10 metal=12 houses=14 fields=4 town=1 techs=2/10 rates wood=72% grain=60% fruit=- stone=73% metal=65% foodmix fruit=0 grain=699 meat=100 dist wood=11m grain=0m fruit=-m founds=4 failedSpots=0 fruitStock=0 enemyArmy=38 siege=0 enemyNear=393m army=9 gar=0 demob=9 terr=- stock 35/36/79/389
Turn 3000 (200)...
Turn 3001 (200)...
Turn 3002 (200)...
Turn 3003 (200)...
Turn 3004 (200)...
Turn 3005 (200)...
Turn 3006 (200)...
Turn 3007 (200)...
Turn 3008 (200)...
Turn 3009 (200)...
Turn 3010 (200)...
Turn 3011 (200)...
Turn 3012 (200)...
Turn 3013 (200)...
Turn 3014 (200)...
Turn 3015 (200)...
Turn 3016 (200)...
Turn 3017 (200)...
Turn 3018 (200)...
Turn 3019 (200)...
Turn 3020 (200)...
Turn 3021 (200)...
Turn 3022 (200)...
Turn 3023 (200)...
Turn 3024 (200)...
Turn 3025 (200)...
Turn 3026 (200)...
Turn 3027 (200)...
Turn 3028 (200)...
Turn 3029 (200)...
Turn 3030 (200)...
Turn 3031 (200)...
Turn 3032 (200)...
Turn 3033 (200)...
Turn 3034 (200)...
Turn 3035 (200)...
Turn 3036 (200)...
Turn 3037 (200)...
Turn 3038 (200)...
Turn 3039 (200)...
Turn 3040 (200)...
Turn 3041 (200)...
Turn 3042 (200)...
Turn 3043 (200)...
Turn 3044 (200)...
Turn 3045 (200)...
Turn 3046 (200)...
Turn 3047 (200)...
Turn 3048 (200)...
Turn 3049 (200)...
Turn 3050 (200)...
Turn 3051 (200)...
Turn 3052 (200)...
Turn 3053 (200)...
Turn 3054 (200)...
Turn 3055 (200)...
Turn 3056 (200)...
Turn 3057 (200)...
Turn 3058 (200)...
Turn 3059 (200)...
Turn 3060 (200)...
Turn 3061 (200)...
Turn 3062 (200)...
Turn 3063 (200)...
Turn 3064 (200)...
Turn 3065 (200)...
Turn 3066 (200)...
Turn 3067 (200)...
Turn 3068 (200)...
Turn 3069 (200)...
[HARNESS] t=10.2m tower at 581,426 for CC 644,452
[DEFENSE] t=10.2m demobilizing 1 soldiers to gathering
Turn 3070 (200)...
Turn 3071 (200)...
Turn 3072 (200)...
Turn 3073 (200)...
Turn 3074 (200)...
Turn 3075 (200)...
Turn 3076 (200)...
Turn 3077 (200)...
Turn 3078 (200)...
Turn 3079 (200)...
Turn 3080 (200)...
Turn 3081 (200)...
Turn 3082 (200)...
Turn 3083 (200)...
Turn 3084 (200)...
Turn 3085 (200)...
Turn 3086 (200)...
Turn 3087 (200)...
Turn 3088 (200)...
Turn 3089 (200)...
Turn 3090 (200)...
Turn 3091 (200)...
Turn 3092 (200)...
Turn 3093 (200)...
Turn 3094 (200)...
Turn 3095 (200)...
Turn 3096 (200)...
Turn 3097 (200)...
Turn 3098 (200)...
Turn 3099 (200)...
Turn 3100 (200)...
Turn 3101 (200)...
Turn 3102 (200)...
Turn 3103 (200)...
Turn 3104 (200)...
Turn 3105 (200)...
Turn 3106 (200)...
Turn 3107 (200)...
Turn 3108 (200)...
Turn 3109 (200)...
Turn 3110 (200)...
Turn 3111 (200)...
Turn 3112 (200)...
Turn 3113 (200)...
Turn 3114 (200)...
[DEFENSE] t=10.4m demobilizing 1 soldiers to gathering
Turn 3115 (200)...
Turn 3116 (200)...
Turn 3117 (200)...
Turn 3118 (200)...
Turn 3119 (200)...
Turn 3120 (200)...
Turn 3121 (200)...
Turn 3122 (200)...
Turn 3123 (200)...
Turn 3124 (200)...
Turn 3125 (200)...
Turn 3126 (200)...
Turn 3127 (200)...
Turn 3128 (200)...
Turn 3129 (200)...
Turn 3130 (200)...
Turn 3131 (200)...
Turn 3132 (200)...
Turn 3133 (200)...
Turn 3134 (200)...
Turn 3135 (200)...
Turn 3136 (200)...
Turn 3137 (200)...
Turn 3138 (200)...
Turn 3139 (200)...
Turn 3140 (200)...
Turn 3141 (200)...
Turn 3142 (200)...
Turn 3143 (200)...
Turn 3144 (200)...
Turn 3145 (200)...
Turn 3146 (200)...
Turn 3147 (200)...
Turn 3148 (200)...
Turn 3149 (200)...
Turn 3150 (200)...
Turn 3151 (200)...
Turn 3152 (200)...
Turn 3153 (200)...
Turn 3154 (200)...
Turn 3155 (200)...
Turn 3156 (200)...
Turn 3157 (200)...
Turn 3158 (200)...
Turn 3159 (200)...
[DEFENSE] t=10.5m demobilizing 1 soldiers to gathering
Turn 3160 (200)...
Turn 3161 (200)...
Turn 3162 (200)...
Turn 3163 (200)...
Turn 3164 (200)...
Turn 3165 (200)...
Turn 3166 (200)...
Turn 3167 (200)...
Turn 3168 (200)...
Turn 3169 (200)...
Turn 3170 (200)...
Turn 3171 (200)...
Turn 3172 (200)...
Turn 3173 (200)...
Turn 3174 (200)...
Turn 3175 (200)...
Turn 3176 (200)...
Turn 3177 (200)...
Turn 3178 (200)...
Turn 3179 (200)...
Turn 3180 (200)...
Turn 3181 (200)...
Turn 3182 (200)...
Turn 3183 (200)...
Turn 3184 (200)...
Turn 3185 (200)...
Turn 3186 (200)...
Turn 3187 (200)...
Turn 3188 (200)...
Turn 3189 (200)...
Turn 3190 (200)...
Turn 3191 (200)...
Turn 3192 (200)...
Turn 3193 (200)...
Turn 3194 (200)...
Turn 3195 (200)...
Turn 3196 (200)...
Turn 3197 (200)...
Turn 3198 (200)...
Turn 3199 (200)...
[DEFENSE] t=10.7m demobilizing 1 soldiers to gathering
Turn 3200 (200)...
Turn 3201 (200)...
Turn 3202 (200)...
Turn 3203 (200)...
Turn 3204 (200)...
[DEFENSE] t=10.7m demobilizing 1 soldiers to gathering
Turn 3205 (200)...
Turn 3206 (200)...
Turn 3207 (200)...
Turn 3208 (200)...
Turn 3209 (200)...
[HARNESS] t=10.7m wood storehouse gated at 675,545 (mass 437, ccDist 98m)
[HARNESS] t=10.7m storehouse at 714,368 for wood 722,362 (7 underserved + 7 frontier, mass 6527)
Turn 3210 (200)...
Turn 3211 (200)...
Turn 3212 (200)...
Turn 3213 (200)...
Turn 3214 (200)...
[HARNESS] t=10.7m rush-building storehouse at 714,368 (8 wood choppers)
Turn 3215 (200)...
Turn 3216 (200)...
Turn 3217 (200)...
Turn 3218 (200)...
Turn 3219 (200)...
Turn 3220 (200)...
Turn 3221 (200)...
Turn 3222 (200)...
Turn 3223 (200)...
Turn 3224 (200)...
Turn 3225 (200)...
Turn 3226 (200)...
Turn 3227 (200)...
Turn 3228 (200)...
Turn 3229 (200)...
Turn 3230 (200)...
Turn 3231 (200)...
Turn 3232 (200)...
Turn 3233 (200)...
Turn 3234 (200)...
Turn 3235 (200)...
Turn 3236 (200)...
Turn 3237 (200)...
Turn 3238 (200)...
Turn 3239 (200)...
Turn 3240 (200)...
Turn 3241 (200)...
Turn 3242 (200)...
Turn 3243 (200)...
Turn 3244 (200)...
Turn 3245 (200)...
Turn 3246 (200)...
Turn 3247 (200)...
Turn 3248 (200)...
Turn 3249 (200)...
Turn 3250 (200)...
Turn 3251 (200)...
Turn 3252 (200)...
Turn 3253 (200)...
Turn 3254 (200)...
Turn 3255 (200)...
Turn 3256 (200)...
Turn 3257 (200)...
Turn 3258 (200)...
Turn 3259 (200)...
Turn 3260 (200)...
Turn 3261 (200)...
Turn 3262 (200)...
Turn 3263 (200)...
Turn 3264 (200)...
Turn 3265 (200)...
Turn 3266 (200)...
Turn 3267 (200)...
Turn 3268 (200)...
Turn 3269 (200)...
Turn 3270 (200)...
Turn 3271 (200)...
Turn 3272 (200)...
Turn 3273 (200)...
Turn 3274 (200)...
Turn 3275 (200)...
Turn 3276 (200)...
Turn 3277 (200)...
Turn 3278 (200)...
Turn 3279 (200)...
Turn 3280 (200)...
Turn 3281 (200)...
Turn 3282 (200)...
Turn 3283 (200)...
Turn 3284 (200)...
Turn 3285 (200)...
Turn 3286 (200)...
Turn 3287 (200)...
Turn 3288 (200)...
Turn 3289 (200)...
[DEFENSE] t=11.0m remobilizing 14 soldiers
[DEFENSE] t=11.0m wave of 15 at 399m of CC 644,452 — mustering melee=7 ranged=7 healers=0
Turn 3290 (200)...
Turn 3291 (200)...
Turn 3292 (200)...
Turn 3293 (200)...
Turn 3294 (200)...
Turn 3295 (200)...
Turn 3296 (200)...
Turn 3297 (200)...
Turn 3298 (200)...
Turn 3299 (200)...
Turn 3300 (200)...
Turn 3301 (200)...
Turn 3302 (200)...
Turn 3303 (200)...
Turn 3304 (200)...
Turn 3305 (200)...
Turn 3306 (200)...
Turn 3307 (200)...
Turn 3308 (200)...
Turn 3309 (200)...
Turn 3310 (200)...
Turn 3311 (200)...
Turn 3312 (200)...
Turn 3313 (200)...
Turn 3314 (200)...
Turn 3315 (200)...
Turn 3316 (200)...
Turn 3317 (200)...
Turn 3318 (200)...
Turn 3319 (200)...
Turn 3320 (200)...
Turn 3321 (200)...
Turn 3322 (200)...
Turn 3323 (200)...
Turn 3324 (200)...
Turn 3325 (200)...
Turn 3326 (200)...
Turn 3327 (200)...
Turn 3328 (200)...
Turn 3329 (200)...
Turn 3330 (200)...
Turn 3331 (200)...
Turn 3332 (200)...
Turn 3333 (200)...
Turn 3334 (200)...
Turn 3335 (200)...
Turn 3336 (200)...
Turn 3337 (200)...
Turn 3338 (200)...
Turn 3339 (200)...
Turn 3340 (200)...
Turn 3341 (200)...
Turn 3342 (200)...
Turn 3343 (200)...
Turn 3344 (200)...
Turn 3345 (200)...
Turn 3346 (200)...
Turn 3347 (200)...
Turn 3348 (200)...
Turn 3349 (200)...
[DEFENSE] t=11.2m demobilizing 15 soldiers to gathering
Turn 3350 (200)...
Turn 3351 (200)...
Turn 3352 (200)...
Turn 3353 (200)...
Turn 3354 (200)...
[DEFENSE] t=11.2m remobilizing 15 soldiers
Turn 3355 (200)...
Turn 3356 (200)...
Turn 3357 (200)...
Turn 3358 (200)...
Turn 3359 (200)...
Turn 3360 (200)...
Turn 3361 (200)...
Turn 3362 (200)...
Turn 3363 (200)...
Turn 3364 (200)...
Turn 3365 (200)...
Turn 3366 (200)...
Turn 3367 (200)...
Turn 3368 (200)...
Turn 3369 (200)...
Turn 3370 (200)...
Turn 3371 (200)...
Turn 3372 (200)...
Turn 3373 (200)...
Turn 3374 (200)...
Turn 3375 (200)...
Turn 3376 (200)...
Turn 3377 (200)...
Turn 3378 (200)...
Turn 3379 (200)...
Turn 3380 (200)...
Turn 3381 (200)...
Turn 3382 (200)...
Turn 3383 (200)...
Turn 3384 (200)...
Turn 3385 (200)...
Turn 3386 (200)...
Turn 3387 (200)...
Turn 3388 (200)...
Turn 3389 (200)...
Turn 3390 (200)...
Turn 3391 (200)...
Turn 3392 (200)...
Turn 3393 (200)...
Turn 3394 (200)...
Turn 3395 (200)...
Turn 3396 (200)...
Turn 3397 (200)...
Turn 3398 (200)...
Turn 3399 (200)...
Turn 3400 (200)...
Turn 3401 (200)...
Turn 3402 (200)...
Turn 3403 (200)...
Turn 3404 (200)...
Turn 3405 (200)...
Turn 3406 (200)...
Turn 3407 (200)...
Turn 3408 (200)...
Turn 3409 (200)...
Turn 3410 (200)...
Turn 3411 (200)...
Turn 3412 (200)...
Turn 3413 (200)...
Turn 3414 (200)...
Turn 3415 (200)...
Turn 3416 (200)...
Turn 3417 (200)...
Turn 3418 (200)...
Turn 3419 (200)...
Turn 3420 (200)...
Turn 3421 (200)...
Turn 3422 (200)...
Turn 3423 (200)...
Turn 3424 (200)...
Turn 3425 (200)...
Turn 3426 (200)...
Turn 3427 (200)...
Turn 3428 (200)...
Turn 3429 (200)...
Turn 3430 (200)...
Turn 3431 (200)...
Turn 3432 (200)...
Turn 3433 (200)...
Turn 3434 (200)...
Turn 3435 (200)...
Turn 3436 (200)...
Turn 3437 (200)...
Turn 3438 (200)...
Turn 3439 (200)...
Turn 3440 (200)...
Turn 3441 (200)...
Turn 3442 (200)...
Turn 3443 (200)...
Turn 3444 (200)...
Turn 3445 (200)...
Turn 3446 (200)...
Turn 3447 (200)...
Turn 3448 (200)...
Turn 3449 (200)...
Turn 3450 (200)...
Turn 3451 (200)...
Turn 3452 (200)...
Turn 3453 (200)...
Turn 3454 (200)...
Turn 3455 (200)...
Turn 3456 (200)...
Turn 3457 (200)...
Turn 3458 (200)...
Turn 3459 (200)...
Turn 3460 (200)...
Turn 3461 (200)...
Turn 3462 (200)...
Turn 3463 (200)...
Turn 3464 (200)...
Turn 3465 (200)...
Turn 3466 (200)...
Turn 3467 (200)...
Turn 3468 (200)...
Turn 3469 (200)...
Turn 3470 (200)...
Turn 3471 (200)...
Turn 3472 (200)...
Turn 3473 (200)...
Turn 3474 (200)...
Turn 3475 (200)...
Turn 3476 (200)...
Turn 3477 (200)...
Turn 3478 (200)...
Turn 3479 (200)...
Turn 3480 (200)...
Turn 3481 (200)...
Turn 3482 (200)...
Turn 3483 (200)...
Turn 3484 (200)...
Turn 3485 (200)...
Turn 3486 (200)...
Turn 3487 (200)...
Turn 3488 (200)...
Turn 3489 (200)...
Turn 3490 (200)...
Turn 3491 (200)...
Turn 3492 (200)...
Turn 3493 (200)...
Turn 3494 (200)...
Turn 3495 (200)...
Turn 3496 (200)...
Turn 3497 (200)...
Turn 3498 (200)...
Turn 3499 (200)...
Turn 3500 (200)...
Turn 3501 (200)...
Turn 3502 (200)...
Turn 3503 (200)...
Turn 3504 (200)...
Turn 3505 (200)...
Turn 3506 (200)...
Turn 3507 (200)...
Turn 3508 (200)...
Turn 3509 (200)...
Turn 3510 (200)...
Turn 3511 (200)...
Turn 3512 (200)...
Turn 3513 (200)...
Turn 3514 (200)...
Turn 3515 (200)...
Turn 3516 (200)...
Turn 3517 (200)...
Turn 3518 (200)...
Turn 3519 (200)...
Turn 3520 (200)...
Turn 3521 (200)...
Turn 3522 (200)...
Turn 3523 (200)...
Turn 3524 (200)...
Turn 3525 (200)...
Turn 3526 (200)...
Turn 3527 (200)...
Turn 3528 (200)...
Turn 3529 (200)...
Turn 3530 (200)...
Turn 3531 (200)...
Turn 3532 (200)...
Turn 3533 (200)...
Turn 3534 (200)...
Turn 3535 (200)...
Turn 3536 (200)...
Turn 3537 (200)...
Turn 3538 (200)...
Turn 3539 (200)...
Turn 3540 (200)...
Turn 3541 (200)...
Turn 3542 (200)...
Turn 3543 (200)...
Turn 3544 (200)...
Turn 3545 (200)...
Turn 3546 (200)...
Turn 3547 (200)...
Turn 3548 (200)...
Turn 3549 (200)...
Turn 3550 (200)...
Turn 3551 (200)...
Turn 3552 (200)...
Turn 3553 (200)...
Turn 3554 (200)...
Turn 3555 (200)...
Turn 3556 (200)...
Turn 3557 (200)...
Turn 3558 (200)...
Turn 3559 (200)...
Turn 3560 (200)...
Turn 3561 (200)...
Turn 3562 (200)...
Turn 3563 (200)...
Turn 3564 (200)...
Turn 3565 (200)...
Turn 3566 (200)...
Turn 3567 (200)...
Turn 3568 (200)...
Turn 3569 (200)...
Turn 3570 (200)...
Turn 3571 (200)...
Turn 3572 (200)...
Turn 3573 (200)...
Turn 3574 (200)...
Turn 3575 (200)...
Turn 3576 (200)...
Turn 3577 (200)...
Turn 3578 (200)...
Turn 3579 (200)...
[DEFENSE] t=11.9m demobilizing 21 soldiers to gathering
Turn 3580 (200)...
Turn 3581 (200)...
Turn 3582 (200)...
Turn 3583 (200)...
Turn 3584 (200)...
Turn 3585 (200)...
Turn 3586 (200)...
Turn 3587 (200)...
Turn 3588 (200)...
Turn 3589 (200)...
[DEFENSE] t=12.0m remobilizing 21 soldiers
Turn 3590 (200)...
Turn 3591 (200)...
Turn 3592 (200)...
Turn 3593 (200)...
Turn 3594 (200)...
Turn 3595 (200)...
Turn 3596 (200)...
Turn 3597 (200)...
Turn 3598 (200)...
Turn 3599 (200)...
Turn 3600 (200)...
Turn 3601 (200)...
Turn 3602 (200)...
Turn 3603 (200)...
Turn 3604 (200)...
Turn 3605 (200)...
Turn 3606 (200)...
Turn 3607 (200)...
Turn 3608 (200)...
Turn 3609 (200)...
Turn 3610 (200)...
Turn 3611 (200)...
Turn 3612 (200)...
Turn 3613 (200)...
Turn 3614 (200)...
[HARNESS] t=12.1m tower at 672,519 for CC 644,452
Turn 3615 (200)...
Turn 3616 (200)...
Turn 3617 (200)...
Turn 3618 (200)...
Turn 3619 (200)...
Turn 3620 (200)...
Turn 3621 (200)...
Turn 3622 (200)...
Turn 3623 (200)...
Turn 3624 (200)...
Turn 3625 (200)...
Turn 3626 (200)...
Turn 3627 (200)...
Turn 3628 (200)...
Turn 3629 (200)...
Turn 3630 (200)...
Turn 3631 (200)...
Turn 3632 (200)...
Turn 3633 (200)...
Turn 3634 (200)...
[HUNT] t=12.12m target gaia/fauna_sheep collect at 388,564 dist=280
Turn 3635 (200)...
Turn 3636 (200)...
Turn 3637 (200)...
Turn 3638 (200)...
Turn 3639 (200)...
Turn 3640 (200)...
Turn 3641 (200)...
Turn 3642 (200)...
Turn 3643 (200)...
Turn 3644 (200)...
Turn 3645 (200)...
Turn 3646 (200)...
Turn 3647 (200)...
Turn 3648 (200)...
Turn 3649 (200)...
Turn 3650 (200)...
Turn 3651 (200)...
Turn 3652 (200)...
Turn 3653 (200)...
Turn 3654 (200)...
Turn 3655 (200)...
Turn 3656 (200)...
Turn 3657 (200)...
Turn 3658 (200)...
Turn 3659 (200)...
Turn 3660 (200)...
Turn 3661 (200)...
Turn 3662 (200)...
Turn 3663 (200)...
Turn 3664 (200)...
Turn 3665 (200)...
Turn 3666 (200)...
Turn 3667 (200)...
Turn 3668 (200)...
Turn 3669 (200)...
Turn 3670 (200)...
Turn 3671 (200)...
Turn 3672 (200)...
Turn 3673 (200)...
Turn 3674 (200)...
Turn 3675 (200)...
Turn 3676 (200)...
Turn 3677 (200)...
Turn 3678 (200)...
Turn 3679 (200)...
Turn 3680 (200)...
Turn 3681 (200)...
Turn 3682 (200)...
Turn 3683 (200)...
Turn 3684 (200)...
Turn 3685 (200)...
Turn 3686 (200)...
Turn 3687 (200)...
Turn 3688 (200)...
Turn 3689 (200)...
Turn 3690 (200)...
Turn 3691 (200)...
Turn 3692 (200)...
Turn 3693 (200)...
Turn 3694 (200)...
Turn 3695 (200)...
Turn 3696 (200)...
Turn 3697 (200)...
Turn 3698 (200)...
Turn 3699 (200)...
Turn 3700 (200)...
Turn 3701 (200)...
Turn 3702 (200)...
Turn 3703 (200)...
Turn 3704 (200)...
Turn 3705 (200)...
Turn 3706 (200)...
Turn 3707 (200)...
Turn 3708 (200)...
Turn 3709 (200)...
Turn 3710 (200)...
Turn 3711 (200)...
Turn 3712 (200)...
Turn 3713 (200)...
Turn 3714 (200)...
Turn 3715 (200)...
Turn 3716 (200)...
Turn 3717 (200)...
Turn 3718 (200)...
Turn 3719 (200)...
Turn 3720 (200)...
Turn 3721 (200)...
Turn 3722 (200)...
Turn 3723 (200)...
Turn 3724 (200)...
Turn 3725 (200)...
Turn 3726 (200)...
Turn 3727 (200)...
Turn 3728 (200)...
Turn 3729 (200)...
Turn 3730 (200)...
Turn 3731 (200)...
Turn 3732 (200)...
Turn 3733 (200)...
Turn 3734 (200)...
Turn 3735 (200)...
Turn 3736 (200)...
Turn 3737 (200)...
Turn 3738 (200)...
Turn 3739 (200)...
Turn 3740 (200)...
Turn 3741 (200)...
Turn 3742 (200)...
Turn 3743 (200)...
Turn 3744 (200)...
Turn 3745 (200)...
Turn 3746 (200)...
Turn 3747 (200)...
Turn 3748 (200)...
Turn 3749 (200)...
[HUNT] t=12.50m adopted carcass resource|gaia/fauna_sheep at 387,558 mode=collect dropDist=250
[HUNT] t=12.50m carcass resource|gaia/fauna_sheep at 387,558 mode=collect inTerr=false dropDist=250
[HARNESS] t=13m pop=115/120 idle=25 starved=0 gatherers food=26 wood=29 stone=14 metal=12 houses=20 fields=6 town=1 techs=2/10 rates wood=59% grain=75% fruit=- stone=66% metal=78% foodmix fruit=0 grain=1415 meat=80 dist wood=7m grain=0m fruit=-m founds=3 failedSpots=0 fruitStock=0 enemyArmy=60 siege=0 enemyNear=391m army=27 gar=0 demob=0 terr=- stock 5/41/419/889
Turn 3750 (200)...
Turn 3751 (200)...
Turn 3752 (200)...
Turn 3753 (200)...
Turn 3754 (200)...
Turn 3755 (200)...
Turn 3756 (200)...
Turn 3757 (200)...
Turn 3758 (200)...
Turn 3759 (200)...
Turn 3760 (200)...
Turn 3761 (200)...
Turn 3762 (200)...
Turn 3763 (200)...
Turn 3764 (200)...
Turn 3765 (200)...
Turn 3766 (200)...
Turn 3767 (200)...
Turn 3768 (200)...
Turn 3769 (200)...
Turn 3770 (200)...
Turn 3771 (200)...
Turn 3772 (200)...
Turn 3773 (200)...
Turn 3774 (200)...
Turn 3775 (200)...
Turn 3776 (200)...
Turn 3777 (200)...
Turn 3778 (200)...
Turn 3779 (200)...
Turn 3780 (200)...
Turn 3781 (200)...
Turn 3782 (200)...
Turn 3783 (200)...
Turn 3784 (200)...
Turn 3785 (200)...
Turn 3786 (200)...
Turn 3787 (200)...
Turn 3788 (200)...
Turn 3789 (200)...
Turn 3790 (200)...
Turn 3791 (200)...
Turn 3792 (200)...
Turn 3793 (200)...
Turn 3794 (200)...
Turn 3795 (200)...
Turn 3796 (200)...
Turn 3797 (200)...
Turn 3798 (200)...
Turn 3799 (200)...
Turn 3800 (200)...
Turn 3801 (200)...
Turn 3802 (200)...
Turn 3803 (200)...
Turn 3804 (200)...
Turn 3805 (200)...
Turn 3806 (200)...
Turn 3807 (200)...
Turn 3808 (200)...
Turn 3809 (200)...
Turn 3810 (200)...
Turn 3811 (200)...
Turn 3812 (200)...
Turn 3813 (200)...
Turn 3814 (200)...
Turn 3815 (200)...
Turn 3816 (200)...
Turn 3817 (200)...
Turn 3818 (200)...
Turn 3819 (200)...
Turn 3820 (200)...
Turn 3821 (200)...
Turn 3822 (200)...
Turn 3823 (200)...
Turn 3824 (200)...
Turn 3825 (200)...
Turn 3826 (200)...
Turn 3827 (200)...
Turn 3828 (200)...
Turn 3829 (200)...
Turn 3830 (200)...
Turn 3831 (200)...
Turn 3832 (200)...
Turn 3833 (200)...
Turn 3834 (200)...
[DEFENSE] t=12.8m retraining surge on: muster toward 62 (enemy army=62)
Turn 3835 (200)...
Turn 3836 (200)...
Turn 3837 (200)...
Turn 3838 (200)...
Turn 3839 (200)...
Turn 3840 (200)...
Turn 3841 (200)...
Turn 3842 (200)...
Turn 3843 (200)...
Turn 3844 (200)...
Turn 3845 (200)...
Turn 3846 (200)...
Turn 3847 (200)...
Turn 3848 (200)...
Turn 3849 (200)...
Turn 3850 (200)...
Turn 3851 (200)...
Turn 3852 (200)...
Turn 3853 (200)...
Turn 3854 (200)...
Turn 3855 (200)...
Turn 3856 (200)...
Turn 3857 (200)...
Turn 3858 (200)...
Turn 3859 (200)...
Turn 3860 (200)...
Turn 3861 (200)...
Turn 3862 (200)...
Turn 3863 (200)...
Turn 3864 (200)...
Turn 3865 (200)...
Turn 3866 (200)...
Turn 3867 (200)...
Turn 3868 (200)...
Turn 3869 (200)...
Turn 3870 (200)...
Turn 3871 (200)...
Turn 3872 (200)...
Turn 3873 (200)...
Turn 3874 (200)...
Turn 3875 (200)...
Turn 3876 (200)...
Turn 3877 (200)...
Turn 3878 (200)...
Turn 3879 (200)...
Turn 3880 (200)...
Turn 3881 (200)...
Turn 3882 (200)...
Turn 3883 (200)...
Turn 3884 (200)...
Turn 3885 (200)...
Turn 3886 (200)...
Turn 3887 (200)...
Turn 3888 (200)...
Turn 3889 (200)...
Turn 3890 (200)...
Turn 3891 (200)...
Turn 3892 (200)...
Turn 3893 (200)...
Turn 3894 (200)...
Turn 3895 (200)...
Turn 3896 (200)...
Turn 3897 (200)...
Turn 3898 (200)...
Turn 3899 (200)...
Turn 3900 (200)...
Turn 3901 (200)...
Turn 3902 (200)...
Turn 3903 (200)...
Turn 3904 (200)...
Turn 3905 (200)...
Turn 3906 (200)...
Turn 3907 (200)...
Turn 3908 (200)...
Turn 3909 (200)...
Turn 3910 (200)...
Turn 3911 (200)...
Turn 3912 (200)...
Turn 3913 (200)...
Turn 3914 (200)...
Turn 3915 (200)...
Turn 3916 (200)...
Turn 3917 (200)...
Turn 3918 (200)...
Turn 3919 (200)...
Turn 3920 (200)...
Turn 3921 (200)...
Turn 3922 (200)...
Turn 3923 (200)...
Turn 3924 (200)...
Turn 3925 (200)...
Turn 3926 (200)...
Turn 3927 (200)...
Turn 3928 (200)...
Turn 3929 (200)...
Turn 3930 (200)...
Turn 3931 (200)...
Turn 3932 (200)...
Turn 3933 (200)...
Turn 3934 (200)...
Turn 3935 (200)...
Turn 3936 (200)...
Turn 3937 (200)...
Turn 3938 (200)...
Turn 3939 (200)...
Turn 3940 (200)...
Turn 3941 (200)...
Turn 3942 (200)...
Turn 3943 (200)...
Turn 3944 (200)...
Turn 3945 (200)...
Turn 3946 (200)...
Turn 3947 (200)...
Turn 3948 (200)...
Turn 3949 (200)...
Turn 3950 (200)...
Turn 3951 (200)...
Turn 3952 (200)...
Turn 3953 (200)...
Turn 3954 (200)...
Turn 3955 (200)...
Turn 3956 (200)...
Turn 3957 (200)...
Turn 3958 (200)...
Turn 3959 (200)...
Turn 3960 (200)...
Turn 3961 (200)...
Turn 3962 (200)...
Turn 3963 (200)...
Turn 3964 (200)...
Turn 3965 (200)...
Turn 3966 (200)...
Turn 3967 (200)...
Turn 3968 (200)...
Turn 3969 (200)...
Turn 3970 (200)...
Turn 3971 (200)...
Turn 3972 (200)...
Turn 3973 (200)...
Turn 3974 (200)...
Turn 3975 (200)...
Turn 3976 (200)...
Turn 3977 (200)...
Turn 3978 (200)...
Turn 3979 (200)...
Turn 3980 (200)...
Turn 3981 (200)...
Turn 3982 (200)...
Turn 3983 (200)...
Turn 3984 (200)...
Turn 3985 (200)...
Turn 3986 (200)...
Turn 3987 (200)...
Turn 3988 (200)...
Turn 3989 (200)...
Turn 3990 (200)...
Turn 3991 (200)...
Turn 3992 (200)...
Turn 3993 (200)...
Turn 3994 (200)...
Turn 3995 (200)...
Turn 3996 (200)...
Turn 3997 (200)...
Turn 3998 (200)...
Turn 3999 (200)...
Turn 4000 (200)...
Turn 4001 (200)...
Turn 4002 (200)...
Turn 4003 (200)...
Turn 4004 (200)...
Turn 4005 (200)...
Turn 4006 (200)...
Turn 4007 (200)...
Turn 4008 (200)...
Turn 4009 (200)...
Turn 4010 (200)...
Turn 4011 (200)...
Turn 4012 (200)...
Turn 4013 (200)...
Turn 4014 (200)...
Turn 4015 (200)...
Turn 4016 (200)...
Turn 4017 (200)...
Turn 4018 (200)...
Turn 4019 (200)...
Turn 4020 (200)...
Turn 4021 (200)...
Turn 4022 (200)...
Turn 4023 (200)...
Turn 4024 (200)...
Turn 4025 (200)...
Turn 4026 (200)...
Turn 4027 (200)...
Turn 4028 (200)...
Turn 4029 (200)...
Turn 4030 (200)...
Turn 4031 (200)...
Turn 4032 (200)...
Turn 4033 (200)...
Turn 4034 (200)...
Turn 4035 (200)...
Turn 4036 (200)...
Turn 4037 (200)...
Turn 4038 (200)...
Turn 4039 (200)...
Turn 4040 (200)...
Turn 4041 (200)...
Turn 4042 (200)...
Turn 4043 (200)...
Turn 4044 (200)...
Turn 4045 (200)...
Turn 4046 (200)...
Turn 4047 (200)...
Turn 4048 (200)...
Turn 4049 (200)...
Turn 4050 (200)...
Turn 4051 (200)...
Turn 4052 (200)...
Turn 4053 (200)...
Turn 4054 (200)...
Turn 4055 (200)...
Turn 4056 (200)...
Turn 4057 (200)...
Turn 4058 (200)...
Turn 4059 (200)...
Turn 4060 (200)...
Turn 4061 (200)...
Turn 4062 (200)...
Turn 4063 (200)...
Turn 4064 (200)...
Turn 4065 (200)...
Turn 4066 (200)...
Turn 4067 (200)...
Turn 4068 (200)...
Turn 4069 (200)...
Turn 4070 (200)...
Turn 4071 (200)...
Turn 4072 (200)...
Turn 4073 (200)...
Turn 4074 (200)...
Turn 4075 (200)...
Turn 4076 (200)...
Turn 4077 (200)...
Turn 4078 (200)...
Turn 4079 (200)...
Turn 4080 (200)...
Turn 4081 (200)...
Turn 4082 (200)...
Turn 4083 (200)...
Turn 4084 (200)...
Turn 4085 (200)...
Turn 4086 (200)...
Turn 4087 (200)...
Turn 4088 (200)...
Turn 4089 (200)...
Turn 4090 (200)...
Turn 4091 (200)...
Turn 4092 (200)...
Turn 4093 (200)...
Turn 4094 (200)...
Turn 4095 (200)...
Turn 4096 (200)...
Turn 4097 (200)...
Turn 4098 (200)...
Turn 4099 (200)...
[THREAT] t=13.7m enemy army=70 siege=0 nearest=242m from home CC
Turn 4100 (200)...
Turn 4101 (200)...
Turn 4102 (200)...
Turn 4103 (200)...
Turn 4104 (200)...
Turn 4105 (200)...
Turn 4106 (200)...
Turn 4107 (200)...
Turn 4108 (200)...
Turn 4109 (200)...
Turn 4110 (200)...
Turn 4111 (200)...
Turn 4112 (200)...
Turn 4113 (200)...
Turn 4114 (200)...
Turn 4115 (200)...
Turn 4116 (200)...
Turn 4117 (200)...
Turn 4118 (200)...
Turn 4119 (200)...
Turn 4120 (200)...
Turn 4121 (200)...
Turn 4122 (200)...
Turn 4123 (200)...
Turn 4124 (200)...
Turn 4125 (200)...
Turn 4126 (200)...
Turn 4127 (200)...
Turn 4128 (200)...
Turn 4129 (200)...
Turn 4130 (200)...
Turn 4131 (200)...
Turn 4132 (200)...
Turn 4133 (200)...
Turn 4134 (200)...
Turn 4135 (200)...
Turn 4136 (200)...
Turn 4137 (200)...
Turn 4138 (200)...
Turn 4139 (200)...
Turn 4140 (200)...
Turn 4141 (200)...
Turn 4142 (200)...
Turn 4143 (200)...
Turn 4144 (200)...
Turn 4145 (200)...
Turn 4146 (200)...
Turn 4147 (200)...
Turn 4148 (200)...
Turn 4149 (200)...
Turn 4150 (200)...
Turn 4151 (200)...
Turn 4152 (200)...
Turn 4153 (200)...
Turn 4154 (200)...
Turn 4155 (200)...
Turn 4156 (200)...
Turn 4157 (200)...
Turn 4158 (200)...
Turn 4159 (200)...
Turn 4160 (200)...
Turn 4161 (200)...
Turn 4162 (200)...
Turn 4163 (200)...
Turn 4164 (200)...
Turn 4165 (200)...
Turn 4166 (200)...
Turn 4167 (200)...
Turn 4168 (200)...
Turn 4169 (200)...
Turn 4170 (200)...
Turn 4171 (200)...
Turn 4172 (200)...
Turn 4173 (200)...
Turn 4174 (200)...
Turn 4175 (200)...
Turn 4176 (200)...
Turn 4177 (200)...
Turn 4178 (200)...
Turn 4179 (200)...
[THREAT] t=13.9m enemy army=70 siege=0 nearest=145m from home CC
Turn 4180 (200)...
Turn 4181 (200)...
Turn 4182 (200)...
Turn 4183 (200)...
Turn 4184 (200)...
Turn 4185 (200)...
Turn 4186 (200)...
Turn 4187 (200)...
Turn 4188 (200)...
Turn 4189 (200)...
Turn 4190 (200)...
Turn 4191 (200)...
Turn 4192 (200)...
Turn 4193 (200)...
Turn 4194 (200)...
Turn 4195 (200)...
Turn 4196 (200)...
Turn 4197 (200)...
Turn 4198 (200)...
Turn 4199 (200)...
Turn 4200 (200)...
Turn 4201 (200)...
Turn 4202 (200)...
Turn 4203 (200)...
Turn 4204 (200)...
[THREAT] t=14.0m enemy army=70 siege=0 nearest=75m from home CC
Turn 4205 (200)...
Turn 4206 (200)...
Turn 4207 (200)...
Turn 4208 (200)...
Turn 4209 (200)...
[DEFENSE] t=14.0m engaging 10 enemies (siege=0) near CC 633,355 (army=40)
Turn 4210 (200)...
Turn 4211 (200)...
Turn 4212 (200)...
Turn 4213 (200)...
Turn 4214 (200)...
Turn 4215 (200)...
Turn 4216 (200)...
Turn 4217 (200)...
Turn 4218 (200)...
Turn 4219 (200)...
Turn 4220 (200)...
Turn 4221 (200)...
Turn 4222 (200)...
Turn 4223 (200)...
Turn 4224 (200)...
Turn 4225 (200)...
Turn 4226 (200)...
Turn 4227 (200)...
Turn 4228 (200)...
Turn 4229 (200)...
Turn 4230 (200)...
Turn 4231 (200)...
Turn 4232 (200)...
Turn 4233 (200)...
Turn 4234 (200)...
Turn 4235 (200)...
Turn 4236 (200)...
Turn 4237 (200)...
Turn 4238 (200)...
Turn 4239 (200)...
Turn 4240 (200)...
Turn 4241 (200)...
Turn 4242 (200)...
Turn 4243 (200)...
Turn 4244 (200)...
Turn 4245 (200)...
Turn 4246 (200)...
Turn 4247 (200)...
Turn 4248 (200)...
Turn 4249 (200)...
Turn 4250 (200)...
Turn 4251 (200)...
Turn 4252 (200)...
Turn 4253 (200)...
Turn 4254 (200)...
Turn 4255 (200)...
Turn 4256 (200)...
Turn 4257 (200)...
Turn 4258 (200)...
Turn 4259 (200)...
Turn 4260 (200)...
Turn 4261 (200)...
Turn 4262 (200)...
Turn 4263 (200)...
Turn 4264 (200)...
Turn 4265 (200)...
Turn 4266 (200)...
Turn 4267 (200)...
Turn 4268 (200)...
Turn 4269 (200)...
Turn 4270 (200)...
Turn 4271 (200)...
Turn 4272 (200)...
Turn 4273 (200)...
Turn 4274 (200)...
Turn 4275 (200)...
Turn 4276 (200)...
Turn 4277 (200)...
Turn 4278 (200)...
Turn 4279 (200)...
Turn 4280 (200)...
Turn 4281 (200)...
Turn 4282 (200)...
Turn 4283 (200)...
Turn 4284 (200)...
Turn 4285 (200)...
Turn 4286 (200)...
Turn 4287 (200)...
Turn 4288 (200)...
Turn 4289 (200)...
Turn 4290 (200)...
Turn 4291 (200)...
Turn 4292 (200)...
Turn 4293 (200)...
Turn 4294 (200)...
Turn 4295 (200)...
Turn 4296 (200)...
Turn 4297 (200)...
Turn 4298 (200)...
Turn 4299 (200)...
Turn 4300 (200)...
Turn 4301 (200)...
Turn 4302 (200)...
Turn 4303 (200)...
Turn 4304 (200)...
Turn 4305 (200)...
Turn 4306 (200)...
Turn 4307 (200)...
Turn 4308 (200)...
Turn 4309 (200)...
Turn 4310 (200)...
Turn 4311 (200)...
Turn 4312 (200)...
Turn 4313 (200)...
Turn 4314 (200)...
Turn 4315 (200)...
Turn 4316 (200)...
Turn 4317 (200)...
Turn 4318 (200)...
Turn 4319 (200)...
Turn 4320 (200)...
Turn 4321 (200)...
Turn 4322 (200)...
Turn 4323 (200)...
Turn 4324 (200)...
Turn 4325 (200)...
Turn 4326 (200)...
Turn 4327 (200)...
Turn 4328 (200)...
Turn 4329 (200)...
Turn 4330 (200)...
Turn 4331 (200)...
Turn 4332 (200)...
Turn 4333 (200)...
Turn 4334 (200)...
Turn 4335 (200)...
Turn 4336 (200)...
Turn 4337 (200)...
Turn 4338 (200)...
Turn 4339 (200)...
Turn 4340 (200)...
Turn 4341 (200)...
Turn 4342 (200)...
Turn 4343 (200)...
Turn 4344 (200)...
Turn 4345 (200)...
Turn 4346 (200)...
Turn 4347 (200)...
Turn 4348 (200)...
Turn 4349 (200)...
Turn 4350 (200)...
Turn 4351 (200)...
Turn 4352 (200)...
Turn 4353 (200)...
Turn 4354 (200)...
Turn 4355 (200)...
Turn 4356 (200)...
Turn 4357 (200)...
Turn 4358 (200)...
Turn 4359 (200)...
Turn 4360 (200)...
Turn 4361 (200)...
Turn 4362 (200)...
Turn 4363 (200)...
Turn 4364 (200)...
Turn 4365 (200)...
Turn 4366 (200)...
Turn 4367 (200)...
Turn 4368 (200)...
Turn 4369 (200)...
Turn 4370 (200)...
Turn 4371 (200)...
Turn 4372 (200)...
Turn 4373 (200)...
Turn 4374 (200)...
Turn 4375 (200)...
Turn 4376 (200)...
Turn 4377 (200)...
Turn 4378 (200)...
Turn 4379 (200)...
Turn 4380 (200)...
Turn 4381 (200)...
Turn 4382 (200)...
Turn 4383 (200)...
Turn 4384 (200)...
Turn 4385 (200)...
Turn 4386 (200)...
Turn 4387 (200)...
Turn 4388 (200)...
Turn 4389 (200)...
Turn 4390 (200)...
Turn 4391 (200)...
Turn 4392 (200)...
Turn 4393 (200)...
Turn 4394 (200)...
Turn 4395 (200)...
Turn 4396 (200)...
Turn 4397 (200)...
Turn 4398 (200)...
Turn 4399 (200)...
Turn 4400 (200)...
Turn 4401 (200)...
Turn 4402 (200)...
Turn 4403 (200)...
Turn 4404 (200)...
Turn 4405 (200)...
Turn 4406 (200)...
Turn 4407 (200)...
Turn 4408 (200)...
Turn 4409 (200)...
Turn 4410 (200)...
Turn 4411 (200)...
Turn 4412 (200)...
Turn 4413 (200)...
Turn 4414 (200)...
Turn 4415 (200)...
Turn 4416 (200)...
Turn 4417 (200)...
Turn 4418 (200)...
Turn 4419 (200)...
Turn 4420 (200)...
Turn 4421 (200)...
Turn 4422 (200)...
Turn 4423 (200)...
Turn 4424 (200)...
Turn 4425 (200)...
Turn 4426 (200)...
Turn 4427 (200)...
Turn 4428 (200)...
Turn 4429 (200)...
Turn 4430 (200)...
Turn 4431 (200)...
Turn 4432 (200)...
Turn 4433 (200)...
Turn 4434 (200)...
Turn 4435 (200)...
Turn 4436 (200)...
Turn 4437 (200)...
Turn 4438 (200)...
Turn 4439 (200)...
Turn 4440 (200)...
Turn 4441 (200)...
Turn 4442 (200)...
Turn 4443 (200)...
Turn 4444 (200)...
Turn 4445 (200)...
Turn 4446 (200)...
Turn 4447 (200)...
Turn 4448 (200)...
Turn 4449 (200)...
Turn 4450 (200)...
Turn 4451 (200)...
Turn 4452 (200)...
Turn 4453 (200)...
Turn 4454 (200)...
Turn 4455 (200)...
Turn 4456 (200)...
Turn 4457 (200)...
Turn 4458 (200)...
Turn 4459 (200)...
Turn 4460 (200)...
Turn 4461 (200)...
Turn 4462 (200)...
Turn 4463 (200)...
Turn 4464 (200)...
Turn 4465 (200)...
Turn 4466 (200)...
Turn 4467 (200)...
Turn 4468 (200)...
Turn 4469 (200)...
Turn 4470 (200)...
Turn 4471 (200)...
Turn 4472 (200)...
Turn 4473 (200)...
Turn 4474 (200)...
Turn 4475 (200)...
Turn 4476 (200)...
Turn 4477 (200)...
Turn 4478 (200)...
Turn 4479 (200)...
Turn 4480 (200)...
Turn 4481 (200)...
Turn 4482 (200)...
Turn 4483 (200)...
Turn 4484 (200)...
Turn 4485 (200)...
Turn 4486 (200)...
Turn 4487 (200)...
Turn 4488 (200)...
Turn 4489 (200)...
Turn 4490 (200)...
Turn 4491 (200)...
Turn 4492 (200)...
Turn 4493 (200)...
Turn 4494 (200)...
Turn 4495 (200)...
Turn 4496 (200)...
Turn 4497 (200)...
Turn 4498 (200)...
Turn 4499 (200)...
[DEFENSE] t=15.0m wave of 8 at 393m of CC 644,452 — mustering melee=18 ranged=15 healers=0
[HARNESS] t=15m pop=100/145 idle=0 starved=0 gatherers food=0 wood=0 stone=0 metal=0 houses=25 fields=7 town=1 techs=2/10 rates wood=65% grain=76% fruit=- stone=71% metal=63% foodmix fruit=0 grain=1034 meat=80 dist wood=50m grain=4m fruit=-m founds=2 failedSpots=0 fruitStock=0 enemyArmy=39 siege=0 enemyNear=62m army=33 gar=0 demob=0 terr=- stock 41/74/797/1160
[WARNING] t=15m lumberjacks work at mean 50m from the nearest dropsite (>40m) — wood storehouse coverage is failing
Turn 4500 (200)...
Turn 4501 (200)...
Turn 4502 (200)...
Turn 4503 (200)...
Turn 4504 (200)...
Turn 4505 (200)...
Turn 4506 (200)...
Turn 4507 (200)...
Turn 4508 (200)...
Turn 4509 (200)...
Turn 4510 (200)...
Turn 4511 (200)...
Turn 4512 (200)...
Turn 4513 (200)...
Turn 4514 (200)...
Turn 4515 (200)...
Turn 4516 (200)...
Turn 4517 (200)...
Turn 4518 (200)...
Turn 4519 (200)...
Turn 4520 (200)...
Turn 4521 (200)...
Turn 4522 (200)...
Turn 4523 (200)...
Turn 4524 (200)...
Turn 4525 (200)...
Turn 4526 (200)...
Turn 4527 (200)...
Turn 4528 (200)...
Turn 4529 (200)...
Turn 4530 (200)...
Turn 4531 (200)...
Turn 4532 (200)...
Turn 4533 (200)...
Turn 4534 (200)...
Turn 4535 (200)...
Turn 4536 (200)...
Turn 4537 (200)...
Turn 4538 (200)...
Turn 4539 (200)...
Turn 4540 (200)...
Turn 4541 (200)...
Turn 4542 (200)...
Turn 4543 (200)...
Turn 4544 (200)...
Turn 4545 (200)...
Turn 4546 (200)...
Turn 4547 (200)...
Turn 4548 (200)...
Turn 4549 (200)...
Turn 4550 (200)...
Turn 4551 (200)...
Turn 4552 (200)...
Turn 4553 (200)...
Turn 4554 (200)...
Turn 4555 (200)...
Turn 4556 (200)...
Turn 4557 (200)...
Turn 4558 (200)...
Turn 4559 (200)...
Turn 4560 (200)...
Turn 4561 (200)...
Turn 4562 (200)...
Turn 4563 (200)...
Turn 4564 (200)...
Turn 4565 (200)...
Turn 4566 (200)...
Turn 4567 (200)...
Turn 4568 (200)...
Turn 4569 (200)...
Turn 4570 (200)...
Turn 4571 (200)...
Turn 4572 (200)...
Turn 4573 (200)...
Turn 4574 (200)...
Turn 4575 (200)...
Turn 4576 (200)...
Turn 4577 (200)...
Turn 4578 (200)...
Turn 4579 (200)...
Turn 4580 (200)...
Turn 4581 (200)...
Turn 4582 (200)...
Turn 4583 (200)...
Turn 4584 (200)...
Turn 4585 (200)...
Turn 4586 (200)...
Turn 4587 (200)...
Turn 4588 (200)...
Turn 4589 (200)...
Turn 4590 (200)...
Turn 4591 (200)...
Turn 4592 (200)...
Turn 4593 (200)...
Turn 4594 (200)...
Turn 4595 (200)...
Turn 4596 (200)...
Turn 4597 (200)...
Turn 4598 (200)...
Turn 4599 (200)...
Turn 4600 (200)...
Turn 4601 (200)...
Turn 4602 (200)...
Turn 4603 (200)...
Turn 4604 (200)...
Turn 4605 (200)...
Turn 4606 (200)...
Turn 4607 (200)...
Turn 4608 (200)...
Turn 4609 (200)...
Turn 4610 (200)...
Turn 4611 (200)...
Turn 4612 (200)...
Turn 4613 (200)...
Turn 4614 (200)...
Turn 4615 (200)...
Turn 4616 (200)...
Turn 4617 (200)...
Turn 4618 (200)...
Turn 4619 (200)...
Turn 4620 (200)...
Turn 4621 (200)...
Turn 4622 (200)...
Turn 4623 (200)...
Turn 4624 (200)...
Turn 4625 (200)...
Turn 4626 (200)...
Turn 4627 (200)...
Turn 4628 (200)...
Turn 4629 (200)...
Turn 4630 (200)...
Turn 4631 (200)...
Turn 4632 (200)...
Turn 4633 (200)...
Turn 4634 (200)...
Turn 4635 (200)...
Turn 4636 (200)...
Turn 4637 (200)...
Turn 4638 (200)...
Turn 4639 (200)...
Turn 4640 (200)...
Turn 4641 (200)...
Turn 4642 (200)...
Turn 4643 (200)...
Turn 4644 (200)...
Turn 4645 (200)...
Turn 4646 (200)...
Turn 4647 (200)...
Turn 4648 (200)...
Turn 4649 (200)...
Turn 4650 (200)...
Turn 4651 (200)...
Turn 4652 (200)...
Turn 4653 (200)...
Turn 4654 (200)...
Turn 4655 (200)...
Turn 4656 (200)...
Turn 4657 (200)...
Turn 4658 (200)...
Turn 4659 (200)...
Turn 4660 (200)...
Turn 4661 (200)...
Turn 4662 (200)...
Turn 4663 (200)...
Turn 4664 (200)...
Turn 4665 (200)...
Turn 4666 (200)...
Turn 4667 (200)...
Turn 4668 (200)...
Turn 4669 (200)...
[HUNT] t=15.57m target gaia/fauna_deer collect at 448,226 dist=300
Turn 4670 (200)...
Turn 4671 (200)...
Turn 4672 (200)...
Turn 4673 (200)...
Turn 4674 (200)...
Turn 4675 (200)...
Turn 4676 (200)...
Turn 4677 (200)...
Turn 4678 (200)...
Turn 4679 (200)...
Turn 4680 (200)...
Turn 4681 (200)...
Turn 4682 (200)...
Turn 4683 (200)...
Turn 4684 (200)...
Turn 4685 (200)...
Turn 4686 (200)...
Turn 4687 (200)...
Turn 4688 (200)...
Turn 4689 (200)...
Turn 4690 (200)...
Turn 4691 (200)...
Turn 4692 (200)...
Turn 4693 (200)...
Turn 4694 (200)...
Turn 4695 (200)...
Turn 4696 (200)...
Turn 4697 (200)...
Turn 4698 (200)...
Turn 4699 (200)...
Turn 4700 (200)...
Turn 4701 (200)...
Turn 4702 (200)...
Turn 4703 (200)...
Turn 4704 (200)...
Turn 4705 (200)...
Turn 4706 (200)...
Turn 4707 (200)...
Turn 4708 (200)...
Turn 4709 (200)...
Turn 4710 (200)...
Turn 4711 (200)...
Turn 4712 (200)...
Turn 4713 (200)...
Turn 4714 (200)...
Turn 4715 (200)...
Turn 4716 (200)...
Turn 4717 (200)...
Turn 4718 (200)...
Turn 4719 (200)...
Turn 4720 (200)...
Turn 4721 (200)...
Turn 4722 (200)...
Turn 4723 (200)...
Turn 4724 (200)...
[HARNESS] t=15.8m storehouse at 726,407 for wood 734,398 (0 underserved + 2 frontier, mass 4920)
Turn 4725 (200)...
Turn 4726 (200)...
Turn 4727 (200)...
Turn 4728 (200)...
Turn 4729 (200)...
[HARNESS] t=15.8m rush-building storehouse at 726,407 (8 wood choppers)
Turn 4730 (200)...
Turn 4731 (200)...
Turn 4732 (200)...
Turn 4733 (200)...
Turn 4734 (200)...
Turn 4735 (200)...
Turn 4736 (200)...
Turn 4737 (200)...
Turn 4738 (200)...
Turn 4739 (200)...
Turn 4740 (200)...
Turn 4741 (200)...
Turn 4742 (200)...
Turn 4743 (200)...
Turn 4744 (200)...
Turn 4745 (200)...
Turn 4746 (200)...
Turn 4747 (200)...
Turn 4748 (200)...
Turn 4749 (200)...
Turn 4750 (200)...
Turn 4751 (200)...
Turn 4752 (200)...
Turn 4753 (200)...
Turn 4754 (200)...
Turn 4755 (200)...
Turn 4756 (200)...
Turn 4757 (200)...
Turn 4758 (200)...
Turn 4759 (200)...
Turn 4760 (200)...
Turn 4761 (200)...
Turn 4762 (200)...
Turn 4763 (200)...
Turn 4764 (200)...
Turn 4765 (200)...
Turn 4766 (200)...
Turn 4767 (200)...
Turn 4768 (200)...
Turn 4769 (200)...
Turn 4770 (200)...
Turn 4771 (200)...
Turn 4772 (200)...
Turn 4773 (200)...
Turn 4774 (200)...
Turn 4775 (200)...
Turn 4776 (200)...
Turn 4777 (200)...
Turn 4778 (200)...
Turn 4779 (200)...
Turn 4780 (200)...
Turn 4781 (200)...
Turn 4782 (200)...
Turn 4783 (200)...
Turn 4784 (200)...
Turn 4785 (200)...
Turn 4786 (200)...
Turn 4787 (200)...
Turn 4788 (200)...
Turn 4789 (200)...
Turn 4790 (200)...
Turn 4791 (200)...
Turn 4792 (200)...
Turn 4793 (200)...
Turn 4794 (200)...
[HUNT] t=15.99m adopted carcass resource|gaia/fauna_deer at 456,211 mode=collect dropDist=233
[HUNT] t=15.99m carcass resource|gaia/fauna_deer at 456,211 mode=collect inTerr=false dropDist=233
Turn 4795 (200)...
Turn 4796 (200)...
Turn 4797 (200)...
Turn 4798 (200)...
Turn 4799 (200)...
[HARNESS] t=16.0m farmstead at 584,382 for fields 610,384 (2 underserved)
Turn 4800 (200)...
Turn 4801 (200)...
Turn 4802 (200)...
Turn 4803 (200)...
Turn 4804 (200)...
Turn 4805 (200)...
Turn 4806 (200)...
Turn 4807 (200)...
Turn 4808 (200)...
Turn 4809 (200)...
Turn 4810 (200)...
Turn 4811 (200)...
Turn 4812 (200)...
Turn 4813 (200)...
Turn 4814 (200)...
Turn 4815 (200)...
Turn 4816 (200)...
Turn 4817 (200)...
Turn 4818 (200)...
Turn 4819 (200)...
Turn 4820 (200)...
Turn 4821 (200)...
Turn 4822 (200)...
Turn 4823 (200)...
Turn 4824 (200)...
Turn 4825 (200)...
Turn 4826 (200)...
Turn 4827 (200)...
Turn 4828 (200)...
Turn 4829 (200)...
Turn 4830 (200)...
Turn 4831 (200)...
Turn 4832 (200)...
Turn 4833 (200)...
Turn 4834 (200)...
Turn 4835 (200)...
Turn 4836 (200)...
Turn 4837 (200)...
Turn 4838 (200)...
Turn 4839 (200)...
Turn 4840 (200)...
Turn 4841 (200)...
Turn 4842 (200)...
Turn 4843 (200)...
Turn 4844 (200)...
Turn 4845 (200)...
Turn 4846 (200)...
Turn 4847 (200)...
Turn 4848 (200)...
Turn 4849 (200)...
Turn 4850 (200)...
Turn 4851 (200)...
Turn 4852 (200)...
Turn 4853 (200)...
Turn 4854 (200)...
Turn 4855 (200)...
Turn 4856 (200)...
Turn 4857 (200)...
Turn 4858 (200)...
Turn 4859 (200)...
Turn 4860 (200)...
Turn 4861 (200)...
Turn 4862 (200)...
Turn 4863 (200)...
Turn 4864 (200)...
Turn 4865 (200)...
Turn 4866 (200)...
Turn 4867 (200)...
Turn 4868 (200)...
Turn 4869 (200)...
Turn 4870 (200)...
Turn 4871 (200)...
Turn 4872 (200)...
Turn 4873 (200)...
Turn 4874 (200)...
Turn 4875 (200)...
Turn 4876 (200)...
Turn 4877 (200)...
Turn 4878 (200)...
Turn 4879 (200)...
Turn 4880 (200)...
Turn 4881 (200)...
Turn 4882 (200)...
Turn 4883 (200)...
Turn 4884 (200)...
Turn 4885 (200)...
Turn 4886 (200)...
Turn 4887 (200)...
Turn 4888 (200)...
Turn 4889 (200)...
Turn 4890 (200)...
Turn 4891 (200)...
Turn 4892 (200)...
Turn 4893 (200)...
Turn 4894 (200)...
Turn 4895 (200)...
Turn 4896 (200)...
Turn 4897 (200)...
Turn 4898 (200)...
Turn 4899 (200)...
Turn 4900 (200)...
Turn 4901 (200)...
Turn 4902 (200)...
Turn 4903 (200)...
Turn 4904 (200)...
Turn 4905 (200)...
Turn 4906 (200)...
Turn 4907 (200)...
Turn 4908 (200)...
Turn 4909 (200)...
Turn 4910 (200)...
Turn 4911 (200)...
Turn 4912 (200)...
Turn 4913 (200)...
Turn 4914 (200)...
Turn 4915 (200)...
Turn 4916 (200)...
Turn 4917 (200)...
Turn 4918 (200)...
Turn 4919 (200)...
Turn 4920 (200)...
Turn 4921 (200)...
Turn 4922 (200)...
Turn 4923 (200)...
Turn 4924 (200)...
Turn 4925 (200)...
Turn 4926 (200)...
Turn 4927 (200)...
Turn 4928 (200)...
Turn 4929 (200)...
Turn 4930 (200)...
Turn 4931 (200)...
Turn 4932 (200)...
Turn 4933 (200)...
Turn 4934 (200)...
Turn 4935 (200)...
Turn 4936 (200)...
Turn 4937 (200)...
Turn 4938 (200)...
Turn 4939 (200)...
Turn 4940 (200)...
Turn 4941 (200)...
Turn 4942 (200)...
Turn 4943 (200)...
Turn 4944 (200)...
Turn 4945 (200)...
Turn 4946 (200)...
Turn 4947 (200)...
Turn 4948 (200)...
Turn 4949 (200)...
Turn 4950 (200)...
Turn 4951 (200)...
Turn 4952 (200)...
Turn 4953 (200)...
Turn 4954 (200)...
Turn 4955 (200)...
Turn 4956 (200)...
Turn 4957 (200)...
Turn 4958 (200)...
Turn 4959 (200)...
Turn 4960 (200)...
Turn 4961 (200)...
Turn 4962 (200)...
Turn 4963 (200)...
Turn 4964 (200)...
Turn 4965 (200)...
Turn 4966 (200)...
Turn 4967 (200)...
Turn 4968 (200)...
Turn 4969 (200)...
Turn 4970 (200)...
Turn 4971 (200)...
Turn 4972 (200)...
Turn 4973 (200)...
Turn 4974 (200)...
Turn 4975 (200)...
Turn 4976 (200)...
Turn 4977 (200)...
Turn 4978 (200)...
Turn 4979 (200)...
Turn 4980 (200)...
Turn 4981 (200)...
Turn 4982 (200)...
Turn 4983 (200)...
Turn 4984 (200)...
Turn 4985 (200)...
Turn 4986 (200)...
Turn 4987 (200)...
Turn 4988 (200)...
Turn 4989 (200)...
Turn 4990 (200)...
Turn 4991 (200)...
Turn 4992 (200)...
Turn 4993 (200)...
Turn 4994 (200)...
Turn 4995 (200)...
Turn 4996 (200)...
Turn 4997 (200)...
Turn 4998 (200)...
Turn 4999 (200)...
Turn 5000 (200)...
Turn 5001 (200)...
Turn 5002 (200)...
Turn 5003 (200)...
Turn 5004 (200)...
Turn 5005 (200)...
Turn 5006 (200)...
Turn 5007 (200)...
Turn 5008 (200)...
Turn 5009 (200)...
Turn 5010 (200)...
Turn 5011 (200)...
Turn 5012 (200)...
Turn 5013 (200)...
Turn 5014 (200)...
Turn 5015 (200)...
Turn 5016 (200)...
Turn 5017 (200)...
Turn 5018 (200)...
Turn 5019 (200)...
Turn 5020 (200)...
Turn 5021 (200)...
Turn 5022 (200)...
Turn 5023 (200)...
Turn 5024 (200)...
Turn 5025 (200)...
Turn 5026 (200)...
Turn 5027 (200)...
Turn 5028 (200)...
Turn 5029 (200)...
Turn 5030 (200)...
Turn 5031 (200)...
Turn 5032 (200)...
Turn 5033 (200)...
Turn 5034 (200)...
Turn 5035 (200)...
Turn 5036 (200)...
Turn 5037 (200)...
Turn 5038 (200)...
Turn 5039 (200)...
Turn 5040 (200)...
Turn 5041 (200)...
Turn 5042 (200)...
Turn 5043 (200)...
Turn 5044 (200)...
Turn 5045 (200)...
Turn 5046 (200)...
Turn 5047 (200)...
Turn 5048 (200)...
Turn 5049 (200)...
Turn 5050 (200)...
Turn 5051 (200)...
Turn 5052 (200)...
Turn 5053 (200)...
Turn 5054 (200)...
Turn 5055 (200)...
Turn 5056 (200)...
Turn 5057 (200)...
Turn 5058 (200)...
Turn 5059 (200)...
Turn 5060 (200)...
Turn 5061 (200)...
Turn 5062 (200)...
Turn 5063 (200)...
Turn 5064 (200)...
Turn 5065 (200)...
Turn 5066 (200)...
Turn 5067 (200)...
Turn 5068 (200)...
Turn 5069 (200)...
Turn 5070 (200)...
Turn 5071 (200)...
Turn 5072 (200)...
Turn 5073 (200)...
Turn 5074 (200)...
[HARNESS] t=16.9m farmstead at 713,419 for fields 729,435 (2 underserved)
Turn 5075 (200)...
Turn 5076 (200)...
Turn 5077 (200)...
Turn 5078 (200)...
Turn 5079 (200)...
Turn 5080 (200)...
Turn 5081 (200)...
Turn 5082 (200)...
Turn 5083 (200)...
Turn 5084 (200)...
Turn 5085 (200)...
Turn 5086 (200)...
Turn 5087 (200)...
Turn 5088 (200)...
Turn 5089 (200)...
Turn 5090 (200)...
Turn 5091 (200)...
Turn 5092 (200)...
Turn 5093 (200)...
Turn 5094 (200)...
Turn 5095 (200)...
Turn 5096 (200)...
Turn 5097 (200)...
Turn 5098 (200)...
Turn 5099 (200)...
Turn 5100 (200)...
Turn 5101 (200)...
Turn 5102 (200)...
Turn 5103 (200)...
Turn 5104 (200)...
Turn 5105 (200)...
Turn 5106 (200)...
Turn 5107 (200)...
Turn 5108 (200)...
Turn 5109 (200)...
Turn 5110 (200)...
Turn 5111 (200)...
Turn 5112 (200)...
Turn 5113 (200)...
Turn 5114 (200)...
Turn 5115 (200)...
Turn 5116 (200)...
Turn 5117 (200)...
Turn 5118 (200)...
Turn 5119 (200)...
Turn 5120 (200)...
Turn 5121 (200)...
Turn 5122 (200)...
Turn 5123 (200)...
Turn 5124 (200)...
Turn 5125 (200)...
Turn 5126 (200)...
Turn 5127 (200)...
Turn 5128 (200)...
Turn 5129 (200)...
Turn 5130 (200)...
Turn 5131 (200)...
Turn 5132 (200)...
Turn 5133 (200)...
Turn 5134 (200)...
Turn 5135 (200)...
Turn 5136 (200)...
Turn 5137 (200)...
Turn 5138 (200)...
Turn 5139 (200)...
Turn 5140 (200)...
Turn 5141 (200)...
Turn 5142 (200)...
Turn 5143 (200)...
Turn 5144 (200)...
Turn 5145 (200)...
Turn 5146 (200)...
Turn 5147 (200)...
Turn 5148 (200)...
Turn 5149 (200)...
Turn 5150 (200)...
Turn 5151 (200)...
Turn 5152 (200)...
Turn 5153 (200)...
Turn 5154 (200)...
Turn 5155 (200)...
Turn 5156 (200)...
Turn 5157 (200)...
Turn 5158 (200)...
Turn 5159 (200)...
Turn 5160 (200)...
Turn 5161 (200)...
Turn 5162 (200)...
Turn 5163 (200)...
Turn 5164 (200)...
Turn 5165 (200)...
Turn 5166 (200)...
Turn 5167 (200)...
Turn 5168 (200)...
Turn 5169 (200)...
Turn 5170 (200)...
Turn 5171 (200)...
Turn 5172 (200)...
Turn 5173 (200)...
Turn 5174 (200)...
Turn 5175 (200)...
Turn 5176 (200)...
Turn 5177 (200)...
Turn 5178 (200)...
Turn 5179 (200)...
Turn 5180 (200)...
Turn 5181 (200)...
Turn 5182 (200)...
Turn 5183 (200)...
Turn 5184 (200)...
Turn 5185 (200)...
Turn 5186 (200)...
Turn 5187 (200)...
Turn 5188 (200)...
Turn 5189 (200)...
Turn 5190 (200)...
Turn 5191 (200)...
Turn 5192 (200)...
Turn 5193 (200)...
Turn 5194 (200)...
Turn 5195 (200)...
Turn 5196 (200)...
Turn 5197 (200)...
Turn 5198 (200)...
Turn 5199 (200)...
Turn 5200 (200)...
Turn 5201 (200)...
Turn 5202 (200)...
Turn 5203 (200)...
Turn 5204 (200)...
Turn 5205 (200)...
Turn 5206 (200)...
Turn 5207 (200)...
Turn 5208 (200)...
Turn 5209 (200)...
Turn 5210 (200)...
Turn 5211 (200)...
Turn 5212 (200)...
Turn 5213 (200)...
Turn 5214 (200)...
Turn 5215 (200)...
Turn 5216 (200)...
Turn 5217 (200)...
Turn 5218 (200)...
Turn 5219 (200)...
Turn 5220 (200)...
Turn 5221 (200)...
Turn 5222 (200)...
Turn 5223 (200)...
Turn 5224 (200)...
Turn 5225 (200)...
Turn 5226 (200)...
Turn 5227 (200)...
Turn 5228 (200)...
Turn 5229 (200)...
Turn 5230 (200)...
Turn 5231 (200)...
Turn 5232 (200)...
Turn 5233 (200)...
Turn 5234 (200)...
Turn 5235 (200)...
Turn 5236 (200)...
Turn 5237 (200)...
Turn 5238 (200)...
Turn 5239 (200)...
Turn 5240 (200)...
Turn 5241 (200)...
Turn 5242 (200)...
Turn 5243 (200)...
Turn 5244 (200)...
Turn 5245 (200)...
Turn 5246 (200)...
Turn 5247 (200)...
Turn 5248 (200)...
Turn 5249 (200)...
[HARNESS] t=18m pop=115/150 idle=39 starved=0 gatherers food=31 wood=36 stone=3 metal=0 houses=26 fields=11 town=1 techs=2/10 rates wood=46% grain=44% fruit=- stone=58% metal=- foodmix fruit=0 grain=797 meat=40 dist wood=12m grain=2m fruit=-m founds=1 failedSpots=0 fruitStock=0 enemyArmy=68 siege=0 enemyNear=379m army=42 gar=0 demob=0 terr=- stock 128/182/877/1169
Turn 5250 (200)...
Turn 5251 (200)...
Turn 5252 (200)...
Turn 5253 (200)...
Turn 5254 (200)...
Turn 5255 (200)...
Turn 5256 (200)...
Turn 5257 (200)...
Turn 5258 (200)...
Turn 5259 (200)...
Turn 5260 (200)...
Turn 5261 (200)...
Turn 5262 (200)...
Turn 5263 (200)...
Turn 5264 (200)...
Turn 5265 (200)...
Turn 5266 (200)...
Turn 5267 (200)...
Turn 5268 (200)...
Turn 5269 (200)...
Turn 5270 (200)...
Turn 5271 (200)...
Turn 5272 (200)...
Turn 5273 (200)...
Turn 5274 (200)...
Turn 5275 (200)...
Turn 5276 (200)...
Turn 5277 (200)...
Turn 5278 (200)...
Turn 5279 (200)...
Turn 5280 (200)...
Turn 5281 (200)...
Turn 5282 (200)...
Turn 5283 (200)...
Turn 5284 (200)...
Turn 5285 (200)...
Turn 5286 (200)...
Turn 5287 (200)...
Turn 5288 (200)...
Turn 5289 (200)...
Turn 5290 (200)...
Turn 5291 (200)...
Turn 5292 (200)...
Turn 5293 (200)...
Turn 5294 (200)...
Turn 5295 (200)...
Turn 5296 (200)...
Turn 5297 (200)...
Turn 5298 (200)...
Turn 5299 (200)...
Turn 5300 (200)...
Turn 5301 (200)...
Turn 5302 (200)...
Turn 5303 (200)...
Turn 5304 (200)...
Turn 5305 (200)...
Turn 5306 (200)...
Turn 5307 (200)...
Turn 5308 (200)...
Turn 5309 (200)...
Turn 5310 (200)...
Turn 5311 (200)...
Turn 5312 (200)...
Turn 5313 (200)...
Turn 5314 (200)...
Turn 5315 (200)...
Turn 5316 (200)...
Turn 5317 (200)...
Turn 5318 (200)...
Turn 5319 (200)...
Turn 5320 (200)...
Turn 5321 (200)...
Turn 5322 (200)...
Turn 5323 (200)...
Turn 5324 (200)...
Turn 5325 (200)...
Turn 5326 (200)...
Turn 5327 (200)...
Turn 5328 (200)...
Turn 5329 (200)...
[HARNESS] t=17.8m farmstead at 718,488 for fields 729,469 (2 underserved)
Turn 5330 (200)...
Turn 5331 (200)...
Turn 5332 (200)...
Turn 5333 (200)...
Turn 5334 (200)...
Turn 5335 (200)...
Turn 5336 (200)...
Turn 5337 (200)...
Turn 5338 (200)...
Turn 5339 (200)...
Turn 5340 (200)...
Turn 5341 (200)...
Turn 5342 (200)...
Turn 5343 (200)...
Turn 5344 (200)...
Turn 5345 (200)...
Turn 5346 (200)...
Turn 5347 (200)...
Turn 5348 (200)...
Turn 5349 (200)...
Turn 5350 (200)...
Turn 5351 (200)...
Turn 5352 (200)...
Turn 5353 (200)...
Turn 5354 (200)...
Turn 5355 (200)...
Turn 5356 (200)...
Turn 5357 (200)...
Turn 5358 (200)...
Turn 5359 (200)...
Turn 5360 (200)...
Turn 5361 (200)...
Turn 5362 (200)...
Turn 5363 (200)...
Turn 5364 (200)...
Turn 5365 (200)...
Turn 5366 (200)...
Turn 5367 (200)...
Turn 5368 (200)...
Turn 5369 (200)...
Turn 5370 (200)...
Turn 5371 (200)...
Turn 5372 (200)...
Turn 5373 (200)...
Turn 5374 (200)...
Turn 5375 (200)...
Turn 5376 (200)...
Turn 5377 (200)...
Turn 5378 (200)...
Turn 5379 (200)...
Turn 5380 (200)...
Turn 5381 (200)...
Turn 5382 (200)...
Turn 5383 (200)...
Turn 5384 (200)...
Turn 5385 (200)...
Turn 5386 (200)...
Turn 5387 (200)...
Turn 5388 (200)...
Turn 5389 (200)...
Turn 5390 (200)...
Turn 5391 (200)...
Turn 5392 (200)...
Turn 5393 (200)...
Turn 5394 (200)...
Turn 5395 (200)...
Turn 5396 (200)...
Turn 5397 (200)...
Turn 5398 (200)...
Turn 5399 (200)...
Turn 5400 (200)...
Turn 5401 (200)...
Turn 5402 (200)...
Turn 5403 (200)...
Turn 5404 (200)...
Turn 5405 (200)...
Turn 5406 (200)...
Turn 5407 (200)...
Turn 5408 (200)...
Turn 5409 (200)...
Turn 5410 (200)...
Turn 5411 (200)...
Turn 5412 (200)...
Turn 5413 (200)...
Turn 5414 (200)...
Turn 5415 (200)...
Turn 5416 (200)...
Turn 5417 (200)...
Turn 5418 (200)...
Turn 5419 (200)...
Turn 5420 (200)...
Turn 5421 (200)...
Turn 5422 (200)...
Turn 5423 (200)...
Turn 5424 (200)...
Turn 5425 (200)...
Turn 5426 (200)...
Turn 5427 (200)...
Turn 5428 (200)...
Turn 5429 (200)...
Turn 5430 (200)...
Turn 5431 (200)...
Turn 5432 (200)...
Turn 5433 (200)...
Turn 5434 (200)...
Turn 5435 (200)...
Turn 5436 (200)...
Turn 5437 (200)...
Turn 5438 (200)...
Turn 5439 (200)...
Turn 5440 (200)...
Turn 5441 (200)...
Turn 5442 (200)...
Turn 5443 (200)...
Turn 5444 (200)...
Turn 5445 (200)...
Turn 5446 (200)...
Turn 5447 (200)...
Turn 5448 (200)...
Turn 5449 (200)...
Turn 5450 (200)...
Turn 5451 (200)...
Turn 5452 (200)...
Turn 5453 (200)...
Turn 5454 (200)...
Turn 5455 (200)...
Turn 5456 (200)...
Turn 5457 (200)...
Turn 5458 (200)...
Turn 5459 (200)...
Turn 5460 (200)...
Turn 5461 (200)...
Turn 5462 (200)...
Turn 5463 (200)...
Turn 5464 (200)...
Turn 5465 (200)...
Turn 5466 (200)...
Turn 5467 (200)...
Turn 5468 (200)...
Turn 5469 (200)...
Turn 5470 (200)...
Turn 5471 (200)...
Turn 5472 (200)...
Turn 5473 (200)...
Turn 5474 (200)...
Turn 5475 (200)...
Turn 5476 (200)...
Turn 5477 (200)...
Turn 5478 (200)...
Turn 5479 (200)...
Turn 5480 (200)...
Turn 5481 (200)...
Turn 5482 (200)...
Turn 5483 (200)...
Turn 5484 (200)...
Turn 5485 (200)...
Turn 5486 (200)...
Turn 5487 (200)...
Turn 5488 (200)...
Turn 5489 (200)...
Turn 5490 (200)...
Turn 5491 (200)...
Turn 5492 (200)...
Turn 5493 (200)...
Turn 5494 (200)...
Turn 5495 (200)...
Turn 5496 (200)...
Turn 5497 (200)...
Turn 5498 (200)...
Turn 5499 (200)...
Turn 5500 (200)...
Turn 5501 (200)...
Turn 5502 (200)...
Turn 5503 (200)...
Turn 5504 (200)...
Turn 5505 (200)...
Turn 5506 (200)...
Turn 5507 (200)...
Turn 5508 (200)...
Turn 5509 (200)...
Turn 5510 (200)...
Turn 5511 (200)...
Turn 5512 (200)...
Turn 5513 (200)...
Turn 5514 (200)...
Turn 5515 (200)...
Turn 5516 (200)...
Turn 5517 (200)...
Turn 5518 (200)...
Turn 5519 (200)...
Turn 5520 (200)...
Turn 5521 (200)...
Turn 5522 (200)...
Turn 5523 (200)...
Turn 5524 (200)...
Turn 5525 (200)...
Turn 5526 (200)...
Turn 5527 (200)...
Turn 5528 (200)...
Turn 5529 (200)...
Turn 5530 (200)...
Turn 5531 (200)...
Turn 5532 (200)...
Turn 5533 (200)...
Turn 5534 (200)...
Turn 5535 (200)...
Turn 5536 (200)...
Turn 5537 (200)...
Turn 5538 (200)...
Turn 5539 (200)...
Turn 5540 (200)...
Turn 5541 (200)...
Turn 5542 (200)...
Turn 5543 (200)...
Turn 5544 (200)...
Turn 5545 (200)...
Turn 5546 (200)...
Turn 5547 (200)...
Turn 5548 (200)...
Turn 5549 (200)...
Turn 5550 (200)...
Turn 5551 (200)...
Turn 5552 (200)...
Turn 5553 (200)...
Turn 5554 (200)...
Turn 5555 (200)...
Turn 5556 (200)...
Turn 5557 (200)...
Turn 5558 (200)...
Turn 5559 (200)...
Turn 5560 (200)...
Turn 5561 (200)...
Turn 5562 (200)...
Turn 5563 (200)...
Turn 5564 (200)...
Turn 5565 (200)...
Turn 5566 (200)...
Turn 5567 (200)...
Turn 5568 (200)...
Turn 5569 (200)...
Turn 5570 (200)...
Turn 5571 (200)...
Turn 5572 (200)...
Turn 5573 (200)...
Turn 5574 (200)...
Turn 5575 (200)...
Turn 5576 (200)...
Turn 5577 (200)...
Turn 5578 (200)...
Turn 5579 (200)...
Turn 5580 (200)...
Turn 5581 (200)...
Turn 5582 (200)...
Turn 5583 (200)...
Turn 5584 (200)...
Turn 5585 (200)...
Turn 5586 (200)...
Turn 5587 (200)...
Turn 5588 (200)...
Turn 5589 (200)...
Turn 5590 (200)...
Turn 5591 (200)...
Turn 5592 (200)...
Turn 5593 (200)...
Turn 5594 (200)...
Turn 5595 (200)...
Turn 5596 (200)...
Turn 5597 (200)...
Turn 5598 (200)...
Turn 5599 (200)...
Turn 5600 (200)...
Turn 5601 (200)...
Turn 5602 (200)...
Turn 5603 (200)...
Turn 5604 (200)...
Turn 5605 (200)...
Turn 5606 (200)...
Turn 5607 (200)...
Turn 5608 (200)...
Turn 5609 (200)...
[DEFENSE] t=18.7m demobilizing 57 soldiers to gathering
Turn 5610 (200)...
Turn 5611 (200)...
Turn 5612 (200)...
Turn 5613 (200)...
Turn 5614 (200)...
Turn 5615 (200)...
Turn 5616 (200)...
Turn 5617 (200)...
Turn 5618 (200)...
Turn 5619 (200)...
Turn 5620 (200)...
Turn 5621 (200)...
Turn 5622 (200)...
Turn 5623 (200)...
Turn 5624 (200)...
Turn 5625 (200)...
Turn 5626 (200)...
Turn 5627 (200)...
Turn 5628 (200)...
Turn 5629 (200)...
Turn 5630 (200)...
Turn 5631 (200)...
Turn 5632 (200)...
Turn 5633 (200)...
Turn 5634 (200)...
Turn 5635 (200)...
Turn 5636 (200)...
Turn 5637 (200)...
Turn 5638 (200)...
Turn 5639 (200)...
Turn 5640 (200)...
Turn 5641 (200)...
Turn 5642 (200)...
Turn 5643 (200)...
Turn 5644 (200)...
Turn 5645 (200)...
Turn 5646 (200)...
Turn 5647 (200)...
Turn 5648 (200)...
Turn 5649 (200)...
Turn 5650 (200)...
Turn 5651 (200)...
Turn 5652 (200)...
Turn 5653 (200)...
Turn 5654 (200)...
Turn 5655 (200)...
Turn 5656 (200)...
Turn 5657 (200)...
Turn 5658 (200)...
Turn 5659 (200)...
[DEFENSE] t=18.9m wave dispersed, muster disbanded
Turn 5660 (200)...
Turn 5661 (200)...
Turn 5662 (200)...
Turn 5663 (200)...
Turn 5664 (200)...
Turn 5665 (200)...
Turn 5666 (200)...
Turn 5667 (200)...
Turn 5668 (200)...
Turn 5669 (200)...
Turn 5670 (200)...
Turn 5671 (200)...
Turn 5672 (200)...
Turn 5673 (200)...
Turn 5674 (200)...
Turn 5675 (200)...
Turn 5676 (200)...
Turn 5677 (200)...
Turn 5678 (200)...
Turn 5679 (200)...
Turn 5680 (200)...
Turn 5681 (200)...
Turn 5682 (200)...
Turn 5683 (200)...
Turn 5684 (200)...
Turn 5685 (200)...
Turn 5686 (200)...
Turn 5687 (200)...
Turn 5688 (200)...
Turn 5689 (200)...
Turn 5690 (200)...
Turn 5691 (200)...
Turn 5692 (200)...
Turn 5693 (200)...
Turn 5694 (200)...
Turn 5695 (200)...
Turn 5696 (200)...
Turn 5697 (200)...
Turn 5698 (200)...
Turn 5699 (200)...
[DEFENSE] t=19.0m demobilizing 3 soldiers to gathering
Turn 5700 (200)...
Turn 5701 (200)...
Turn 5702 (200)...
Turn 5703 (200)...
Turn 5704 (200)...
Turn 5705 (200)...
Turn 5706 (200)...
Turn 5707 (200)...
Turn 5708 (200)...
Turn 5709 (200)...
[DEFENSE] t=19.0m demobilizing 3 soldiers to gathering
Turn 5710 (200)...
Turn 5711 (200)...
Turn 5712 (200)...
Turn 5713 (200)...
Turn 5714 (200)...
Turn 5715 (200)...
Turn 5716 (200)...
Turn 5717 (200)...
Turn 5718 (200)...
Turn 5719 (200)...
Turn 5720 (200)...
Turn 5721 (200)...
Turn 5722 (200)...
Turn 5723 (200)...
Turn 5724 (200)...
Turn 5725 (200)...
Turn 5726 (200)...
Turn 5727 (200)...
Turn 5728 (200)...
Turn 5729 (200)...
Turn 5730 (200)...
Turn 5731 (200)...
Turn 5732 (200)...
Turn 5733 (200)...
Turn 5734 (200)...
Turn 5735 (200)...
Turn 5736 (200)...
Turn 5737 (200)...
Turn 5738 (200)...
Turn 5739 (200)...
Turn 5740 (200)...
Turn 5741 (200)...
Turn 5742 (200)...
Turn 5743 (200)...
Turn 5744 (200)...
Turn 5745 (200)...
Turn 5746 (200)...
Turn 5747 (200)...
Turn 5748 (200)...
Turn 5749 (200)...
Turn 5750 (200)...
Turn 5751 (200)...
Turn 5752 (200)...
Turn 5753 (200)...
Turn 5754 (200)...
Turn 5755 (200)...
Turn 5756 (200)...
Turn 5757 (200)...
Turn 5758 (200)...
Turn 5759 (200)...
Turn 5760 (200)...
Turn 5761 (200)...
Turn 5762 (200)...
Turn 5763 (200)...
Turn 5764 (200)...
Turn 5765 (200)...
Turn 5766 (200)...
Turn 5767 (200)...
Turn 5768 (200)...
Turn 5769 (200)...
[HARNESS] t=19.2m storehouse at 554,388 for wood 580,393 (10 underserved + 10 frontier, mass 1191)
Turn 5770 (200)...
Turn 5771 (200)...
Turn 5772 (200)...
Turn 5773 (200)...
Turn 5774 (200)...
[HARNESS] t=19.3m rush-building storehouse at 554,388 (8 wood choppers)
Turn 5775 (200)...
Turn 5776 (200)...
Turn 5777 (200)...
Turn 5778 (200)...
Turn 5779 (200)...
Turn 5780 (200)...
Turn 5781 (200)...
Turn 5782 (200)...
Turn 5783 (200)...
Turn 5784 (200)...
Turn 5785 (200)...
Turn 5786 (200)...
Turn 5787 (200)...
Turn 5788 (200)...
Turn 5789 (200)...
Turn 5790 (200)...
Turn 5791 (200)...
Turn 5792 (200)...
Turn 5793 (200)...
Turn 5794 (200)...
Turn 5795 (200)...
Turn 5796 (200)...
Turn 5797 (200)...
Turn 5798 (200)...
Turn 5799 (200)...
Turn 5800 (200)...
Turn 5801 (200)...
Turn 5802 (200)...
Turn 5803 (200)...
Turn 5804 (200)...
Turn 5805 (200)...
Turn 5806 (200)...
Turn 5807 (200)...
Turn 5808 (200)...
Turn 5809 (200)...
Turn 5810 (200)...
Turn 5811 (200)...
Turn 5812 (200)...
Turn 5813 (200)...
Turn 5814 (200)...
Turn 5815 (200)...
Turn 5816 (200)...
Turn 5817 (200)...
Turn 5818 (200)...
Turn 5819 (200)...
[DEFENSE] t=19.4m demobilizing 6 soldiers to gathering
Turn 5820 (200)...
Turn 5821 (200)...
Turn 5822 (200)...
Turn 5823 (200)...
Turn 5824 (200)...
Turn 5825 (200)...
Turn 5826 (200)...
Turn 5827 (200)...
Turn 5828 (200)...
Turn 5829 (200)...
[DEFENSE] t=19.4m demobilizing 3 soldiers to gathering
Turn 5830 (200)...
Turn 5831 (200)...
Turn 5832 (200)...
Turn 5833 (200)...
Turn 5834 (200)...
Turn 5835 (200)...
Turn 5836 (200)...
Turn 5837 (200)...
Turn 5838 (200)...
Turn 5839 (200)...
Turn 5840 (200)...
Turn 5841 (200)...
Turn 5842 (200)...
Turn 5843 (200)...
Turn 5844 (200)...
Turn 5845 (200)...
Turn 5846 (200)...
Turn 5847 (200)...
Turn 5848 (200)...
Turn 5849 (200)...
Turn 5850 (200)...
Turn 5851 (200)...
Turn 5852 (200)...
Turn 5853 (200)...
Turn 5854 (200)...
Turn 5855 (200)...
Turn 5856 (200)...
Turn 5857 (200)...
Turn 5858 (200)...
Turn 5859 (200)...
Turn 5860 (200)...
Turn 5861 (200)...
Turn 5862 (200)...
Turn 5863 (200)...
Turn 5864 (200)...
Turn 5865 (200)...
Turn 5866 (200)...
Turn 5867 (200)...
Turn 5868 (200)...
Turn 5869 (200)...
Turn 5870 (200)...
Turn 5871 (200)...
Turn 5872 (200)...
Turn 5873 (200)...
Turn 5874 (200)...
Turn 5875 (200)...
Turn 5876 (200)...
Turn 5877 (200)...
Turn 5878 (200)...
Turn 5879 (200)...
Turn 5880 (200)...
Turn 5881 (200)...
Turn 5882 (200)...
Turn 5883 (200)...
Turn 5884 (200)...
Turn 5885 (200)...
Turn 5886 (200)...
Turn 5887 (200)...
Turn 5888 (200)...
Turn 5889 (200)...
Turn 5890 (200)...
Turn 5891 (200)...
Turn 5892 (200)...
Turn 5893 (200)...
Turn 5894 (200)...
Turn 5895 (200)...
Turn 5896 (200)...
Turn 5897 (200)...
Turn 5898 (200)...
Turn 5899 (200)...
Turn 5900 (200)...
Turn 5901 (200)...
Turn 5902 (200)...
Turn 5903 (200)...
Turn 5904 (200)...
Turn 5905 (200)...
Turn 5906 (200)...
Turn 5907 (200)...
Turn 5908 (200)...
Turn 5909 (200)...
Turn 5910 (200)...
Turn 5911 (200)...
Turn 5912 (200)...
Turn 5913 (200)...
Turn 5914 (200)...
Turn 5915 (200)...
Turn 5916 (200)...
Turn 5917 (200)...
Turn 5918 (200)...
Turn 5919 (200)...
Turn 5920 (200)...
Turn 5921 (200)...
Turn 5922 (200)...
Turn 5923 (200)...
Turn 5924 (200)...
Turn 5925 (200)...
Turn 5926 (200)...
Turn 5927 (200)...
Turn 5928 (200)...
Turn 5929 (200)...
Turn 5930 (200)...
Turn 5931 (200)...
Turn 5932 (200)...
Turn 5933 (200)...
Turn 5934 (200)...
Turn 5935 (200)...
Turn 5936 (200)...
Turn 5937 (200)...
Turn 5938 (200)...
Turn 5939 (200)...
[DEFENSE] t=19.8m demobilizing 3 soldiers to gathering
Turn 5940 (200)...
Turn 5941 (200)...
Turn 5942 (200)...
Turn 5943 (200)...
Turn 5944 (200)...
Turn 5945 (200)...
Turn 5946 (200)...
Turn 5947 (200)...
Turn 5948 (200)...
Turn 5949 (200)...
[DEFENSE] t=19.8m demobilizing 3 soldiers to gathering
Turn 5950 (200)...
Turn 5951 (200)...
Turn 5952 (200)...
Turn 5953 (200)...
Turn 5954 (200)...
Turn 5955 (200)...
Turn 5956 (200)...
Turn 5957 (200)...
Turn 5958 (200)...
Turn 5959 (200)...
Turn 5960 (200)...
Turn 5961 (200)...
Turn 5962 (200)...
Turn 5963 (200)...
Turn 5964 (200)...
Turn 5965 (200)...
Turn 5966 (200)...
Turn 5967 (200)...
Turn 5968 (200)...
Turn 5969 (200)...
Turn 5970 (200)...
Turn 5971 (200)...
Turn 5972 (200)...
Turn 5973 (200)...
Turn 5974 (200)...
Turn 5975 (200)...
Turn 5976 (200)...
Turn 5977 (200)...
Turn 5978 (200)...
Turn 5979 (200)...
Turn 5980 (200)...
Turn 5981 (200)...
Turn 5982 (200)...
Turn 5983 (200)...
Turn 5984 (200)...
Turn 5985 (200)...
Turn 5986 (200)...
Turn 5987 (200)...
Turn 5988 (200)...
Turn 5989 (200)...
Turn 5990 (200)...
Turn 5991 (200)...
Turn 5992 (200)...
Turn 5993 (200)...
Turn 5994 (200)...
Turn 5995 (200)...
Turn 5996 (200)...
Turn 5997 (200)...
Turn 5998 (200)...
Turn 5999 (200)...
[HARNESS] t=20m pop=161/170 idle=0 starved=0 gatherers food=69 wood=77 stone=1 metal=0 houses=30 fields=15 town=1 techs=2/10 rates wood=49% grain=76% fruit=- stone=87% metal=- foodmix fruit=0 grain=2283 meat=0 dist wood=18m grain=4m fruit=-m founds=2 failedSpots=0 fruitStock=0 enemyArmy=112 siege=0 enemyNear=345m army=78 gar=0 demob=78 terr=- stock 5/65/927/1169
Turn 6000 (200)...
Turn 6001 (200)...
Turn 6002 (200)...
Turn 6003 (200)...
Turn 6004 (200)...
Turn 6005 (200)...
Turn 6006 (200)...
Turn 6007 (200)...
Turn 6008 (200)...
Turn 6009 (200)...
Turn 6010 (200)...
Turn 6011 (200)...
Turn 6012 (200)...
Turn 6013 (200)...
Turn 6014 (200)...
Turn 6015 (200)...
Turn 6016 (200)...
Turn 6017 (200)...
Turn 6018 (200)...
Turn 6019 (200)...
Turn 6020 (200)...
Turn 6021 (200)...
Turn 6022 (200)...
Turn 6023 (200)...
Turn 6024 (200)...
Turn 6025 (200)...
Turn 6026 (200)...
Turn 6027 (200)...
Turn 6028 (200)...
Turn 6029 (200)...
Turn 6030 (200)...
Turn 6031 (200)...
Turn 6032 (200)...
Turn 6033 (200)...
Turn 6034 (200)...
Turn 6035 (200)...
Turn 6036 (200)...
Turn 6037 (200)...
Turn 6038 (200)...
Turn 6039 (200)...
Turn 6040 (200)...
Turn 6041 (200)...
Turn 6042 (200)...
Turn 6043 (200)...
Turn 6044 (200)...
[HARNESS] t=20.2m storehouse at 551,431 for wood 542,426 (6 underserved + 6 frontier, mass 6350)
Turn 6045 (200)...
Turn 6046 (200)...
Turn 6047 (200)...
Turn 6048 (200)...
Turn 6049 (200)...
[HARNESS] t=20.2m rush-building storehouse at 551,431 (8 wood choppers)
Turn 6050 (200)...
Turn 6051 (200)...
Turn 6052 (200)...
Turn 6053 (200)...
Turn 6054 (200)...
Turn 6055 (200)...
Turn 6056 (200)...
Turn 6057 (200)...
Turn 6058 (200)...
Turn 6059 (200)...
[DEFENSE] t=20.2m demobilizing 3 soldiers to gathering
Turn 6060 (200)...
Turn 6061 (200)...
Turn 6062 (200)...
Turn 6063 (200)...
Turn 6064 (200)...
[DEFENSE] t=20.2m remobilizing 81 soldiers
[DEFENSE] t=20.2m wave of 95 at 395m of CC 644,452 — mustering melee=39 ranged=42 healers=0
Turn 6065 (200)...
Turn 6066 (200)...
Turn 6067 (200)...
Turn 6068 (200)...
Turn 6069 (200)...
Turn 6070 (200)...
Turn 6071 (200)...
Turn 6072 (200)...
Turn 6073 (200)...
Turn 6074 (200)...
Turn 6075 (200)...
Turn 6076 (200)...
Turn 6077 (200)...
Turn 6078 (200)...
Turn 6079 (200)...
Turn 6080 (200)...
Turn 6081 (200)...
Turn 6082 (200)...
Turn 6083 (200)...
Turn 6084 (200)...
Turn 6085 (200)...
Turn 6086 (200)...
Turn 6087 (200)...
Turn 6088 (200)...
Turn 6089 (200)...
Turn 6090 (200)...
Turn 6091 (200)...
Turn 6092 (200)...
Turn 6093 (200)...
Turn 6094 (200)...
Turn 6095 (200)...
Turn 6096 (200)...
Turn 6097 (200)...
Turn 6098 (200)...
Turn 6099 (200)...
Turn 6100 (200)...
Turn 6101 (200)...
Turn 6102 (200)...
Turn 6103 (200)...
Turn 6104 (200)...
Turn 6105 (200)...
Turn 6106 (200)...
Turn 6107 (200)...
Turn 6108 (200)...
Turn 6109 (200)...
Turn 6110 (200)...
Turn 6111 (200)...
Turn 6112 (200)...
Turn 6113 (200)...
Turn 6114 (200)...
Turn 6115 (200)...
Turn 6116 (200)...
Turn 6117 (200)...
Turn 6118 (200)...
Turn 6119 (200)...
Turn 6120 (200)...
Turn 6121 (200)...
Turn 6122 (200)...
Turn 6123 (200)...
Turn 6124 (200)...
Turn 6125 (200)...
Turn 6126 (200)...
Turn 6127 (200)...
Turn 6128 (200)...
Turn 6129 (200)...
Turn 6130 (200)...
Turn 6131 (200)...
Turn 6132 (200)...
Turn 6133 (200)...
Turn 6134 (200)...
Turn 6135 (200)...
Turn 6136 (200)...
Turn 6137 (200)...
Turn 6138 (200)...
Turn 6139 (200)...
Turn 6140 (200)...
Turn 6141 (200)...
Turn 6142 (200)...
Turn 6143 (200)...
Turn 6144 (200)...
Turn 6145 (200)...
Turn 6146 (200)...
Turn 6147 (200)...
Turn 6148 (200)...
Turn 6149 (200)...
Turn 6150 (200)...
Turn 6151 (200)...
Turn 6152 (200)...
Turn 6153 (200)...
Turn 6154 (200)...
Turn 6155 (200)...
Turn 6156 (200)...
Turn 6157 (200)...
Turn 6158 (200)...
Turn 6159 (200)...
Turn 6160 (200)...
Turn 6161 (200)...
Turn 6162 (200)...
Turn 6163 (200)...
Turn 6164 (200)...
Turn 6165 (200)...
Turn 6166 (200)...
Turn 6167 (200)...
Turn 6168 (200)...
Turn 6169 (200)...
Turn 6170 (200)...
Turn 6171 (200)...
Turn 6172 (200)...
Turn 6173 (200)...
Turn 6174 (200)...
Turn 6175 (200)...
Turn 6176 (200)...
Turn 6177 (200)...
Turn 6178 (200)...
Turn 6179 (200)...
Turn 6180 (200)...
Turn 6181 (200)...
Turn 6182 (200)...
Turn 6183 (200)...
Turn 6184 (200)...
Turn 6185 (200)...
Turn 6186 (200)...
Turn 6187 (200)...
Turn 6188 (200)...
Turn 6189 (200)...
Turn 6190 (200)...
Turn 6191 (200)...
Turn 6192 (200)...
Turn 6193 (200)...
Turn 6194 (200)...
Turn 6195 (200)...
Turn 6196 (200)...
Turn 6197 (200)...
Turn 6198 (200)...
Turn 6199 (200)...
Turn 6200 (200)...
Turn 6201 (200)...
Turn 6202 (200)...
Turn 6203 (200)...
Turn 6204 (200)...
Turn 6205 (200)...
Turn 6206 (200)...
Turn 6207 (200)...
Turn 6208 (200)...
Turn 6209 (200)...
Turn 6210 (200)...
Turn 6211 (200)...
Turn 6212 (200)...
Turn 6213 (200)...
Turn 6214 (200)...
Turn 6215 (200)...
Turn 6216 (200)...
Turn 6217 (200)...
Turn 6218 (200)...
Turn 6219 (200)...
Turn 6220 (200)...
Turn 6221 (200)...
Turn 6222 (200)...
Turn 6223 (200)...
Turn 6224 (200)...
Turn 6225 (200)...
Turn 6226 (200)...
Turn 6227 (200)...
Turn 6228 (200)...
Turn 6229 (200)...
Turn 6230 (200)...
Turn 6231 (200)...
Turn 6232 (200)...
Turn 6233 (200)...
Turn 6234 (200)...
Turn 6235 (200)...
Turn 6236 (200)...
Turn 6237 (200)...
Turn 6238 (200)...
Turn 6239 (200)...
Turn 6240 (200)...
Turn 6241 (200)...
Turn 6242 (200)...
Turn 6243 (200)...
Turn 6244 (200)...
Turn 6245 (200)...
Turn 6246 (200)...
Turn 6247 (200)...
Turn 6248 (200)...
Turn 6249 (200)...
Turn 6250 (200)...
Turn 6251 (200)...
Turn 6252 (200)...
Turn 6253 (200)...
Turn 6254 (200)...
Turn 6255 (200)...
Turn 6256 (200)...
Turn 6257 (200)...
Turn 6258 (200)...
Turn 6259 (200)...
Turn 6260 (200)...
Turn 6261 (200)...
Turn 6262 (200)...
Turn 6263 (200)...
Turn 6264 (200)...
Turn 6265 (200)...
Turn 6266 (200)...
Turn 6267 (200)...
Turn 6268 (200)...
Turn 6269 (200)...
Turn 6270 (200)...
Turn 6271 (200)...
Turn 6272 (200)...
Turn 6273 (200)...
Turn 6274 (200)...
Turn 6275 (200)...
Turn 6276 (200)...
Turn 6277 (200)...
Turn 6278 (200)...
Turn 6279 (200)...
Turn 6280 (200)...
Turn 6281 (200)...
Turn 6282 (200)...
Turn 6283 (200)...
Turn 6284 (200)...
Turn 6285 (200)...
Turn 6286 (200)...
Turn 6287 (200)...
Turn 6288 (200)...
Turn 6289 (200)...
Turn 6290 (200)...
Turn 6291 (200)...
Turn 6292 (200)...
Turn 6293 (200)...
Turn 6294 (200)...
[DEFENSE] t=21.0m engaging 17 enemies (siege=0) near CC 615,349 (army=90)
Turn 6295 (200)...
Turn 6296 (200)...
Turn 6297 (200)...
Turn 6298 (200)...
Turn 6299 (200)...
Turn 6300 (200)...
Turn 6301 (200)...
Turn 6302 (200)...
Turn 6303 (200)...
Turn 6304 (200)...
Turn 6305 (200)...
Turn 6306 (200)...
Turn 6307 (200)...
Turn 6308 (200)...
Turn 6309 (200)...
Turn 6310 (200)...
Turn 6311 (200)...
Turn 6312 (200)...
Turn 6313 (200)...
Turn 6314 (200)...
Turn 6315 (200)...
Turn 6316 (200)...
Turn 6317 (200)...
Turn 6318 (200)...
Turn 6319 (200)...
Turn 6320 (200)...
Turn 6321 (200)...
Turn 6322 (200)...
Turn 6323 (200)...
Turn 6324 (200)...
Turn 6325 (200)...
Turn 6326 (200)...
Turn 6327 (200)...
Turn 6328 (200)...
Turn 6329 (200)...
Turn 6330 (200)...
Turn 6331 (200)...
Turn 6332 (200)...
Turn 6333 (200)...
Turn 6334 (200)...
Turn 6335 (200)...
Turn 6336 (200)...
Turn 6337 (200)...
Turn 6338 (200)...
Turn 6339 (200)...
Turn 6340 (200)...
Turn 6341 (200)...
Turn 6342 (200)...
Turn 6343 (200)...
Turn 6344 (200)...
Turn 6345 (200)...
Turn 6346 (200)...
Turn 6347 (200)...
Turn 6348 (200)...
Turn 6349 (200)...
Turn 6350 (200)...
Turn 6351 (200)...
Turn 6352 (200)...
Turn 6353 (200)...
Turn 6354 (200)...
Turn 6355 (200)...
Turn 6356 (200)...
Turn 6357 (200)...
Turn 6358 (200)...
Turn 6359 (200)...
Turn 6360 (200)...
Turn 6361 (200)...
Turn 6362 (200)...
Turn 6363 (200)...
Turn 6364 (200)...
Turn 6365 (200)...
Turn 6366 (200)...
Turn 6367 (200)...
Turn 6368 (200)...
Turn 6369 (200)...
Turn 6370 (200)...
Turn 6371 (200)...
Turn 6372 (200)...
Turn 6373 (200)...
Turn 6374 (200)...
Turn 6375 (200)...
Turn 6376 (200)...
Turn 6377 (200)...
Turn 6378 (200)...
Turn 6379 (200)...
Turn 6380 (200)...
Turn 6381 (200)...
Turn 6382 (200)...
Turn 6383 (200)...
Turn 6384 (200)...
Turn 6385 (200)...
Turn 6386 (200)...
Turn 6387 (200)...
Turn 6388 (200)...
Turn 6389 (200)...
Turn 6390 (200)...
Turn 6391 (200)...
Turn 6392 (200)...
Turn 6393 (200)...
Turn 6394 (200)...
Turn 6395 (200)...
Turn 6396 (200)...
Turn 6397 (200)...
Turn 6398 (200)...
Turn 6399 (200)...
Turn 6400 (200)...
Turn 6401 (200)...
Turn 6402 (200)...
Turn 6403 (200)...
Turn 6404 (200)...
Turn 6405 (200)...
Turn 6406 (200)...
Turn 6407 (200)...
Turn 6408 (200)...
Turn 6409 (200)...
Turn 6410 (200)...
Turn 6411 (200)...
Turn 6412 (200)...
Turn 6413 (200)...
Turn 6414 (200)...
Turn 6415 (200)...
Turn 6416 (200)...
Turn 6417 (200)...
Turn 6418 (200)...
Turn 6419 (200)...
Turn 6420 (200)...
Turn 6421 (200)...
Turn 6422 (200)...
Turn 6423 (200)...
Turn 6424 (200)...
Turn 6425 (200)...
Turn 6426 (200)...
Turn 6427 (200)...
Turn 6428 (200)...
Turn 6429 (200)...
Turn 6430 (200)...
Turn 6431 (200)...
Turn 6432 (200)...
Turn 6433 (200)...
Turn 6434 (200)...
Turn 6435 (200)...
Turn 6436 (200)...
Turn 6437 (200)...
Turn 6438 (200)...
Turn 6439 (200)...
Turn 6440 (200)...
Turn 6441 (200)...
Turn 6442 (200)...
Turn 6443 (200)...
Turn 6444 (200)...
Turn 6445 (200)...
Turn 6446 (200)...
Turn 6447 (200)...
Turn 6448 (200)...
Turn 6449 (200)...
Turn 6450 (200)...
Turn 6451 (200)...
Turn 6452 (200)...
Turn 6453 (200)...
Turn 6454 (200)...
Turn 6455 (200)...
Turn 6456 (200)...
Turn 6457 (200)...
Turn 6458 (200)...
Turn 6459 (200)...
Turn 6460 (200)...
Turn 6461 (200)...
Turn 6462 (200)...
Turn 6463 (200)...
Turn 6464 (200)...
Turn 6465 (200)...
Turn 6466 (200)...
Turn 6467 (200)...
Turn 6468 (200)...
Turn 6469 (200)...
Turn 6470 (200)...
Turn 6471 (200)...
Turn 6472 (200)...
Turn 6473 (200)...
Turn 6474 (200)...
Turn 6475 (200)...
Turn 6476 (200)...
Turn 6477 (200)...
Turn 6478 (200)...
Turn 6479 (200)...
Turn 6480 (200)...
Turn 6481 (200)...
Turn 6482 (200)...
Turn 6483 (200)...
Turn 6484 (200)...
Turn 6485 (200)...
Turn 6486 (200)...
Turn 6487 (200)...
Turn 6488 (200)...
Turn 6489 (200)...
Turn 6490 (200)...
Turn 6491 (200)...
Turn 6492 (200)...
Turn 6493 (200)...
Turn 6494 (200)...
Turn 6495 (200)...
Turn 6496 (200)...
Turn 6497 (200)...
Turn 6498 (200)...
Turn 6499 (200)...
Turn 6500 (200)...
Turn 6501 (200)...
Turn 6502 (200)...
Turn 6503 (200)...
Turn 6504 (200)...
Turn 6505 (200)...
Turn 6506 (200)...
Turn 6507 (200)...
Turn 6508 (200)...
Turn 6509 (200)...
Turn 6510 (200)...
Turn 6511 (200)...
Turn 6512 (200)...
Turn 6513 (200)...
Turn 6514 (200)...
Turn 6515 (200)...
Turn 6516 (200)...
Turn 6517 (200)...
Turn 6518 (200)...
Turn 6519 (200)...
Turn 6520 (200)...
Turn 6521 (200)...
Turn 6522 (200)...
Turn 6523 (200)...
Turn 6524 (200)...
Turn 6525 (200)...
Turn 6526 (200)...
Turn 6527 (200)...
Turn 6528 (200)...
Turn 6529 (200)...
Turn 6530 (200)...
Turn 6531 (200)...
Turn 6532 (200)...
Turn 6533 (200)...
Turn 6534 (200)...
Turn 6535 (200)...
Turn 6536 (200)...
Turn 6537 (200)...
Turn 6538 (200)...
Turn 6539 (200)...
Turn 6540 (200)...
Turn 6541 (200)...
Turn 6542 (200)...
Turn 6543 (200)...
Turn 6544 (200)...
Turn 6545 (200)...
Turn 6546 (200)...
Turn 6547 (200)...
Turn 6548 (200)...
Turn 6549 (200)...
Turn 6550 (200)...
Turn 6551 (200)...
Turn 6552 (200)...
Turn 6553 (200)...
Turn 6554 (200)...
Turn 6555 (200)...
Turn 6556 (200)...
Turn 6557 (200)...
Turn 6558 (200)...
Turn 6559 (200)...
Turn 6560 (200)...
Turn 6561 (200)...
Turn 6562 (200)...
Turn 6563 (200)...
Turn 6564 (200)...
Turn 6565 (200)...
Turn 6566 (200)...
Turn 6567 (200)...
Turn 6568 (200)...
Turn 6569 (200)...
Turn 6570 (200)...
Turn 6571 (200)...
Turn 6572 (200)...
Turn 6573 (200)...
Turn 6574 (200)...
Turn 6575 (200)...
Turn 6576 (200)...
Turn 6577 (200)...
Turn 6578 (200)...
Turn 6579 (200)...
Turn 6580 (200)...
Turn 6581 (200)...
Turn 6582 (200)...
Turn 6583 (200)...
Turn 6584 (200)...
Turn 6585 (200)...
Turn 6586 (200)...
Turn 6587 (200)...
Turn 6588 (200)...
Turn 6589 (200)...
Turn 6590 (200)...
Turn 6591 (200)...
Turn 6592 (200)...
Turn 6593 (200)...
Turn 6594 (200)...
Turn 6595 (200)...
Turn 6596 (200)...
Turn 6597 (200)...
Turn 6598 (200)...
Turn 6599 (200)...
Turn 6600 (200)...
Turn 6601 (200)...
Turn 6602 (200)...
Turn 6603 (200)...
Turn 6604 (200)...
Turn 6605 (200)...
Turn 6606 (200)...
Turn 6607 (200)...
Turn 6608 (200)...
Turn 6609 (200)...
Turn 6610 (200)...
Turn 6611 (200)...
Turn 6612 (200)...
Turn 6613 (200)...
Turn 6614 (200)...
Turn 6615 (200)...
Turn 6616 (200)...
Turn 6617 (200)...
Turn 6618 (200)...
Turn 6619 (200)...
Turn 6620 (200)...
Turn 6621 (200)...
Turn 6622 (200)...
Turn 6623 (200)...
Turn 6624 (200)...
Turn 6625 (200)...
Turn 6626 (200)...
Turn 6627 (200)...
Turn 6628 (200)...
Turn 6629 (200)...
Turn 6630 (200)...
Turn 6631 (200)...
Turn 6632 (200)...
Turn 6633 (200)...
Turn 6634 (200)...
Turn 6635 (200)...
Turn 6636 (200)...
Turn 6637 (200)...
Turn 6638 (200)...
Turn 6639 (200)...
Turn 6640 (200)...
Turn 6641 (200)...
Turn 6642 (200)...
Turn 6643 (200)...
Turn 6644 (200)...
Turn 6645 (200)...
Turn 6646 (200)...
Turn 6647 (200)...
Turn 6648 (200)...
Turn 6649 (200)...
Turn 6650 (200)...
Turn 6651 (200)...
Turn 6652 (200)...
Turn 6653 (200)...
Turn 6654 (200)...
Turn 6655 (200)...
Turn 6656 (200)...
Turn 6657 (200)...
Turn 6658 (200)...
Turn 6659 (200)...
Turn 6660 (200)...
Turn 6661 (200)...
Turn 6662 (200)...
Turn 6663 (200)...
Turn 6664 (200)...
Turn 6665 (200)...
Turn 6666 (200)...
Turn 6667 (200)...
Turn 6668 (200)...
Turn 6669 (200)...
Turn 6670 (200)...
Turn 6671 (200)...
Turn 6672 (200)...
Turn 6673 (200)...
Turn 6674 (200)...
Turn 6675 (200)...
Turn 6676 (200)...
Turn 6677 (200)...
Turn 6678 (200)...
Turn 6679 (200)...
Turn 6680 (200)...
Turn 6681 (200)...
Turn 6682 (200)...
Turn 6683 (200)...
Turn 6684 (200)...
Turn 6685 (200)...
Turn 6686 (200)...
Turn 6687 (200)...
Turn 6688 (200)...
Turn 6689 (200)...
Turn 6690 (200)...
Turn 6691 (200)...
Turn 6692 (200)...
Turn 6693 (200)...
Turn 6694 (200)...
Turn 6695 (200)...
Turn 6696 (200)...
Turn 6697 (200)...
Turn 6698 (200)...
Turn 6699 (200)...
Turn 6700 (200)...
Turn 6701 (200)...
Turn 6702 (200)...
Turn 6703 (200)...
Turn 6704 (200)...
Turn 6705 (200)...
Turn 6706 (200)...
Turn 6707 (200)...
Turn 6708 (200)...
Turn 6709 (200)...
Turn 6710 (200)...
Turn 6711 (200)...
Turn 6712 (200)...
Turn 6713 (200)...
Turn 6714 (200)...
Turn 6715 (200)...
Turn 6716 (200)...
Turn 6717 (200)...
Turn 6718 (200)...
Turn 6719 (200)...
Turn 6720 (200)...
Turn 6721 (200)...
Turn 6722 (200)...
Turn 6723 (200)...
Turn 6724 (200)...
Turn 6725 (200)...
Turn 6726 (200)...
Turn 6727 (200)...
Turn 6728 (200)...
Turn 6729 (200)...
Turn 6730 (200)...
Turn 6731 (200)...
Turn 6732 (200)...
Turn 6733 (200)...
Turn 6734 (200)...
Turn 6735 (200)...
Turn 6736 (200)...
Turn 6737 (200)...
Turn 6738 (200)...
Turn 6739 (200)...
Turn 6740 (200)...
Turn 6741 (200)...
Turn 6742 (200)...
Turn 6743 (200)...
Turn 6744 (200)...
Turn 6745 (200)...
Turn 6746 (200)...
Turn 6747 (200)...
Turn 6748 (200)...
Turn 6749 (200)...
[HARNESS] t=23m pop=104/185 idle=0 starved=0 gatherers food=0 wood=0 stone=0 metal=0 houses=33 fields=14 town=1 techs=2/10 rates wood=41% grain=72% fruit=- stone=85% metal=- foodmix fruit=0 grain=1122 meat=0 dist wood=19m grain=4m fruit=-m founds=0 failedSpots=0 fruitStock=0 enemyArmy=52 siege=0 enemyNear=53m army=31 gar=0 demob=0 terr=- stock 44/79/947/1184
Turn 6750 (200)...
Turn 6751 (200)...
Turn 6752 (200)...
Turn 6753 (200)...
Turn 6754 (200)...
Turn 6755 (200)...
Turn 6756 (200)...
Turn 6757 (200)...
Turn 6758 (200)...
Turn 6759 (200)...
Turn 6760 (200)...
Turn 6761 (200)...
Turn 6762 (200)...
Turn 6763 (200)...
Turn 6764 (200)...
Turn 6765 (200)...
Turn 6766 (200)...
Turn 6767 (200)...
Turn 6768 (200)...
Turn 6769 (200)...
Turn 6770 (200)...
Turn 6771 (200)...
Turn 6772 (200)...
Turn 6773 (200)...
Turn 6774 (200)...
Turn 6775 (200)...
Turn 6776 (200)...
Turn 6777 (200)...
Turn 6778 (200)...
Turn 6779 (200)...
Turn 6780 (200)...
Turn 6781 (200)...
Turn 6782 (200)...
Turn 6783 (200)...
Turn 6784 (200)...
Turn 6785 (200)...
Turn 6786 (200)...
Turn 6787 (200)...
Turn 6788 (200)...
Turn 6789 (200)...
Turn 6790 (200)...
Turn 6791 (200)...
Turn 6792 (200)...
Turn 6793 (200)...
Turn 6794 (200)...
Turn 6795 (200)...
Turn 6796 (200)...
Turn 6797 (200)...
Turn 6798 (200)...
Turn 6799 (200)...
Turn 6800 (200)...
Turn 6801 (200)...
Turn 6802 (200)...
Turn 6803 (200)...
Turn 6804 (200)...
Turn 6805 (200)...
Turn 6806 (200)...
Turn 6807 (200)...
Turn 6808 (200)...
Turn 6809 (200)...
Turn 6810 (200)...
Turn 6811 (200)...
Turn 6812 (200)...
Turn 6813 (200)...
Turn 6814 (200)...
Turn 6815 (200)...
Turn 6816 (200)...
Turn 6817 (200)...
Turn 6818 (200)...
Turn 6819 (200)...
Turn 6820 (200)...
Turn 6821 (200)...
Turn 6822 (200)...
Turn 6823 (200)...
Turn 6824 (200)...
[DEFENSE] t=22.8m wave dispersed, muster disbanded
Turn 6825 (200)...
Turn 6826 (200)...
Turn 6827 (200)...
Turn 6828 (200)...
Turn 6829 (200)...
Turn 6830 (200)...
Turn 6831 (200)...
Turn 6832 (200)...
Turn 6833 (200)...
Turn 6834 (200)...
Turn 6835 (200)...
Turn 6836 (200)...
Turn 6837 (200)...
Turn 6838 (200)...
Turn 6839 (200)...
Turn 6840 (200)...
Turn 6841 (200)...
Turn 6842 (200)...
Turn 6843 (200)...
Turn 6844 (200)...
Turn 6845 (200)...
Turn 6846 (200)...
Turn 6847 (200)...
Turn 6848 (200)...
Turn 6849 (200)...
Turn 6850 (200)...
Turn 6851 (200)...
Turn 6852 (200)...
Turn 6853 (200)...
Turn 6854 (200)...
Turn 6855 (200)...
Turn 6856 (200)...
Turn 6857 (200)...
Turn 6858 (200)...
Turn 6859 (200)...
Turn 6860 (200)...
Turn 6861 (200)...
Turn 6862 (200)...
Turn 6863 (200)...
Turn 6864 (200)...
Turn 6865 (200)...
Turn 6866 (200)...
Turn 6867 (200)...
Turn 6868 (200)...
Turn 6869 (200)...
Turn 6870 (200)...
Turn 6871 (200)...
Turn 6872 (200)...
Turn 6873 (200)...
Turn 6874 (200)...
Turn 6875 (200)...
Turn 6876 (200)...
Turn 6877 (200)...
Turn 6878 (200)...
Turn 6879 (200)...
Turn 6880 (200)...
Turn 6881 (200)...
Turn 6882 (200)...
Turn 6883 (200)...
Turn 6884 (200)...
[DEFENSE] t=23.0m demobilizing 36 soldiers to gathering
Turn 6885 (200)...
Turn 6886 (200)...
Turn 6887 (200)...
Turn 6888 (200)...
Turn 6889 (200)...
Turn 6890 (200)...
Turn 6891 (200)...
Turn 6892 (200)...
Turn 6893 (200)...
Turn 6894 (200)...
Turn 6895 (200)...
Turn 6896 (200)...
Turn 6897 (200)...
Turn 6898 (200)...
Turn 6899 (200)...
[DEFENSE] t=23.0m demobilizing 1 soldiers to gathering
Turn 6900 (200)...
Turn 6901 (200)...
Turn 6902 (200)...
Turn 6903 (200)...
Turn 6904 (200)...
Turn 6905 (200)...
Turn 6906 (200)...
Turn 6907 (200)...
Turn 6908 (200)...
Turn 6909 (200)...
Turn 6910 (200)...
Turn 6911 (200)...
Turn 6912 (200)...
Turn 6913 (200)...
Turn 6914 (200)...
Turn 6915 (200)...
Turn 6916 (200)...
Turn 6917 (200)...
Turn 6918 (200)...
Turn 6919 (200)...
Turn 6920 (200)...
Turn 6921 (200)...
Turn 6922 (200)...
Turn 6923 (200)...
Turn 6924 (200)...
Turn 6925 (200)...
Turn 6926 (200)...
Turn 6927 (200)...
Turn 6928 (200)...
Turn 6929 (200)...
Turn 6930 (200)...
Turn 6931 (200)...
Turn 6932 (200)...
Turn 6933 (200)...
Turn 6934 (200)...
Turn 6935 (200)...
Turn 6936 (200)...
Turn 6937 (200)...
Turn 6938 (200)...
Turn 6939 (200)...
Turn 6940 (200)...
Turn 6941 (200)...
Turn 6942 (200)...
Turn 6943 (200)...
Turn 6944 (200)...
Turn 6945 (200)...
Turn 6946 (200)...
Turn 6947 (200)...
Turn 6948 (200)...
Turn 6949 (200)...
Turn 6950 (200)...
Turn 6951 (200)...
Turn 6952 (200)...
Turn 6953 (200)...
Turn 6954 (200)...
Turn 6955 (200)...
Turn 6956 (200)...
Turn 6957 (200)...
Turn 6958 (200)...
Turn 6959 (200)...
Turn 6960 (200)...
Turn 6961 (200)...
Turn 6962 (200)...
Turn 6963 (200)...
Turn 6964 (200)...
[DEFENSE] t=23.2m remobilizing 37 soldiers
[DEFENSE] t=23.2m wave of 8 at 339m of CC 644,452 — mustering melee=14 ranged=23 healers=0
Turn 6965 (200)...
Turn 6966 (200)...
Turn 6967 (200)...
Turn 6968 (200)...
Turn 6969 (200)...
Turn 6970 (200)...
Turn 6971 (200)...
Turn 6972 (200)...
Turn 6973 (200)...
Turn 6974 (200)...
Turn 6975 (200)...
Turn 6976 (200)...
Turn 6977 (200)...
Turn 6978 (200)...
Turn 6979 (200)...
Turn 6980 (200)...
Turn 6981 (200)...
Turn 6982 (200)...
Turn 6983 (200)...
Turn 6984 (200)...
Turn 6985 (200)...
Turn 6986 (200)...
Turn 6987 (200)...
Turn 6988 (200)...
Turn 6989 (200)...
Turn 6990 (200)...
Turn 6991 (200)...
Turn 6992 (200)...
Turn 6993 (200)...
Turn 6994 (200)...
Turn 6995 (200)...
Turn 6996 (200)...
Turn 6997 (200)...
Turn 6998 (200)...
Turn 6999 (200)...
Turn 7000 (200)...
Turn 7001 (200)...
Turn 7002 (200)...
Turn 7003 (200)...
Turn 7004 (200)...
Turn 7005 (200)...
Turn 7006 (200)...
Turn 7007 (200)...
Turn 7008 (200)...
Turn 7009 (200)...
Turn 7010 (200)...
Turn 7011 (200)...
Turn 7012 (200)...
Turn 7013 (200)...
Turn 7014 (200)...
Turn 7015 (200)...
Turn 7016 (200)...
Turn 7017 (200)...
Turn 7018 (200)...
Turn 7019 (200)...
Turn 7020 (200)...
Turn 7021 (200)...
Turn 7022 (200)...
Turn 7023 (200)...
Turn 7024 (200)...
Turn 7025 (200)...
Turn 7026 (200)...
Turn 7027 (200)...
Turn 7028 (200)...
Turn 7029 (200)...
Turn 7030 (200)...
Turn 7031 (200)...
Turn 7032 (200)...
Turn 7033 (200)...
Turn 7034 (200)...
Turn 7035 (200)...
Turn 7036 (200)...
Turn 7037 (200)...
Turn 7038 (200)...
Turn 7039 (200)...
Turn 7040 (200)...
Turn 7041 (200)...
Turn 7042 (200)...
Turn 7043 (200)...
Turn 7044 (200)...
[HARNESS] t=23.5m farmstead at 617,556 for fields 627,537 (2 underserved)
Turn 7045 (200)...
Turn 7046 (200)...
Turn 7047 (200)...
Turn 7048 (200)...
Turn 7049 (200)...
Turn 7050 (200)...
Turn 7051 (200)...
Turn 7052 (200)...
Turn 7053 (200)...
Turn 7054 (200)...
Turn 7055 (200)...
Turn 7056 (200)...
Turn 7057 (200)...
Turn 7058 (200)...
Turn 7059 (200)...
Turn 7060 (200)...
Turn 7061 (200)...
Turn 7062 (200)...
Turn 7063 (200)...
Turn 7064 (200)...
Turn 7065 (200)...
Turn 7066 (200)...
Turn 7067 (200)...
Turn 7068 (200)...
Turn 7069 (200)...
Turn 7070 (200)...
Turn 7071 (200)...
Turn 7072 (200)...
Turn 7073 (200)...
Turn 7074 (200)...
Turn 7075 (200)...
Turn 7076 (200)...
Turn 7077 (200)...
Turn 7078 (200)...
Turn 7079 (200)...
Turn 7080 (200)...
Turn 7081 (200)...
Turn 7082 (200)...
Turn 7083 (200)...
Turn 7084 (200)...
Turn 7085 (200)...
Turn 7086 (200)...
Turn 7087 (200)...
Turn 7088 (200)...
Turn 7089 (200)...
Turn 7090 (200)...
Turn 7091 (200)...
Turn 7092 (200)...
Turn 7093 (200)...
Turn 7094 (200)...
Turn 7095 (200)...
Turn 7096 (200)...
Turn 7097 (200)...
Turn 7098 (200)...
Turn 7099 (200)...
Turn 7100 (200)...
Turn 7101 (200)...
Turn 7102 (200)...
Turn 7103 (200)...
Turn 7104 (200)...
Turn 7105 (200)...
Turn 7106 (200)...
Turn 7107 (200)...
Turn 7108 (200)...
Turn 7109 (200)...
Turn 7110 (200)...
Turn 7111 (200)...
Turn 7112 (200)...
Turn 7113 (200)...
Turn 7114 (200)...
Turn 7115 (200)...
Turn 7116 (200)...
Turn 7117 (200)...
Turn 7118 (200)...
Turn 7119 (200)...
Turn 7120 (200)...
Turn 7121 (200)...
Turn 7122 (200)...
Turn 7123 (200)...
Turn 7124 (200)...
Turn 7125 (200)...
Turn 7126 (200)...
Turn 7127 (200)...
Turn 7128 (200)...
Turn 7129 (200)...
Turn 7130 (200)...
Turn 7131 (200)...
Turn 7132 (200)...
Turn 7133 (200)...
Turn 7134 (200)...
Turn 7135 (200)...
Turn 7136 (200)...
Turn 7137 (200)...
Turn 7138 (200)...
Turn 7139 (200)...
Turn 7140 (200)...
Turn 7141 (200)...
Turn 7142 (200)...
Turn 7143 (200)...
Turn 7144 (200)...
Turn 7145 (200)...
Turn 7146 (200)...
Turn 7147 (200)...
Turn 7148 (200)...
Turn 7149 (200)...
Turn 7150 (200)...
Turn 7151 (200)...
Turn 7152 (200)...
Turn 7153 (200)...
Turn 7154 (200)...
Turn 7155 (200)...
Turn 7156 (200)...
Turn 7157 (200)...
Turn 7158 (200)...
Turn 7159 (200)...
Turn 7160 (200)...
Turn 7161 (200)...
Turn 7162 (200)...
Turn 7163 (200)...
Turn 7164 (200)...
Turn 7165 (200)...
Turn 7166 (200)...
Turn 7167 (200)...
Turn 7168 (200)...
Turn 7169 (200)...
Turn 7170 (200)...
Turn 7171 (200)...
Turn 7172 (200)...
Turn 7173 (200)...
Turn 7174 (200)...
Turn 7175 (200)...
Turn 7176 (200)...
Turn 7177 (200)...
Turn 7178 (200)...
Turn 7179 (200)...
Turn 7180 (200)...
Turn 7181 (200)...
Turn 7182 (200)...
Turn 7183 (200)...
Turn 7184 (200)...
Turn 7185 (200)...
Turn 7186 (200)...
Turn 7187 (200)...
Turn 7188 (200)...
Turn 7189 (200)...
Turn 7190 (200)...
Turn 7191 (200)...
Turn 7192 (200)...
Turn 7193 (200)...
Turn 7194 (200)...
Turn 7195 (200)...
Turn 7196 (200)...
Turn 7197 (200)...
Turn 7198 (200)...
Turn 7199 (200)...
Turn 7200 (200)...
Turn 7201 (200)...
Turn 7202 (200)...
Turn 7203 (200)...
Turn 7204 (200)...
Turn 7205 (200)...
Turn 7206 (200)...
Turn 7207 (200)...
Turn 7208 (200)...
Turn 7209 (200)...
Turn 7210 (200)...
Turn 7211 (200)...
Turn 7212 (200)...
Turn 7213 (200)...
Turn 7214 (200)...
Turn 7215 (200)...
Turn 7216 (200)...
Turn 7217 (200)...
Turn 7218 (200)...
Turn 7219 (200)...
Turn 7220 (200)...
Turn 7221 (200)...
Turn 7222 (200)...
Turn 7223 (200)...
Turn 7224 (200)...
Turn 7225 (200)...
Turn 7226 (200)...
Turn 7227 (200)...
Turn 7228 (200)...
Turn 7229 (200)...
Turn 7230 (200)...
Turn 7231 (200)...
Turn 7232 (200)...
Turn 7233 (200)...
Turn 7234 (200)...
Turn 7235 (200)...
Turn 7236 (200)...
Turn 7237 (200)...
Turn 7238 (200)...
Turn 7239 (200)...
Turn 7240 (200)...
Turn 7241 (200)...
Turn 7242 (200)...
Turn 7243 (200)...
Turn 7244 (200)...
Turn 7245 (200)...
Turn 7246 (200)...
Turn 7247 (200)...
Turn 7248 (200)...
Turn 7249 (200)...
Turn 7250 (200)...
Turn 7251 (200)...
Turn 7252 (200)...
Turn 7253 (200)...
Turn 7254 (200)...
Turn 7255 (200)...
Turn 7256 (200)...
Turn 7257 (200)...
Turn 7258 (200)...
Turn 7259 (200)...
Turn 7260 (200)...
Turn 7261 (200)...
Turn 7262 (200)...
Turn 7263 (200)...
Turn 7264 (200)...
Turn 7265 (200)...
Turn 7266 (200)...
Turn 7267 (200)...
Turn 7268 (200)...
Turn 7269 (200)...
Turn 7270 (200)...
Turn 7271 (200)...
Turn 7272 (200)...
Turn 7273 (200)...
Turn 7274 (200)...
Turn 7275 (200)...
Turn 7276 (200)...
Turn 7277 (200)...
Turn 7278 (200)...
Turn 7279 (200)...
Turn 7280 (200)...
Turn 7281 (200)...
Turn 7282 (200)...
Turn 7283 (200)...
Turn 7284 (200)...
Turn 7285 (200)...
Turn 7286 (200)...
Turn 7287 (200)...
Turn 7288 (200)...
Turn 7289 (200)...
Turn 7290 (200)...
Turn 7291 (200)...
Turn 7292 (200)...
Turn 7293 (200)...
Turn 7294 (200)...
Turn 7295 (200)...
Turn 7296 (200)...
Turn 7297 (200)...
Turn 7298 (200)...
Turn 7299 (200)...
Turn 7300 (200)...
Turn 7301 (200)...
Turn 7302 (200)...
Turn 7303 (200)...
Turn 7304 (200)...
Turn 7305 (200)...
Turn 7306 (200)...
Turn 7307 (200)...
Turn 7308 (200)...
Turn 7309 (200)...
Turn 7310 (200)...
Turn 7311 (200)...
Turn 7312 (200)...
Turn 7313 (200)...
Turn 7314 (200)...
Turn 7315 (200)...
Turn 7316 (200)...
Turn 7317 (200)...
Turn 7318 (200)...
Turn 7319 (200)...
Turn 7320 (200)...
Turn 7321 (200)...
Turn 7322 (200)...
Turn 7323 (200)...
Turn 7324 (200)...
Turn 7325 (200)...
Turn 7326 (200)...
Turn 7327 (200)...
Turn 7328 (200)...
Turn 7329 (200)...
Turn 7330 (200)...
Turn 7331 (200)...
Turn 7332 (200)...
Turn 7333 (200)...
Turn 7334 (200)...
Turn 7335 (200)...
Turn 7336 (200)...
Turn 7337 (200)...
Turn 7338 (200)...
Turn 7339 (200)...
Turn 7340 (200)...
Turn 7341 (200)...
Turn 7342 (200)...
Turn 7343 (200)...
Turn 7344 (200)...
Turn 7345 (200)...
Turn 7346 (200)...
Turn 7347 (200)...
Turn 7348 (200)...
Turn 7349 (200)...
Turn 7350 (200)...
Turn 7351 (200)...
Turn 7352 (200)...
Turn 7353 (200)...
Turn 7354 (200)...
Turn 7355 (200)...
Turn 7356 (200)...
Turn 7357 (200)...
Turn 7358 (200)...
Turn 7359 (200)...
Turn 7360 (200)...
Turn 7361 (200)...
Turn 7362 (200)...
Turn 7363 (200)...
Turn 7364 (200)...
Turn 7365 (200)...
Turn 7366 (200)...
Turn 7367 (200)...
Turn 7368 (200)...
Turn 7369 (200)...
Turn 7370 (200)...
Turn 7371 (200)...
Turn 7372 (200)...
Turn 7373 (200)...
Turn 7374 (200)...
Turn 7375 (200)...
Turn 7376 (200)...
Turn 7377 (200)...
Turn 7378 (200)...
Turn 7379 (200)...
Turn 7380 (200)...
Turn 7381 (200)...
Turn 7382 (200)...
Turn 7383 (200)...
Turn 7384 (200)...
Turn 7385 (200)...
Turn 7386 (200)...
Turn 7387 (200)...
Turn 7388 (200)...
Turn 7389 (200)...
Turn 7390 (200)...
Turn 7391 (200)...
Turn 7392 (200)...
Turn 7393 (200)...
Turn 7394 (200)...
Turn 7395 (200)...
Turn 7396 (200)...
Turn 7397 (200)...
Turn 7398 (200)...
Turn 7399 (200)...
Turn 7400 (200)...
Turn 7401 (200)...
Turn 7402 (200)...
Turn 7403 (200)...
Turn 7404 (200)...
Turn 7405 (200)...
Turn 7406 (200)...
Turn 7407 (200)...
Turn 7408 (200)...
Turn 7409 (200)...
Turn 7410 (200)...
Turn 7411 (200)...
Turn 7412 (200)...
Turn 7413 (200)...
Turn 7414 (200)...
Turn 7415 (200)...
Turn 7416 (200)...
Turn 7417 (200)...
Turn 7418 (200)...
Turn 7419 (200)...
Turn 7420 (200)...
Turn 7421 (200)...
Turn 7422 (200)...
Turn 7423 (200)...
Turn 7424 (200)...
Turn 7425 (200)...
Turn 7426 (200)...
Turn 7427 (200)...
Turn 7428 (200)...
Turn 7429 (200)...
Turn 7430 (200)...
Turn 7431 (200)...
Turn 7432 (200)...
Turn 7433 (200)...
Turn 7434 (200)...
Turn 7435 (200)...
Turn 7436 (200)...
Turn 7437 (200)...
Turn 7438 (200)...
Turn 7439 (200)...
Turn 7440 (200)...
Turn 7441 (200)...
Turn 7442 (200)...
Turn 7443 (200)...
Turn 7444 (200)...
Turn 7445 (200)...
Turn 7446 (200)...
Turn 7447 (200)...
Turn 7448 (200)...
Turn 7449 (200)...
Turn 7450 (200)...
Turn 7451 (200)...
Turn 7452 (200)...
Turn 7453 (200)...
Turn 7454 (200)...
Turn 7455 (200)...
Turn 7456 (200)...
Turn 7457 (200)...
Turn 7458 (200)...
Turn 7459 (200)...
[DEFENSE] t=24.9m engaging 8 enemies (siege=0) near CC 561,374 (army=55)
Turn 7460 (200)...
Turn 7461 (200)...
Turn 7462 (200)...
Turn 7463 (200)...
Turn 7464 (200)...
Turn 7465 (200)...
Turn 7466 (200)...
Turn 7467 (200)...
Turn 7468 (200)...
Turn 7469 (200)...
Turn 7470 (200)...
Turn 7471 (200)...
Turn 7472 (200)...
Turn 7473 (200)...
Turn 7474 (200)...
Turn 7475 (200)...
Turn 7476 (200)...
Turn 7477 (200)...
Turn 7478 (200)...
Turn 7479 (200)...
Turn 7480 (200)...
Turn 7481 (200)...
Turn 7482 (200)...
Turn 7483 (200)...
Turn 7484 (200)...
Turn 7485 (200)...
Turn 7486 (200)...
Turn 7487 (200)...
Turn 7488 (200)...
Turn 7489 (200)...
Turn 7490 (200)...
Turn 7491 (200)...
Turn 7492 (200)...
Turn 7493 (200)...
Turn 7494 (200)...
Turn 7495 (200)...
Turn 7496 (200)...
Turn 7497 (200)...
Turn 7498 (200)...
Turn 7499 (200)...
[HARNESS] t=25m pop=141/185 idle=6 starved=0 gatherers food=26 wood=8 stone=3 metal=3 houses=33 fields=15 town=1 techs=2/10 rates wood=33% grain=55% fruit=- stone=- metal=- foodmix fruit=0 grain=1858 meat=0 dist wood=15m grain=5m fruit=-m founds=0 failedSpots=0 fruitStock=0 enemyArmy=89 siege=0 enemyNear=65m army=58 gar=19 demob=0 terr=- stock 128/68/947/1185
Turn 7500 (200)...
Turn 7501 (200)...
Turn 7502 (200)...
Turn 7503 (200)...
Turn 7504 (200)...
Turn 7505 (200)...
Turn 7506 (200)...
Turn 7507 (200)...
Turn 7508 (200)...
Turn 7509 (200)...
Turn 7510 (200)...
Turn 7511 (200)...
Turn 7512 (200)...
Turn 7513 (200)...
Turn 7514 (200)...
Turn 7515 (200)...
Turn 7516 (200)...
Turn 7517 (200)...
Turn 7518 (200)...
Turn 7519 (200)...
Turn 7520 (200)...
Turn 7521 (200)...
Turn 7522 (200)...
Turn 7523 (200)...
Turn 7524 (200)...
Turn 7525 (200)...
Turn 7526 (200)...
Turn 7527 (200)...
Turn 7528 (200)...
Turn 7529 (200)...
Turn 7530 (200)...
Turn 7531 (200)...
Turn 7532 (200)...
Turn 7533 (200)...
Turn 7534 (200)...
Turn 7535 (200)...
Turn 7536 (200)...
Turn 7537 (200)...
Turn 7538 (200)...
Turn 7539 (200)...
Turn 7540 (200)...
Turn 7541 (200)...
Turn 7542 (200)...
Turn 7543 (200)...
Turn 7544 (200)...
Turn 7545 (200)...
Turn 7546 (200)...
Turn 7547 (200)...
Turn 7548 (200)...
Turn 7549 (200)...
Turn 7550 (200)...
Turn 7551 (200)...
Turn 7552 (200)...
Turn 7553 (200)...
Turn 7554 (200)...
Turn 7555 (200)...
Turn 7556 (200)...
Turn 7557 (200)...
Turn 7558 (200)...
Turn 7559 (200)...
Turn 7560 (200)...
Turn 7561 (200)...
Turn 7562 (200)...
Turn 7563 (200)...
Turn 7564 (200)...
Turn 7565 (200)...
Turn 7566 (200)...
Turn 7567 (200)...
Turn 7568 (200)...
Turn 7569 (200)...
Turn 7570 (200)...
Turn 7571 (200)...
Turn 7572 (200)...
Turn 7573 (200)...
Turn 7574 (200)...
Turn 7575 (200)...
Turn 7576 (200)...
Turn 7577 (200)...
Turn 7578 (200)...
Turn 7579 (200)...
Turn 7580 (200)...
Turn 7581 (200)...
Turn 7582 (200)...
Turn 7583 (200)...
Turn 7584 (200)...
Turn 7585 (200)...
Turn 7586 (200)...
Turn 7587 (200)...
Turn 7588 (200)...
Turn 7589 (200)...
Turn 7590 (200)...
Turn 7591 (200)...
Turn 7592 (200)...
Turn 7593 (200)...
Turn 7594 (200)...
Turn 7595 (200)...
Turn 7596 (200)...
Turn 7597 (200)...
Turn 7598 (200)...
Turn 7599 (200)...
Turn 7600 (200)...
Turn 7601 (200)...
Turn 7602 (200)...
Turn 7603 (200)...
Turn 7604 (200)...
Turn 7605 (200)...
Turn 7606 (200)...
Turn 7607 (200)...
Turn 7608 (200)...
Turn 7609 (200)...
Turn 7610 (200)...
Turn 7611 (200)...
Turn 7612 (200)...
Turn 7613 (200)...
Turn 7614 (200)...
Turn 7615 (200)...
Turn 7616 (200)...
Turn 7617 (200)...
Turn 7618 (200)...
Turn 7619 (200)...
Turn 7620 (200)...
Turn 7621 (200)...
Turn 7622 (200)...
Turn 7623 (200)...
Turn 7624 (200)...
Turn 7625 (200)...
Turn 7626 (200)...
Turn 7627 (200)...
Turn 7628 (200)...
Turn 7629 (200)...
Turn 7630 (200)...
Turn 7631 (200)...
Turn 7632 (200)...
Turn 7633 (200)...
Turn 7634 (200)...
Turn 7635 (200)...
Turn 7636 (200)...
Turn 7637 (200)...
Turn 7638 (200)...
Turn 7639 (200)...
Turn 7640 (200)...
Turn 7641 (200)...
Turn 7642 (200)...
Turn 7643 (200)...
Turn 7644 (200)...
Turn 7645 (200)...
Turn 7646 (200)...
Turn 7647 (200)...
Turn 7648 (200)...
Turn 7649 (200)...
Turn 7650 (200)...
Turn 7651 (200)...
Turn 7652 (200)...
Turn 7653 (200)...
Turn 7654 (200)...
Turn 7655 (200)...
Turn 7656 (200)...
Turn 7657 (200)...
Turn 7658 (200)...
Turn 7659 (200)...
Turn 7660 (200)...
Turn 7661 (200)...
Turn 7662 (200)...
Turn 7663 (200)...
Turn 7664 (200)...
Turn 7665 (200)...
Turn 7666 (200)...
Turn 7667 (200)...
Turn 7668 (200)...
Turn 7669 (200)...
Turn 7670 (200)...
Turn 7671 (200)...
Turn 7672 (200)...
Turn 7673 (200)...
Turn 7674 (200)...
Turn 7675 (200)...
Turn 7676 (200)...
Turn 7677 (200)...
Turn 7678 (200)...
Turn 7679 (200)...
Turn 7680 (200)...
Turn 7681 (200)...
Turn 7682 (200)...
Turn 7683 (200)...
Turn 7684 (200)...
Turn 7685 (200)...
Turn 7686 (200)...
Turn 7687 (200)...
Turn 7688 (200)...
Turn 7689 (200)...
Turn 7690 (200)...
Turn 7691 (200)...
Turn 7692 (200)...
Turn 7693 (200)...
Turn 7694 (200)...
Turn 7695 (200)...
Turn 7696 (200)...
Turn 7697 (200)...
Turn 7698 (200)...
Turn 7699 (200)...
Turn 7700 (200)...
Turn 7701 (200)...
Turn 7702 (200)...
Turn 7703 (200)...
Turn 7704 (200)...
Turn 7705 (200)...
Turn 7706 (200)...
Turn 7707 (200)...
Turn 7708 (200)...
Turn 7709 (200)...
Turn 7710 (200)...
Turn 7711 (200)...
Turn 7712 (200)...
Turn 7713 (200)...
Turn 7714 (200)...
Turn 7715 (200)...
Turn 7716 (200)...
Turn 7717 (200)...
Turn 7718 (200)...
Turn 7719 (200)...
Turn 7720 (200)...
Turn 7721 (200)...
Turn 7722 (200)...
Turn 7723 (200)...
Turn 7724 (200)...
Turn 7725 (200)...
Turn 7726 (200)...
Turn 7727 (200)...
Turn 7728 (200)...
Turn 7729 (200)...
Turn 7730 (200)...
Turn 7731 (200)...
Turn 7732 (200)...
Turn 7733 (200)...
Turn 7734 (200)...
Turn 7735 (200)...
Turn 7736 (200)...
Turn 7737 (200)...
Turn 7738 (200)...
Turn 7739 (200)...
Turn 7740 (200)...
Turn 7741 (200)...
Turn 7742 (200)...
Turn 7743 (200)...
Turn 7744 (200)...
Turn 7745 (200)...
Turn 7746 (200)...
Turn 7747 (200)...
Turn 7748 (200)...
Turn 7749 (200)...
Turn 7750 (200)...
Turn 7751 (200)...
Turn 7752 (200)...
Turn 7753 (200)...
Turn 7754 (200)...
Turn 7755 (200)...
Turn 7756 (200)...
Turn 7757 (200)...
Turn 7758 (200)...
Turn 7759 (200)...
Turn 7760 (200)...
Turn 7761 (200)...
Turn 7762 (200)...
Turn 7763 (200)...
Turn 7764 (200)...
Turn 7765 (200)...
Turn 7766 (200)...
Turn 7767 (200)...
Turn 7768 (200)...
Turn 7769 (200)...
Turn 7770 (200)...
Turn 7771 (200)...
Turn 7772 (200)...
Turn 7773 (200)...
Turn 7774 (200)...
Turn 7775 (200)...
Turn 7776 (200)...
Turn 7777 (200)...
Turn 7778 (200)...
Turn 7779 (200)...
Turn 7780 (200)...
Turn 7781 (200)...
Turn 7782 (200)...
Turn 7783 (200)...
Turn 7784 (200)...
[DEFENSE] t=26.0m demobilizing 31 soldiers to gathering
Turn 7785 (200)...
Turn 7786 (200)...
Turn 7787 (200)...
Turn 7788 (200)...
Turn 7789 (200)...
Turn 7790 (200)...
Turn 7791 (200)...
Turn 7792 (200)...
Turn 7793 (200)...
Turn 7794 (200)...
Turn 7795 (200)...
Turn 7796 (200)...
Turn 7797 (200)...
Turn 7798 (200)...
Turn 7799 (200)...
Turn 7800 (200)...
Turn 7801 (200)...
Turn 7802 (200)...
Turn 7803 (200)...
Turn 7804 (200)...
Turn 7805 (200)...
Turn 7806 (200)...
Turn 7807 (200)...
Turn 7808 (200)...
Turn 7809 (200)...
Turn 7810 (200)...
Turn 7811 (200)...
Turn 7812 (200)...
Turn 7813 (200)...
Turn 7814 (200)...
[DEFENSE] t=26.1m remobilizing 31 soldiers
[DEFENSE] t=26.1m denying enemy foundation foundation|structures/rome/fortress at 465,558 (defenders=0, detachment=8, army=31)
Turn 7815 (200)...
Turn 7816 (200)...
Turn 7817 (200)...
Turn 7818 (200)...
Turn 7819 (200)...
Turn 7820 (200)...
Turn 7821 (200)...
Turn 7822 (200)...
Turn 7823 (200)...
Turn 7824 (200)...
Turn 7825 (200)...
Turn 7826 (200)...
Turn 7827 (200)...
Turn 7828 (200)...
Turn 7829 (200)...
Turn 7830 (200)...
Turn 7831 (200)...
Turn 7832 (200)...
Turn 7833 (200)...
Turn 7834 (200)...
Turn 7835 (200)...
Turn 7836 (200)...
Turn 7837 (200)...
Turn 7838 (200)...
Turn 7839 (200)...
Turn 7840 (200)...
Turn 7841 (200)...
Turn 7842 (200)...
Turn 7843 (200)...
Turn 7844 (200)...
Turn 7845 (200)...
Turn 7846 (200)...
Turn 7847 (200)...
Turn 7848 (200)...
Turn 7849 (200)...
Turn 7850 (200)...
Turn 7851 (200)...
Turn 7852 (200)...
Turn 7853 (200)...
Turn 7854 (200)...
Turn 7855 (200)...
Turn 7856 (200)...
Turn 7857 (200)...
Turn 7858 (200)...
Turn 7859 (200)...
Turn 7860 (200)...
Turn 7861 (200)...
Turn 7862 (200)...
Turn 7863 (200)...
Turn 7864 (200)...
Turn 7865 (200)...
Turn 7866 (200)...
Turn 7867 (200)...
Turn 7868 (200)...
Turn 7869 (200)...
Turn 7870 (200)...
Turn 7871 (200)...
Turn 7872 (200)...
Turn 7873 (200)...
Turn 7874 (200)...
Turn 7875 (200)...
Turn 7876 (200)...
Turn 7877 (200)...
Turn 7878 (200)...
Turn 7879 (200)...
[DEFENSE] t=26.3m denied enemy foundation at 465,558
Turn 7880 (200)...
Turn 7881 (200)...
Turn 7882 (200)...
Turn 7883 (200)...
Turn 7884 (200)...
Turn 7885 (200)...
Turn 7886 (200)...
Turn 7887 (200)...
Turn 7888 (200)...
Turn 7889 (200)...
Turn 7890 (200)...
Turn 7891 (200)...
Turn 7892 (200)...
Turn 7893 (200)...
Turn 7894 (200)...
Turn 7895 (200)...
Turn 7896 (200)...
Turn 7897 (200)...
Turn 7898 (200)...
Turn 7899 (200)...
Turn 7900 (200)...
Turn 7901 (200)...
Turn 7902 (200)...
Turn 7903 (200)...
Turn 7904 (200)...
Turn 7905 (200)...
Turn 7906 (200)...
Turn 7907 (200)...
Turn 7908 (200)...
Turn 7909 (200)...
Turn 7910 (200)...
Turn 7911 (200)...
Turn 7912 (200)...
Turn 7913 (200)...
Turn 7914 (200)...
Turn 7915 (200)...
Turn 7916 (200)...
Turn 7917 (200)...
Turn 7918 (200)...
Turn 7919 (200)...
[DEFENSE] t=26.4m demobilizing 32 soldiers to gathering
Turn 7920 (200)...
Turn 7921 (200)...
Turn 7922 (200)...
Turn 7923 (200)...
Turn 7924 (200)...
[DEFENSE] t=26.4m remobilizing 32 soldiers
[DEFENSE] t=26.4m denying enemy foundation foundation|structures/rome/defense_tower at 489,503 (defenders=0, detachment=8, army=32)
Turn 7925 (200)...
Turn 7926 (200)...
Turn 7927 (200)...
Turn 7928 (200)...
Turn 7929 (200)...
Turn 7930 (200)...
Turn 7931 (200)...
Turn 7932 (200)...
Turn 7933 (200)...
Turn 7934 (200)...
Turn 7935 (200)...
Turn 7936 (200)...
Turn 7937 (200)...
Turn 7938 (200)...
Turn 7939 (200)...
[DEFENSE] t=26.5m denied enemy foundation at 489,503
Turn 7940 (200)...
Turn 7941 (200)...
Turn 7942 (200)...
Turn 7943 (200)...
Turn 7944 (200)...
Turn 7945 (200)...
Turn 7946 (200)...
Turn 7947 (200)...
Turn 7948 (200)...
Turn 7949 (200)...
[HARNESS] t=26.5m farmstead at 555,496 for fields 568,477 (2 underserved)
Turn 7950 (200)...
Turn 7951 (200)...
Turn 7952 (200)...
Turn 7953 (200)...
Turn 7954 (200)...
Turn 7955 (200)...
Turn 7956 (200)...
Turn 7957 (200)...
Turn 7958 (200)...
Turn 7959 (200)...
Turn 7960 (200)...
Turn 7961 (200)...
Turn 7962 (200)...
Turn 7963 (200)...
Turn 7964 (200)...
Turn 7965 (200)...
Turn 7966 (200)...
Turn 7967 (200)...
Turn 7968 (200)...
Turn 7969 (200)...
Turn 7970 (200)...
Turn 7971 (200)...
Turn 7972 (200)...
Turn 7973 (200)...
Turn 7974 (200)...
Turn 7975 (200)...
Turn 7976 (200)...
Turn 7977 (200)...
Turn 7978 (200)...
Turn 7979 (200)...
[DEFENSE] t=26.6m demobilizing 34 soldiers to gathering
Turn 7980 (200)...
Turn 7981 (200)...
Turn 7982 (200)...
Turn 7983 (200)...
Turn 7984 (200)...
Turn 7985 (200)...
Turn 7986 (200)...
Turn 7987 (200)...
Turn 7988 (200)...
Turn 7989 (200)...
Turn 7990 (200)...
Turn 7991 (200)...
Turn 7992 (200)...
Turn 7993 (200)...
Turn 7994 (200)...
Turn 7995 (200)...
Turn 7996 (200)...
Turn 7997 (200)...
Turn 7998 (200)...
Turn 7999 (200)...
Turn 8000 (200)...
Turn 8001 (200)...
Turn 8002 (200)...
Turn 8003 (200)...
Turn 8004 (200)...
Turn 8005 (200)...
Turn 8006 (200)...
Turn 8007 (200)...
Turn 8008 (200)...
Turn 8009 (200)...
Turn 8010 (200)...
Turn 8011 (200)...
Turn 8012 (200)...
Turn 8013 (200)...
Turn 8014 (200)...
Turn 8015 (200)...
Turn 8016 (200)...
Turn 8017 (200)...
Turn 8018 (200)...
Turn 8019 (200)...
Turn 8020 (200)...
Turn 8021 (200)...
Turn 8022 (200)...
Turn 8023 (200)...
Turn 8024 (200)...
[DEFENSE] t=26.8m demobilizing 2 soldiers to gathering
Turn 8025 (200)...
Turn 8026 (200)...
Turn 8027 (200)...
Turn 8028 (200)...
Turn 8029 (200)...
Turn 8030 (200)...
Turn 8031 (200)...
Turn 8032 (200)...
Turn 8033 (200)...
Turn 8034 (200)...
Turn 8035 (200)...
Turn 8036 (200)...
Turn 8037 (200)...
Turn 8038 (200)...
Turn 8039 (200)...
Turn 8040 (200)...
Turn 8041 (200)...
Turn 8042 (200)...
Turn 8043 (200)...
Turn 8044 (200)...
[DEFENSE] t=26.8m remobilizing 36 soldiers
[DEFENSE] t=26.8m denying enemy foundation foundation|structures/rome/fortress at 465,558 (defenders=0, detachment=8, army=36)
Turn 8045 (200)...
Turn 8046 (200)...
Turn 8047 (200)...
Turn 8048 (200)...
Turn 8049 (200)...
Turn 8050 (200)...
Turn 8051 (200)...
Turn 8052 (200)...
Turn 8053 (200)...
Turn 8054 (200)...
Turn 8055 (200)...
Turn 8056 (200)...
Turn 8057 (200)...
Turn 8058 (200)...
Turn 8059 (200)...
Turn 8060 (200)...
Turn 8061 (200)...
Turn 8062 (200)...
Turn 8063 (200)...
Turn 8064 (200)...
Turn 8065 (200)...
Turn 8066 (200)...
Turn 8067 (200)...
Turn 8068 (200)...
Turn 8069 (200)...
Turn 8070 (200)...
Turn 8071 (200)...
Turn 8072 (200)...
Turn 8073 (200)...
Turn 8074 (200)...
Turn 8075 (200)...
Turn 8076 (200)...
Turn 8077 (200)...
Turn 8078 (200)...
Turn 8079 (200)...
Turn 8080 (200)...
Turn 8081 (200)...
Turn 8082 (200)...
Turn 8083 (200)...
Turn 8084 (200)...
Turn 8085 (200)...
Turn 8086 (200)...
Turn 8087 (200)...
Turn 8088 (200)...
Turn 8089 (200)...
Turn 8090 (200)...
Turn 8091 (200)...
Turn 8092 (200)...
Turn 8093 (200)...
Turn 8094 (200)...
[DEFENSE] t=27.0m denied enemy foundation at 465,558
Turn 8095 (200)...
Turn 8096 (200)...
Turn 8097 (200)...
Turn 8098 (200)...
Turn 8099 (200)...
Turn 8100 (200)...
Turn 8101 (200)...
Turn 8102 (200)...
Turn 8103 (200)...
Turn 8104 (200)...
Turn 8105 (200)...
Turn 8106 (200)...
Turn 8107 (200)...
Turn 8108 (200)...
Turn 8109 (200)...
Turn 8110 (200)...
Turn 8111 (200)...
Turn 8112 (200)...
Turn 8113 (200)...
Turn 8114 (200)...
Turn 8115 (200)...
Turn 8116 (200)...
Turn 8117 (200)...
Turn 8118 (200)...
Turn 8119 (200)...
Turn 8120 (200)...
Turn 8121 (200)...
Turn 8122 (200)...
Turn 8123 (200)...
Turn 8124 (200)...
Turn 8125 (200)...
Turn 8126 (200)...
Turn 8127 (200)...
Turn 8128 (200)...
Turn 8129 (200)...
Turn 8130 (200)...
Turn 8131 (200)...
Turn 8132 (200)...
Turn 8133 (200)...
Turn 8134 (200)...
[DEFENSE] t=27.1m demobilizing 38 soldiers to gathering
Turn 8135 (200)...
Turn 8136 (200)...
Turn 8137 (200)...
Turn 8138 (200)...
Turn 8139 (200)...
Turn 8140 (200)...
Turn 8141 (200)...
Turn 8142 (200)...
Turn 8143 (200)...
Turn 8144 (200)...
Turn 8145 (200)...
Turn 8146 (200)...
Turn 8147 (200)...
Turn 8148 (200)...
Turn 8149 (200)...
Turn 8150 (200)...
Turn 8151 (200)...
Turn 8152 (200)...
Turn 8153 (200)...
Turn 8154 (200)...
Turn 8155 (200)...
Turn 8156 (200)...
Turn 8157 (200)...
Turn 8158 (200)...
Turn 8159 (200)...
[DEFENSE] t=27.2m demobilizing 1 soldiers to gathering
Turn 8160 (200)...
Turn 8161 (200)...
Turn 8162 (200)...
Turn 8163 (200)...
Turn 8164 (200)...
Turn 8165 (200)...
Turn 8166 (200)...
Turn 8167 (200)...
Turn 8168 (200)...
Turn 8169 (200)...
Turn 8170 (200)...
Turn 8171 (200)...
Turn 8172 (200)...
Turn 8173 (200)...
Turn 8174 (200)...
Turn 8175 (200)...
Turn 8176 (200)...
Turn 8177 (200)...
Turn 8178 (200)...
Turn 8179 (200)...
Turn 8180 (200)...
Turn 8181 (200)...
Turn 8182 (200)...
Turn 8183 (200)...
Turn 8184 (200)...
Turn 8185 (200)...
Turn 8186 (200)...
Turn 8187 (200)...
Turn 8188 (200)...
Turn 8189 (200)...
Turn 8190 (200)...
Turn 8191 (200)...
Turn 8192 (200)...
Turn 8193 (200)...
Turn 8194 (200)...
Turn 8195 (200)...
Turn 8196 (200)...
Turn 8197 (200)...
Turn 8198 (200)...
Turn 8199 (200)...
Turn 8200 (200)...
Turn 8201 (200)...
Turn 8202 (200)...
Turn 8203 (200)...
Turn 8204 (200)...
Turn 8205 (200)...
Turn 8206 (200)...
Turn 8207 (200)...
Turn 8208 (200)...
Turn 8209 (200)...
Turn 8210 (200)...
Turn 8211 (200)...
Turn 8212 (200)...
Turn 8213 (200)...
Turn 8214 (200)...
Turn 8215 (200)...
Turn 8216 (200)...
Turn 8217 (200)...
Turn 8218 (200)...
Turn 8219 (200)...
Turn 8220 (200)...
Turn 8221 (200)...
Turn 8222 (200)...
Turn 8223 (200)...
Turn 8224 (200)...
Turn 8225 (200)...
Turn 8226 (200)...
Turn 8227 (200)...
Turn 8228 (200)...
Turn 8229 (200)...
Turn 8230 (200)...
Turn 8231 (200)...
Turn 8232 (200)...
Turn 8233 (200)...
Turn 8234 (200)...
Turn 8235 (200)...
Turn 8236 (200)...
Turn 8237 (200)...
Turn 8238 (200)...
Turn 8239 (200)...
Turn 8240 (200)...
Turn 8241 (200)...
Turn 8242 (200)...
Turn 8243 (200)...
Turn 8244 (200)...
[DEFENSE] t=27.5m remobilizing 39 soldiers
[DEFENSE] t=27.5m denying enemy foundation foundation|structures/rome/fortress at 465,558 (defenders=0, detachment=8, army=39)
Turn 8245 (200)...
Turn 8246 (200)...
Turn 8247 (200)...
Turn 8248 (200)...
Turn 8249 (200)...
[HARNESS] t=28m pop=113/185 idle=0 starved=0 gatherers food=32 wood=36 stone=0 metal=0 houses=33 fields=16 town=1 techs=2/10 rates wood=43% grain=76% fruit=- stone=- metal=- foodmix fruit=0 grain=1455 meat=0 dist wood=29m grain=0m fruit=-m founds=0 failedSpots=0 fruitStock=0 enemyArmy=71 siege=0 enemyNear=309m army=39 gar=0 demob=0 terr=- stock 99/100/947/1187
Turn 8250 (200)...
Turn 8251 (200)...
Turn 8252 (200)...
Turn 8253 (200)...
Turn 8254 (200)...
[DEFENSE] t=27.5m denied enemy foundation at 465,558
Turn 8255 (200)...
Turn 8256 (200)...
Turn 8257 (200)...
Turn 8258 (200)...
Turn 8259 (200)...
Turn 8260 (200)...
Turn 8261 (200)...
Turn 8262 (200)...
Turn 8263 (200)...
Turn 8264 (200)...
Turn 8265 (200)...
Turn 8266 (200)...
Turn 8267 (200)...
Turn 8268 (200)...
Turn 8269 (200)...
Turn 8270 (200)...
Turn 8271 (200)...
Turn 8272 (200)...
Turn 8273 (200)...
Turn 8274 (200)...
Turn 8275 (200)...
Turn 8276 (200)...
Turn 8277 (200)...
Turn 8278 (200)...
Turn 8279 (200)...
Turn 8280 (200)...
Turn 8281 (200)...
Turn 8282 (200)...
Turn 8283 (200)...
Turn 8284 (200)...
Turn 8285 (200)...
Turn 8286 (200)...
Turn 8287 (200)...
Turn 8288 (200)...
Turn 8289 (200)...
Turn 8290 (200)...
Turn 8291 (200)...
Turn 8292 (200)...
Turn 8293 (200)...
Turn 8294 (200)...
[DEFENSE] t=27.7m demobilizing 42 soldiers to gathering
Turn 8295 (200)...
Turn 8296 (200)...
Turn 8297 (200)...
Turn 8298 (200)...
Turn 8299 (200)...
Turn 8300 (200)...
Turn 8301 (200)...
Turn 8302 (200)...
Turn 8303 (200)...
Turn 8304 (200)...
Turn 8305 (200)...
Turn 8306 (200)...
Turn 8307 (200)...
Turn 8308 (200)...
Turn 8309 (200)...
Turn 8310 (200)...
Turn 8311 (200)...
Turn 8312 (200)...
Turn 8313 (200)...
Turn 8314 (200)...
Turn 8315 (200)...
Turn 8316 (200)...
Turn 8317 (200)...
Turn 8318 (200)...
Turn 8319 (200)...
Turn 8320 (200)...
Turn 8321 (200)...
Turn 8322 (200)...
Turn 8323 (200)...
Turn 8324 (200)...
Turn 8325 (200)...
Turn 8326 (200)...
Turn 8327 (200)...
Turn 8328 (200)...
Turn 8329 (200)...
Turn 8330 (200)...
Turn 8331 (200)...
Turn 8332 (200)...
Turn 8333 (200)...
Turn 8334 (200)...
Turn 8335 (200)...
Turn 8336 (200)...
Turn 8337 (200)...
Turn 8338 (200)...
Turn 8339 (200)...
Turn 8340 (200)...
Turn 8341 (200)...
Turn 8342 (200)...
Turn 8343 (200)...
Turn 8344 (200)...
Turn 8345 (200)...
Turn 8346 (200)...
Turn 8347 (200)...
Turn 8348 (200)...
Turn 8349 (200)...
Turn 8350 (200)...
Turn 8351 (200)...
Turn 8352 (200)...
Turn 8353 (200)...
Turn 8354 (200)...
[DEFENSE] t=27.9m remobilizing 42 soldiers
[DEFENSE] t=27.9m wave of 8 at 398m of CC 644,452 — mustering melee=12 ranged=33 healers=0
Turn 8355 (200)...
Turn 8356 (200)...
Turn 8357 (200)...
Turn 8358 (200)...
Turn 8359 (200)...
Turn 8360 (200)...
Turn 8361 (200)...
Turn 8362 (200)...
Turn 8363 (200)...
Turn 8364 (200)...
Turn 8365 (200)...
Turn 8366 (200)...
Turn 8367 (200)...
Turn 8368 (200)...
Turn 8369 (200)...
Turn 8370 (200)...
Turn 8371 (200)...
Turn 8372 (200)...
Turn 8373 (200)...
Turn 8374 (200)...
Turn 8375 (200)...
Turn 8376 (200)...
Turn 8377 (200)...
Turn 8378 (200)...
Turn 8379 (200)...
Turn 8380 (200)...
Turn 8381 (200)...
Turn 8382 (200)...
Turn 8383 (200)...
Turn 8384 (200)...
Turn 8385 (200)...
Turn 8386 (200)...
Turn 8387 (200)...
Turn 8388 (200)...
Turn 8389 (200)...
Turn 8390 (200)...
Turn 8391 (200)...
Turn 8392 (200)...
Turn 8393 (200)...
Turn 8394 (200)...
[DEFENSE] t=28.0m demobilizing 45 soldiers to gathering
Turn 8395 (200)...
Turn 8396 (200)...
Turn 8397 (200)...
Turn 8398 (200)...
Turn 8399 (200)...
[DEFENSE] t=28.0m demobilizing 3 soldiers to gathering
Turn 8400 (200)...
Turn 8401 (200)...
Turn 8402 (200)...
Turn 8403 (200)...
Turn 8404 (200)...
[DEFENSE] t=28.0m remobilizing 48 soldiers
Turn 8405 (200)...
Turn 8406 (200)...
Turn 8407 (200)...
Turn 8408 (200)...
Turn 8409 (200)...
Turn 8410 (200)...
Turn 8411 (200)...
Turn 8412 (200)...
Turn 8413 (200)...
Turn 8414 (200)...
Turn 8415 (200)...
Turn 8416 (200)...
Turn 8417 (200)...
Turn 8418 (200)...
Turn 8419 (200)...
Turn 8420 (200)...
Turn 8421 (200)...
Turn 8422 (200)...
Turn 8423 (200)...
Turn 8424 (200)...
Turn 8425 (200)...
Turn 8426 (200)...
Turn 8427 (200)...
Turn 8428 (200)...
Turn 8429 (200)...
Turn 8430 (200)...
Turn 8431 (200)...
Turn 8432 (200)...
Turn 8433 (200)...
Turn 8434 (200)...
Turn 8435 (200)...
Turn 8436 (200)...
Turn 8437 (200)...
Turn 8438 (200)...
Turn 8439 (200)...
Turn 8440 (200)...
Turn 8441 (200)...
Turn 8442 (200)...
Turn 8443 (200)...
Turn 8444 (200)...
Turn 8445 (200)...
Turn 8446 (200)...
Turn 8447 (200)...
Turn 8448 (200)...
Turn 8449 (200)...
Turn 8450 (200)...
Turn 8451 (200)...
Turn 8452 (200)...
Turn 8453 (200)...
Turn 8454 (200)...
[DEFENSE] t=28.2m denying enemy foundation foundation|structures/rome/fortress at 465,558 (defenders=0, detachment=8, army=48)
Turn 8455 (200)...
Turn 8456 (200)...
Turn 8457 (200)...
Turn 8458 (200)...
Turn 8459 (200)...
Turn 8460 (200)...
Turn 8461 (200)...
Turn 8462 (200)...
Turn 8463 (200)...
Turn 8464 (200)...
Turn 8465 (200)...
Turn 8466 (200)...
Turn 8467 (200)...
Turn 8468 (200)...
Turn 8469 (200)...
Turn 8470 (200)...
Turn 8471 (200)...
Turn 8472 (200)...
Turn 8473 (200)...
Turn 8474 (200)...
Turn 8475 (200)...
Turn 8476 (200)...
Turn 8477 (200)...
Turn 8478 (200)...
Turn 8479 (200)...
Turn 8480 (200)...
Turn 8481 (200)...
Turn 8482 (200)...
Turn 8483 (200)...
Turn 8484 (200)...
Turn 8485 (200)...
Turn 8486 (200)...
Turn 8487 (200)...
Turn 8488 (200)...
Turn 8489 (200)...
Turn 8490 (200)...
Turn 8491 (200)...
Turn 8492 (200)...
Turn 8493 (200)...
Turn 8494 (200)...
Turn 8495 (200)...
Turn 8496 (200)...
Turn 8497 (200)...
Turn 8498 (200)...
Turn 8499 (200)...
Turn 8500 (200)...
Turn 8501 (200)...
Turn 8502 (200)...
Turn 8503 (200)...
Turn 8504 (200)...
Turn 8505 (200)...
Turn 8506 (200)...
Turn 8507 (200)...
Turn 8508 (200)...
Turn 8509 (200)...
Turn 8510 (200)...
Turn 8511 (200)...
Turn 8512 (200)...
Turn 8513 (200)...
Turn 8514 (200)...
Turn 8515 (200)...
Turn 8516 (200)...
Turn 8517 (200)...
Turn 8518 (200)...
Turn 8519 (200)...
Turn 8520 (200)...
Turn 8521 (200)...
Turn 8522 (200)...
Turn 8523 (200)...
Turn 8524 (200)...
Turn 8525 (200)...
Turn 8526 (200)...
Turn 8527 (200)...
Turn 8528 (200)...
Turn 8529 (200)...
[DEFENSE] t=28.4m denied enemy foundation at 465,558
Turn 8530 (200)...
Turn 8531 (200)...
Turn 8532 (200)...
Turn 8533 (200)...
Turn 8534 (200)...
Turn 8535 (200)...
Turn 8536 (200)...
Turn 8537 (200)...
Turn 8538 (200)...
Turn 8539 (200)...
Turn 8540 (200)...
Turn 8541 (200)...
Turn 8542 (200)...
Turn 8543 (200)...
Turn 8544 (200)...
Turn 8545 (200)...
Turn 8546 (200)...
Turn 8547 (200)...
Turn 8548 (200)...
Turn 8549 (200)...
Turn 8550 (200)...
Turn 8551 (200)...
Turn 8552 (200)...
Turn 8553 (200)...
Turn 8554 (200)...
Turn 8555 (200)...
Turn 8556 (200)...
Turn 8557 (200)...
Turn 8558 (200)...
Turn 8559 (200)...
Turn 8560 (200)...
Turn 8561 (200)...
Turn 8562 (200)...
Turn 8563 (200)...
Turn 8564 (200)...
[DEFENSE] t=28.6m denying enemy foundation foundation|structures/rome/fortress at 465,558 (defenders=1, detachment=8, army=54)
Turn 8565 (200)...
Turn 8566 (200)...
Turn 8567 (200)...
Turn 8568 (200)...
Turn 8569 (200)...
Turn 8570 (200)...
Turn 8571 (200)...
Turn 8572 (200)...
Turn 8573 (200)...
Turn 8574 (200)...
Turn 8575 (200)...
Turn 8576 (200)...
Turn 8577 (200)...
Turn 8578 (200)...
Turn 8579 (200)...
Turn 8580 (200)...
Turn 8581 (200)...
Turn 8582 (200)...
Turn 8583 (200)...
Turn 8584 (200)...
Turn 8585 (200)...
Turn 8586 (200)...
Turn 8587 (200)...
Turn 8588 (200)...
Turn 8589 (200)...
Turn 8590 (200)...
Turn 8591 (200)...
Turn 8592 (200)...
Turn 8593 (200)...
Turn 8594 (200)...
Turn 8595 (200)...
Turn 8596 (200)...
Turn 8597 (200)...
Turn 8598 (200)...
Turn 8599 (200)...
Turn 8600 (200)...
Turn 8601 (200)...
Turn 8602 (200)...
Turn 8603 (200)...
Turn 8604 (200)...
Turn 8605 (200)...
Turn 8606 (200)...
Turn 8607 (200)...
Turn 8608 (200)...
Turn 8609 (200)...
Turn 8610 (200)...
Turn 8611 (200)...
Turn 8612 (200)...
Turn 8613 (200)...
Turn 8614 (200)...
Turn 8615 (200)...
Turn 8616 (200)...
Turn 8617 (200)...
Turn 8618 (200)...
Turn 8619 (200)...
Turn 8620 (200)...
Turn 8621 (200)...
Turn 8622 (200)...
Turn 8623 (200)...
Turn 8624 (200)...
[DEFENSE] t=28.8m denied enemy foundation at 465,558
Turn 8625 (200)...
Turn 8626 (200)...
Turn 8627 (200)...
Turn 8628 (200)...
Turn 8629 (200)...
Turn 8630 (200)...
Turn 8631 (200)...
Turn 8632 (200)...
Turn 8633 (200)...
Turn 8634 (200)...
Turn 8635 (200)...
Turn 8636 (200)...
Turn 8637 (200)...
Turn 8638 (200)...
Turn 8639 (200)...
Turn 8640 (200)...
Turn 8641 (200)...
Turn 8642 (200)...
Turn 8643 (200)...
Turn 8644 (200)...
Turn 8645 (200)...
Turn 8646 (200)...
Turn 8647 (200)...
Turn 8648 (200)...
Turn 8649 (200)...
Turn 8650 (200)...
Turn 8651 (200)...
Turn 8652 (200)...
Turn 8653 (200)...
Turn 8654 (200)...
Turn 8655 (200)...
Turn 8656 (200)...
Turn 8657 (200)...
Turn 8658 (200)...
Turn 8659 (200)...
Turn 8660 (200)...
Turn 8661 (200)...
Turn 8662 (200)...
Turn 8663 (200)...
Turn 8664 (200)...
Turn 8665 (200)...
Turn 8666 (200)...
Turn 8667 (200)...
Turn 8668 (200)...
Turn 8669 (200)...
Turn 8670 (200)...
Turn 8671 (200)...
Turn 8672 (200)...
Turn 8673 (200)...
Turn 8674 (200)...
Turn 8675 (200)...
Turn 8676 (200)...
Turn 8677 (200)...
Turn 8678 (200)...
Turn 8679 (200)...
[DEFENSE] t=28.9m denying enemy foundation foundation|structures/rome/fortress at 465,558 (defenders=0, detachment=8, army=63)
Turn 8680 (200)...
Turn 8681 (200)...
Turn 8682 (200)...
Turn 8683 (200)...
Turn 8684 (200)...
[HARNESS] t=29.0m storehouse at 514,422 for wood 504,422 (2 underserved + 2 frontier, mass 9847)
Turn 8685 (200)...
Turn 8686 (200)...
Turn 8687 (200)...
Turn 8688 (200)...
Turn 8689 (200)...
[HARNESS] t=29.0m rush-building storehouse at 514,422 (8 wood choppers)
Turn 8690 (200)...
Turn 8691 (200)...
Turn 8692 (200)...
Turn 8693 (200)...
Turn 8694 (200)...
Turn 8695 (200)...
Turn 8696 (200)...
Turn 8697 (200)...
Turn 8698 (200)...
Turn 8699 (200)...
Turn 8700 (200)...
Turn 8701 (200)...
Turn 8702 (200)...
Turn 8703 (200)...
Turn 8704 (200)...
Turn 8705 (200)...
Turn 8706 (200)...
Turn 8707 (200)...
Turn 8708 (200)...
Turn 8709 (200)...
Turn 8710 (200)...
Turn 8711 (200)...
Turn 8712 (200)...
Turn 8713 (200)...
Turn 8714 (200)...
Turn 8715 (200)...
Turn 8716 (200)...
Turn 8717 (200)...
Turn 8718 (200)...
Turn 8719 (200)...
Turn 8720 (200)...
Turn 8721 (200)...
Turn 8722 (200)...
Turn 8723 (200)...
Turn 8724 (200)...
Turn 8725 (200)...
Turn 8726 (200)...
Turn 8727 (200)...
Turn 8728 (200)...
Turn 8729 (200)...
Turn 8730 (200)...
Turn 8731 (200)...
Turn 8732 (200)...
Turn 8733 (200)...
Turn 8734 (200)...
Turn 8735 (200)...
Turn 8736 (200)...
Turn 8737 (200)...
Turn 8738 (200)...
Turn 8739 (200)...
Turn 8740 (200)...
Turn 8741 (200)...
Turn 8742 (200)...
Turn 8743 (200)...
Turn 8744 (200)...
Turn 8745 (200)...
Turn 8746 (200)...
Turn 8747 (200)...
Turn 8748 (200)...
Turn 8749 (200)...
[DEFENSE] t=29.2m denied enemy foundation at 465,558
Turn 8750 (200)...
Turn 8751 (200)...
Turn 8752 (200)...
Turn 8753 (200)...
Turn 8754 (200)...
Turn 8755 (200)...
Turn 8756 (200)...
Turn 8757 (200)...
Turn 8758 (200)...
Turn 8759 (200)...
Turn 8760 (200)...
Turn 8761 (200)...
Turn 8762 (200)...
Turn 8763 (200)...
Turn 8764 (200)...
Turn 8765 (200)...
Turn 8766 (200)...
Turn 8767 (200)...
Turn 8768 (200)...
Turn 8769 (200)...
Turn 8770 (200)...
Turn 8771 (200)...
Turn 8772 (200)...
Turn 8773 (200)...
Turn 8774 (200)...
[DEFENSE] t=29.3m denying enemy foundation foundation|structures/rome/fortress at 465,558 (defenders=3, detachment=8, army=69)
Turn 8775 (200)...
Turn 8776 (200)...
Turn 8777 (200)...
Turn 8778 (200)...
Turn 8779 (200)...
Turn 8780 (200)...
Turn 8781 (200)...
Turn 8782 (200)...
Turn 8783 (200)...
Turn 8784 (200)...
Turn 8785 (200)...
Turn 8786 (200)...
Turn 8787 (200)...
Turn 8788 (200)...
Turn 8789 (200)...
Turn 8790 (200)...
Turn 8791 (200)...
Turn 8792 (200)...
Turn 8793 (200)...
Turn 8794 (200)...
Turn 8795 (200)...
Turn 8796 (200)...
Turn 8797 (200)...
Turn 8798 (200)...
Turn 8799 (200)...
Turn 8800 (200)...
Turn 8801 (200)...
Turn 8802 (200)...
Turn 8803 (200)...
Turn 8804 (200)...
Turn 8805 (200)...
Turn 8806 (200)...
Turn 8807 (200)...
Turn 8808 (200)...
Turn 8809 (200)...
[DEFENSE] t=29.4m denied enemy foundation at 465,558
Turn 8810 (200)...
Turn 8811 (200)...
Turn 8812 (200)...
Turn 8813 (200)...
Turn 8814 (200)...
Turn 8815 (200)...
Turn 8816 (200)...
Turn 8817 (200)...
Turn 8818 (200)...
Turn 8819 (200)...
[DEFENSE] t=29.4m denying enemy foundation foundation|structures/rome/fortress at 465,558 (defenders=3, detachment=8, army=69)
Turn 8820 (200)...
Turn 8821 (200)...
Turn 8822 (200)...
Turn 8823 (200)...
Turn 8824 (200)...
Turn 8825 (200)...
Turn 8826 (200)...
Turn 8827 (200)...
Turn 8828 (200)...
Turn 8829 (200)...
Turn 8830 (200)...
Turn 8831 (200)...
Turn 8832 (200)...
Turn 8833 (200)...
Turn 8834 (200)...
[DEFENSE] t=29.5m denied enemy foundation at 465,558
Turn 8835 (200)...
Turn 8836 (200)...
Turn 8837 (200)...
Turn 8838 (200)...
Turn 8839 (200)...
Turn 8840 (200)...
Turn 8841 (200)...
Turn 8842 (200)...
Turn 8843 (200)...
Turn 8844 (200)...
[DEFENSE] t=29.5m denying enemy foundation foundation|structures/rome/fortress at 465,558 (defenders=0, detachment=8, army=72)
Turn 8845 (200)...
Turn 8846 (200)...
Turn 8847 (200)...
Turn 8848 (200)...
Turn 8849 (200)...
Turn 8850 (200)...
Turn 8851 (200)...
Turn 8852 (200)...
Turn 8853 (200)...
Turn 8854 (200)...
Turn 8855 (200)...
Turn 8856 (200)...
Turn 8857 (200)...
Turn 8858 (200)...
Turn 8859 (200)...
[DEFENSE] t=29.5m denied enemy foundation at 465,558
Turn 8860 (200)...
Turn 8861 (200)...
Turn 8862 (200)...
Turn 8863 (200)...
Turn 8864 (200)...
Turn 8865 (200)...
Turn 8866 (200)...
Turn 8867 (200)...
Turn 8868 (200)...
Turn 8869 (200)...
[DEFENSE] t=29.6m denying enemy foundation foundation|structures/rome/fortress at 465,558 (defenders=0, detachment=8, army=72)
Turn 8870 (200)...
Turn 8871 (200)...
Turn 8872 (200)...
Turn 8873 (200)...
Turn 8874 (200)...
Turn 8875 (200)...
Turn 8876 (200)...
Turn 8877 (200)...
Turn 8878 (200)...
Turn 8879 (200)...
Turn 8880 (200)...
Turn 8881 (200)...
Turn 8882 (200)...
Turn 8883 (200)...
Turn 8884 (200)...
[DEFENSE] t=29.6m denied enemy foundation at 465,558
Turn 8885 (200)...
Turn 8886 (200)...
Turn 8887 (200)...
Turn 8888 (200)...
Turn 8889 (200)...
Turn 8890 (200)...
Turn 8891 (200)...
Turn 8892 (200)...
Turn 8893 (200)...
Turn 8894 (200)...
[DEFENSE] t=29.7m denying enemy foundation foundation|structures/rome/fortress at 465,558 (defenders=0, detachment=8, army=75)
Turn 8895 (200)...
Turn 8896 (200)...
Turn 8897 (200)...
Turn 8898 (200)...
Turn 8899 (200)...
Turn 8900 (200)...
Turn 8901 (200)...
Turn 8902 (200)...
Turn 8903 (200)...
Turn 8904 (200)...
Turn 8905 (200)...
Turn 8906 (200)...
Turn 8907 (200)...
Turn 8908 (200)...
Turn 8909 (200)...
[DEFENSE] t=29.7m denied enemy foundation at 465,558
Turn 8910 (200)...
Turn 8911 (200)...
Turn 8912 (200)...
Turn 8913 (200)...
Turn 8914 (200)...
Turn 8915 (200)...
Turn 8916 (200)...
Turn 8917 (200)...
Turn 8918 (200)...
Turn 8919 (200)...
[DEFENSE] t=29.7m denying enemy foundation foundation|structures/rome/fortress at 465,558 (defenders=0, detachment=8, army=75)
Turn 8920 (200)...
Turn 8921 (200)...
Turn 8922 (200)...
Turn 8923 (200)...
Turn 8924 (200)...
Turn 8925 (200)...
Turn 8926 (200)...
Turn 8927 (200)...
Turn 8928 (200)...
Turn 8929 (200)...
Turn 8930 (200)...
Turn 8931 (200)...
Turn 8932 (200)...
Turn 8933 (200)...
Turn 8934 (200)...
[DEFENSE] t=29.8m denied enemy foundation at 465,558
Turn 8935 (200)...
Turn 8936 (200)...
Turn 8937 (200)...
Turn 8938 (200)...
Turn 8939 (200)...
[DEFENSE] t=29.8m denying enemy foundation foundation|structures/rome/fortress at 465,558 (defenders=0, detachment=8, army=75)
Turn 8940 (200)...
Turn 8941 (200)...
Turn 8942 (200)...
Turn 8943 (200)...
Turn 8944 (200)...
Turn 8945 (200)...
Turn 8946 (200)...
Turn 8947 (200)...
Turn 8948 (200)...
Turn 8949 (200)...
Turn 8950 (200)...
Turn 8951 (200)...
Turn 8952 (200)...
Turn 8953 (200)...
Turn 8954 (200)...
Turn 8955 (200)...
Turn 8956 (200)...
Turn 8957 (200)...
Turn 8958 (200)...
Turn 8959 (200)...
[DEFENSE] t=29.9m denied enemy foundation at 465,558
Turn 8960 (200)...
Turn 8961 (200)...
Turn 8962 (200)...
Turn 8963 (200)...
Turn 8964 (200)...
[DEFENSE] t=29.9m denying enemy foundation foundation|structures/rome/fortress at 465,558 (defenders=0, detachment=8, army=78)
Turn 8965 (200)...
Turn 8966 (200)...
Turn 8967 (200)...
Turn 8968 (200)...
Turn 8969 (200)...
Turn 8970 (200)...
Turn 8971 (200)...
Turn 8972 (200)...
Turn 8973 (200)...
Turn 8974 (200)...
Turn 8975 (200)...
Turn 8976 (200)...
Turn 8977 (200)...
Turn 8978 (200)...
Turn 8979 (200)...
Turn 8980 (200)...
Turn 8981 (200)...
Turn 8982 (200)...
Turn 8983 (200)...
Turn 8984 (200)...
[DEFENSE] t=30.0m denied enemy foundation at 465,558
Turn 8985 (200)...
Turn 8986 (200)...
Turn 8987 (200)...
Turn 8988 (200)...
Turn 8989 (200)...
[DEFENSE] t=30.0m denying enemy foundation foundation|structures/rome/fortress at 465,558 (defenders=0, detachment=8, army=78)
Turn 8990 (200)...
Turn 8991 (200)...
Turn 8992 (200)...
Turn 8993 (200)...
Turn 8994 (200)...
Turn 8995 (200)...
Turn 8996 (200)...
Turn 8997 (200)...
Turn 8998 (200)...
Turn 8999 (200)...
[HARNESS] t=30m pop=165/185 idle=52 starved=0 gatherers food=34 wood=40 stone=0 metal=0 houses=33 fields=16 town=1 techs=2/10 rates wood=63% grain=92% fruit=- stone=- metal=- foodmix fruit=0 grain=2325 meat=0 dist wood=15m grain=0m fruit=-m founds=2 failedSpots=0 fruitStock=0 enemyArmy=108 siege=2 enemyNear=314m army=81 gar=0 demob=0 terr=- stock 54/21/947/1187
Turn 9000 (200)...
Turn 9001 (200)...
Turn 9002 (200)...
Turn 9003 (200)...
Turn 9004 (200)...
Turn 9005 (200)...
Turn 9006 (200)...
Turn 9007 (200)...
Turn 9008 (200)...
Turn 9009 (200)...
[DEFENSE] t=30.0m denied enemy foundation at 465,558
Turn 9010 (200)...
Turn 9011 (200)...
Turn 9012 (200)...
Turn 9013 (200)...
Turn 9014 (200)...
[DEFENSE] t=30.1m denying enemy foundation foundation|structures/rome/fortress at 465,558 (defenders=0, detachment=8, army=81)
Turn 9015 (200)...
Turn 9016 (200)...
Turn 9017 (200)...
Turn 9018 (200)...
Turn 9019 (200)...
Turn 9020 (200)...
Turn 9021 (200)...
Turn 9022 (200)...
Turn 9023 (200)...
Turn 9024 (200)...
Turn 9025 (200)...
Turn 9026 (200)...
Turn 9027 (200)...
Turn 9028 (200)...
Turn 9029 (200)...
Turn 9030 (200)...
Turn 9031 (200)...
Turn 9032 (200)...
Turn 9033 (200)...
Turn 9034 (200)...
[DEFENSE] t=30.1m denied enemy foundation at 465,558
Turn 9035 (200)...
Turn 9036 (200)...
Turn 9037 (200)...
Turn 9038 (200)...
Turn 9039 (200)...
[DEFENSE] t=30.1m denying enemy foundation foundation|structures/rome/fortress at 465,558 (defenders=0, detachment=8, army=81)
Turn 9040 (200)...
Turn 9041 (200)...
Turn 9042 (200)...
Turn 9043 (200)...
Turn 9044 (200)...
Turn 9045 (200)...
Turn 9046 (200)...
Turn 9047 (200)...
Turn 9048 (200)...
Turn 9049 (200)...
Turn 9050 (200)...
Turn 9051 (200)...
Turn 9052 (200)...
Turn 9053 (200)...
Turn 9054 (200)...
Turn 9055 (200)...
Turn 9056 (200)...
Turn 9057 (200)...
Turn 9058 (200)...
Turn 9059 (200)...
[DEFENSE] t=30.2m denied enemy foundation at 465,558
Turn 9060 (200)...
Turn 9061 (200)...
Turn 9062 (200)...
Turn 9063 (200)...
Turn 9064 (200)...
[DEFENSE] t=30.2m denying enemy foundation foundation|structures/rome/fortress at 465,558 (defenders=0, detachment=8, army=84)
Turn 9065 (200)...
Turn 9066 (200)...
Turn 9067 (200)...
Turn 9068 (200)...
Turn 9069 (200)...
Turn 9070 (200)...
Turn 9071 (200)...
Turn 9072 (200)...
Turn 9073 (200)...
Turn 9074 (200)...
Turn 9075 (200)...
Turn 9076 (200)...
Turn 9077 (200)...
Turn 9078 (200)...
Turn 9079 (200)...
Turn 9080 (200)...
Turn 9081 (200)...
Turn 9082 (200)...
Turn 9083 (200)...
Turn 9084 (200)...
[DEFENSE] t=30.3m denied enemy foundation at 465,558
Turn 9085 (200)...
Turn 9086 (200)...
Turn 9087 (200)...
Turn 9088 (200)...
Turn 9089 (200)...
[DEFENSE] t=30.3m denying enemy foundation foundation|structures/rome/fortress at 465,558 (defenders=0, detachment=8, army=87)
Turn 9090 (200)...
Turn 9091 (200)...
Turn 9092 (200)...
Turn 9093 (200)...
Turn 9094 (200)...
Turn 9095 (200)...
Turn 9096 (200)...
Turn 9097 (200)...
Turn 9098 (200)...
Turn 9099 (200)...
Turn 9100 (200)...
Turn 9101 (200)...
Turn 9102 (200)...
Turn 9103 (200)...
Turn 9104 (200)...
Turn 9105 (200)...
Turn 9106 (200)...
Turn 9107 (200)...
Turn 9108 (200)...
Turn 9109 (200)...
[DEFENSE] t=30.4m denied enemy foundation at 465,558
Turn 9110 (200)...
Turn 9111 (200)...
Turn 9112 (200)...
Turn 9113 (200)...
Turn 9114 (200)...
Turn 9115 (200)...
Turn 9116 (200)...
Turn 9117 (200)...
Turn 9118 (200)...
Turn 9119 (200)...
Turn 9120 (200)...
Turn 9121 (200)...
Turn 9122 (200)...
Turn 9123 (200)...
Turn 9124 (200)...
Turn 9125 (200)...
Turn 9126 (200)...
Turn 9127 (200)...
Turn 9128 (200)...
Turn 9129 (200)...
Turn 9130 (200)...
Turn 9131 (200)...
Turn 9132 (200)...
Turn 9133 (200)...
Turn 9134 (200)...
[DEFENSE] t=30.5m denying enemy foundation foundation|structures/rome/fortress at 465,558 (defenders=0, detachment=8, army=90)
Turn 9135 (200)...
Turn 9136 (200)...
Turn 9137 (200)...
Turn 9138 (200)...
Turn 9139 (200)...
Turn 9140 (200)...
Turn 9141 (200)...
Turn 9142 (200)...
Turn 9143 (200)...
Turn 9144 (200)...
Turn 9145 (200)...
Turn 9146 (200)...
Turn 9147 (200)...
Turn 9148 (200)...
Turn 9149 (200)...
Turn 9150 (200)...
Turn 9151 (200)...
Turn 9152 (200)...
Turn 9153 (200)...
Turn 9154 (200)...
Turn 9155 (200)...
Turn 9156 (200)...
Turn 9157 (200)...
Turn 9158 (200)...
Turn 9159 (200)...
Turn 9160 (200)...
Turn 9161 (200)...
Turn 9162 (200)...
Turn 9163 (200)...
Turn 9164 (200)...
Turn 9165 (200)...
Turn 9166 (200)...
Turn 9167 (200)...
Turn 9168 (200)...
Turn 9169 (200)...
Turn 9170 (200)...
Turn 9171 (200)...
Turn 9172 (200)...
Turn 9173 (200)...
Turn 9174 (200)...
[DEFENSE] t=30.6m denied enemy foundation at 465,558
Turn 9175 (200)...
Turn 9176 (200)...
Turn 9177 (200)...
Turn 9178 (200)...
Turn 9179 (200)...
[DEFENSE] t=30.6m denying enemy foundation foundation|structures/rome/fortress at 465,558 (defenders=0, detachment=8, army=90)
Turn 9180 (200)...
Turn 9181 (200)...
Turn 9182 (200)...
Turn 9183 (200)...
Turn 9184 (200)...
Turn 9185 (200)...
Turn 9186 (200)...
Turn 9187 (200)...
Turn 9188 (200)...
Turn 9189 (200)...
Turn 9190 (200)...
Turn 9191 (200)...
Turn 9192 (200)...
Turn 9193 (200)...
Turn 9194 (200)...
Turn 9195 (200)...
Turn 9196 (200)...
Turn 9197 (200)...
Turn 9198 (200)...
Turn 9199 (200)...
[DEFENSE] t=30.7m denied enemy foundation at 465,558
Turn 9200 (200)...
Turn 9201 (200)...
Turn 9202 (200)...
Turn 9203 (200)...
Turn 9204 (200)...
Turn 9205 (200)...
Turn 9206 (200)...
Turn 9207 (200)...
Turn 9208 (200)...
Turn 9209 (200)...
Turn 9210 (200)...
Turn 9211 (200)...
Turn 9212 (200)...
Turn 9213 (200)...
Turn 9214 (200)...
Turn 9215 (200)...
Turn 9216 (200)...
Turn 9217 (200)...
Turn 9218 (200)...
Turn 9219 (200)...
Turn 9220 (200)...
Turn 9221 (200)...
Turn 9222 (200)...
Turn 9223 (200)...
Turn 9224 (200)...
Turn 9225 (200)...
Turn 9226 (200)...
Turn 9227 (200)...
Turn 9228 (200)...
Turn 9229 (200)...
Turn 9230 (200)...
Turn 9231 (200)...
Turn 9232 (200)...
Turn 9233 (200)...
Turn 9234 (200)...
Turn 9235 (200)...
Turn 9236 (200)...
Turn 9237 (200)...
Turn 9238 (200)...
Turn 9239 (200)...
Turn 9240 (200)...
Turn 9241 (200)...
Turn 9242 (200)...
Turn 9243 (200)...
Turn 9244 (200)...
Turn 9245 (200)...
Turn 9246 (200)...
Turn 9247 (200)...
Turn 9248 (200)...
Turn 9249 (200)...
Turn 9250 (200)...
Turn 9251 (200)...
Turn 9252 (200)...
Turn 9253 (200)...
Turn 9254 (200)...
Turn 9255 (200)...
Turn 9256 (200)...
Turn 9257 (200)...
Turn 9258 (200)...
Turn 9259 (200)...
[DEFENSE] t=30.9m denying enemy foundation foundation|structures/rome/fortress at 465,558 (defenders=0, detachment=8, army=96)
Turn 9260 (200)...
Turn 9261 (200)...
Turn 9262 (200)...
Turn 9263 (200)...
Turn 9264 (200)...
Turn 9265 (200)...
Turn 9266 (200)...
Turn 9267 (200)...
Turn 9268 (200)...
Turn 9269 (200)...
Turn 9270 (200)...
Turn 9271 (200)...
Turn 9272 (200)...
Turn 9273 (200)...
Turn 9274 (200)...
Turn 9275 (200)...
Turn 9276 (200)...
Turn 9277 (200)...
Turn 9278 (200)...
Turn 9279 (200)...
Turn 9280 (200)...
Turn 9281 (200)...
Turn 9282 (200)...
Turn 9283 (200)...
Turn 9284 (200)...
[DEFENSE] t=31.0m engaging 8 enemies (siege=0) near CC 562,372 (army=96)
Turn 9285 (200)...
Turn 9286 (200)...
Turn 9287 (200)...
Turn 9288 (200)...
Turn 9289 (200)...
Turn 9290 (200)...
Turn 9291 (200)...
Turn 9292 (200)...
Turn 9293 (200)...
Turn 9294 (200)...
Turn 9295 (200)...
Turn 9296 (200)...
Turn 9297 (200)...
Turn 9298 (200)...
Turn 9299 (200)...
Turn 9300 (200)...
Turn 9301 (200)...
Turn 9302 (200)...
Turn 9303 (200)...
Turn 9304 (200)...
Turn 9305 (200)...
Turn 9306 (200)...
Turn 9307 (200)...
Turn 9308 (200)...
Turn 9309 (200)...
Turn 9310 (200)...
Turn 9311 (200)...
Turn 9312 (200)...
Turn 9313 (200)...
Turn 9314 (200)...
Turn 9315 (200)...
Turn 9316 (200)...
Turn 9317 (200)...
Turn 9318 (200)...
Turn 9319 (200)...
Turn 9320 (200)...
Turn 9321 (200)...
Turn 9322 (200)...
Turn 9323 (200)...
Turn 9324 (200)...
Turn 9325 (200)...
Turn 9326 (200)...
Turn 9327 (200)...
Turn 9328 (200)...
Turn 9329 (200)...
Turn 9330 (200)...
Turn 9331 (200)...
Turn 9332 (200)...
Turn 9333 (200)...
Turn 9334 (200)...
Turn 9335 (200)...
Turn 9336 (200)...
Turn 9337 (200)...
Turn 9338 (200)...
Turn 9339 (200)...
Turn 9340 (200)...
Turn 9341 (200)...
Turn 9342 (200)...
Turn 9343 (200)...
Turn 9344 (200)...
Turn 9345 (200)...
Turn 9346 (200)...
Turn 9347 (200)...
Turn 9348 (200)...
Turn 9349 (200)...
Turn 9350 (200)...
Turn 9351 (200)...
Turn 9352 (200)...
Turn 9353 (200)...
Turn 9354 (200)...
Turn 9355 (200)...
Turn 9356 (200)...
Turn 9357 (200)...
Turn 9358 (200)...
Turn 9359 (200)...
Turn 9360 (200)...
Turn 9361 (200)...
Turn 9362 (200)...
Turn 9363 (200)...
Turn 9364 (200)...
Turn 9365 (200)...
Turn 9366 (200)...
Turn 9367 (200)...
Turn 9368 (200)...
Turn 9369 (200)...
Turn 9370 (200)...
Turn 9371 (200)...
Turn 9372 (200)...
Turn 9373 (200)...
Turn 9374 (200)...
[DEFENSE] t=31.3m denying enemy foundation foundation|structures/rome/fortress at 465,558 (defenders=2, detachment=8, army=94)
[HARNESS] t=31.3m research gather_farming_harvester
Turn 9375 (200)...
Turn 9376 (200)...
Turn 9377 (200)...
Turn 9378 (200)...
Turn 9379 (200)...
Turn 9380 (200)...
Turn 9381 (200)...
Turn 9382 (200)...
Turn 9383 (200)...
Turn 9384 (200)...
Turn 9385 (200)...
Turn 9386 (200)...
Turn 9387 (200)...
Turn 9388 (200)...
Turn 9389 (200)...
Turn 9390 (200)...
Turn 9391 (200)...
Turn 9392 (200)...
Turn 9393 (200)...
Turn 9394 (200)...
Turn 9395 (200)...
Turn 9396 (200)...
Turn 9397 (200)...
Turn 9398 (200)...
Turn 9399 (200)...
Turn 9400 (200)...
Turn 9401 (200)...
Turn 9402 (200)...
Turn 9403 (200)...
Turn 9404 (200)...
Turn 9405 (200)...
Turn 9406 (200)...
Turn 9407 (200)...
Turn 9408 (200)...
Turn 9409 (200)...
Turn 9410 (200)...
Turn 9411 (200)...
Turn 9412 (200)...
Turn 9413 (200)...
Turn 9414 (200)...
Turn 9415 (200)...
Turn 9416 (200)...
Turn 9417 (200)...
Turn 9418 (200)...
Turn 9419 (200)...
Turn 9420 (200)...
Turn 9421 (200)...
Turn 9422 (200)...
Turn 9423 (200)...
Turn 9424 (200)...
Turn 9425 (200)...
Turn 9426 (200)...
Turn 9427 (200)...
Turn 9428 (200)...
Turn 9429 (200)...
Turn 9430 (200)...
Turn 9431 (200)...
Turn 9432 (200)...
Turn 9433 (200)...
Turn 9434 (200)...
Turn 9435 (200)...
Turn 9436 (200)...
Turn 9437 (200)...
Turn 9438 (200)...
Turn 9439 (200)...
Turn 9440 (200)...
Turn 9441 (200)...
Turn 9442 (200)...
Turn 9443 (200)...
Turn 9444 (200)...
Turn 9445 (200)...
Turn 9446 (200)...
Turn 9447 (200)...
Turn 9448 (200)...
Turn 9449 (200)...
Turn 9450 (200)...
Turn 9451 (200)...
Turn 9452 (200)...
Turn 9453 (200)...
Turn 9454 (200)...
Turn 9455 (200)...
Turn 9456 (200)...
Turn 9457 (200)...
Turn 9458 (200)...
Turn 9459 (200)...
Turn 9460 (200)...
Turn 9461 (200)...
Turn 9462 (200)...
Turn 9463 (200)...
Turn 9464 (200)...
Turn 9465 (200)...
Turn 9466 (200)...
Turn 9467 (200)...
Turn 9468 (200)...
Turn 9469 (200)...
Turn 9470 (200)...
Turn 9471 (200)...
Turn 9472 (200)...
Turn 9473 (200)...
Turn 9474 (200)...
Turn 9475 (200)...
Turn 9476 (200)...
Turn 9477 (200)...
Turn 9478 (200)...
Turn 9479 (200)...
Turn 9480 (200)...
Turn 9481 (200)...
Turn 9482 (200)...
Turn 9483 (200)...
Turn 9484 (200)...
[DEFENSE] t=31.6m denied enemy foundation at 465,558
Turn 9485 (200)...
Turn 9486 (200)...
Turn 9487 (200)...
Turn 9488 (200)...
Turn 9489 (200)...
[DEFENSE] t=31.6m denying enemy foundation foundation|structures/rome/civil_centre at 401,366 (defenders=2, detachment=8, army=92)
Turn 9490 (200)...
Turn 9491 (200)...
Turn 9492 (200)...
Turn 9493 (200)...
Turn 9494 (200)...
Turn 9495 (200)...
Turn 9496 (200)...
Turn 9497 (200)...
Turn 9498 (200)...
Turn 9499 (200)...
Turn 9500 (200)...
Turn 9501 (200)...
Turn 9502 (200)...
Turn 9503 (200)...
Turn 9504 (200)...
Turn 9505 (200)...
Turn 9506 (200)...
Turn 9507 (200)...
Turn 9508 (200)...
Turn 9509 (200)...
Turn 9510 (200)...
Turn 9511 (200)...
Turn 9512 (200)...
Turn 9513 (200)...
Turn 9514 (200)...
Turn 9515 (200)...
Turn 9516 (200)...
Turn 9517 (200)...
Turn 9518 (200)...
Turn 9519 (200)...
Turn 9520 (200)...
Turn 9521 (200)...
Turn 9522 (200)...
Turn 9523 (200)...
Turn 9524 (200)...
Turn 9525 (200)...
Turn 9526 (200)...
Turn 9527 (200)...
Turn 9528 (200)...
Turn 9529 (200)...
Turn 9530 (200)...
Turn 9531 (200)...
Turn 9532 (200)...
Turn 9533 (200)...
Turn 9534 (200)...
Turn 9535 (200)...
Turn 9536 (200)...
Turn 9537 (200)...
Turn 9538 (200)...
Turn 9539 (200)...
Turn 9540 (200)...
Turn 9541 (200)...
Turn 9542 (200)...
Turn 9543 (200)...
Turn 9544 (200)...
Turn 9545 (200)...
Turn 9546 (200)...
Turn 9547 (200)...
Turn 9548 (200)...
Turn 9549 (200)...
Turn 9550 (200)...
Turn 9551 (200)...
Turn 9552 (200)...
Turn 9553 (200)...
Turn 9554 (200)...
Turn 9555 (200)...
Turn 9556 (200)...
Turn 9557 (200)...
Turn 9558 (200)...
Turn 9559 (200)...
Turn 9560 (200)...
Turn 9561 (200)...
Turn 9562 (200)...
Turn 9563 (200)...
Turn 9564 (200)...
Turn 9565 (200)...
Turn 9566 (200)...
Turn 9567 (200)...
Turn 9568 (200)...
Turn 9569 (200)...
Turn 9570 (200)...
Turn 9571 (200)...
Turn 9572 (200)...
Turn 9573 (200)...
Turn 9574 (200)...
Turn 9575 (200)...
Turn 9576 (200)...
Turn 9577 (200)...
Turn 9578 (200)...
Turn 9579 (200)...
Turn 9580 (200)...
Turn 9581 (200)...
Turn 9582 (200)...
Turn 9583 (200)...
Turn 9584 (200)...
Turn 9585 (200)...
Turn 9586 (200)...
Turn 9587 (200)...
Turn 9588 (200)...
Turn 9589 (200)...
Turn 9590 (200)...
Turn 9591 (200)...
Turn 9592 (200)...
Turn 9593 (200)...
Turn 9594 (200)...
Turn 9595 (200)...
Turn 9596 (200)...
Turn 9597 (200)...
Turn 9598 (200)...
Turn 9599 (200)...
Turn 9600 (200)...
Turn 9601 (200)...
Turn 9602 (200)...
Turn 9603 (200)...
Turn 9604 (200)...
[HARNESS] t=32.0m research gather_lumbering_ironaxes
Turn 9605 (200)...
Turn 9606 (200)...
Turn 9607 (200)...
Turn 9608 (200)...
Turn 9609 (200)...
Turn 9610 (200)...
Turn 9611 (200)...
Turn 9612 (200)...
Turn 9613 (200)...
Turn 9614 (200)...
Turn 9615 (200)...
Turn 9616 (200)...
Turn 9617 (200)...
Turn 9618 (200)...
Turn 9619 (200)...
Turn 9620 (200)...
Turn 9621 (200)...
Turn 9622 (200)...
Turn 9623 (200)...
Turn 9624 (200)...
Turn 9625 (200)...
Turn 9626 (200)...
Turn 9627 (200)...
Turn 9628 (200)...
Turn 9629 (200)...
Turn 9630 (200)...
Turn 9631 (200)...
Turn 9632 (200)...
Turn 9633 (200)...
Turn 9634 (200)...
Turn 9635 (200)...
Turn 9636 (200)...
Turn 9637 (200)...
Turn 9638 (200)...
Turn 9639 (200)...
Turn 9640 (200)...
Turn 9641 (200)...
Turn 9642 (200)...
Turn 9643 (200)...
Turn 9644 (200)...
Turn 9645 (200)...
Turn 9646 (200)...
Turn 9647 (200)...
Turn 9648 (200)...
Turn 9649 (200)...
Turn 9650 (200)...
Turn 9651 (200)...
Turn 9652 (200)...
Turn 9653 (200)...
Turn 9654 (200)...
Turn 9655 (200)...
Turn 9656 (200)...
Turn 9657 (200)...
Turn 9658 (200)...
Turn 9659 (200)...
Turn 9660 (200)...
Turn 9661 (200)...
Turn 9662 (200)...
Turn 9663 (200)...
Turn 9664 (200)...
Turn 9665 (200)...
Turn 9666 (200)...
Turn 9667 (200)...
Turn 9668 (200)...
Turn 9669 (200)...
Turn 9670 (200)...
Turn 9671 (200)...
Turn 9672 (200)...
Turn 9673 (200)...
Turn 9674 (200)...
Turn 9675 (200)...
Turn 9676 (200)...
Turn 9677 (200)...
Turn 9678 (200)...
Turn 9679 (200)...
[HARNESS] t=32.3m building forge
Turn 9680 (200)...
Turn 9681 (200)...
Turn 9682 (200)...
Turn 9683 (200)...
Turn 9684 (200)...
Turn 9685 (200)...
Turn 9686 (200)...
Turn 9687 (200)...
Turn 9688 (200)...
Turn 9689 (200)...
Turn 9690 (200)...
Turn 9691 (200)...
Turn 9692 (200)...
Turn 9693 (200)...
Turn 9694 (200)...
Turn 9695 (200)...
Turn 9696 (200)...
Turn 9697 (200)...
Turn 9698 (200)...
Turn 9699 (200)...
Turn 9700 (200)...
Turn 9701 (200)...
Turn 9702 (200)...
Turn 9703 (200)...
Turn 9704 (200)...
Turn 9705 (200)...
Turn 9706 (200)...
Turn 9707 (200)...
Turn 9708 (200)...
Turn 9709 (200)...
Turn 9710 (200)...
Turn 9711 (200)...
Turn 9712 (200)...
Turn 9713 (200)...
Turn 9714 (200)...
Turn 9715 (200)...
Turn 9716 (200)...
Turn 9717 (200)...
Turn 9718 (200)...
Turn 9719 (200)...
Turn 9720 (200)...
Turn 9721 (200)...
Turn 9722 (200)...
Turn 9723 (200)...
Turn 9724 (200)...
Turn 9725 (200)...
Turn 9726 (200)...
Turn 9727 (200)...
Turn 9728 (200)...
Turn 9729 (200)...
Turn 9730 (200)...
Turn 9731 (200)...
Turn 9732 (200)...
Turn 9733 (200)...
Turn 9734 (200)...
Turn 9735 (200)...
Turn 9736 (200)...
Turn 9737 (200)...
Turn 9738 (200)...
Turn 9739 (200)...
Turn 9740 (200)...
Turn 9741 (200)...
Turn 9742 (200)...
Turn 9743 (200)...
Turn 9744 (200)...
Turn 9745 (200)...
Turn 9746 (200)...
Turn 9747 (200)...
Turn 9748 (200)...
Turn 9749 (200)...
[HARNESS] t=33m pop=167/205 idle=53 starved=0 gatherers food=38 wood=42 stone=0 metal=3 houses=37 fields=21 town=1 techs=3/10 rates wood=52% grain=80% fruit=- stone=- metal=- foodmix fruit=0 grain=1823 meat=0 dist wood=19m grain=1m fruit=-m founds=2 failedSpots=0 fruitStock=0 enemyArmy=83 siege=4 enemyNear=166m army=77 gar=0 demob=0 terr=- stock 209/157/947/989
Turn 9750 (200)...
Turn 9751 (200)...
Turn 9752 (200)...
Turn 9753 (200)...
Turn 9754 (200)...
Turn 9755 (200)...
Turn 9756 (200)...
Turn 9757 (200)...
Turn 9758 (200)...
Turn 9759 (200)...
Turn 9760 (200)...
Turn 9761 (200)...
Turn 9762 (200)...
Turn 9763 (200)...
Turn 9764 (200)...
Turn 9765 (200)...
Turn 9766 (200)...
Turn 9767 (200)...
Turn 9768 (200)...
Turn 9769 (200)...
Turn 9770 (200)...
Turn 9771 (200)...
Turn 9772 (200)...
Turn 9773 (200)...
Turn 9774 (200)...
Turn 9775 (200)...
Turn 9776 (200)...
Turn 9777 (200)...
Turn 9778 (200)...
Turn 9779 (200)...
Turn 9780 (200)...
Turn 9781 (200)...
Turn 9782 (200)...
Turn 9783 (200)...
Turn 9784 (200)...
Turn 9785 (200)...
Turn 9786 (200)...
Turn 9787 (200)...
Turn 9788 (200)...
Turn 9789 (200)...
Turn 9790 (200)...
Turn 9791 (200)...
Turn 9792 (200)...
Turn 9793 (200)...
Turn 9794 (200)...
Turn 9795 (200)...
Turn 9796 (200)...
Turn 9797 (200)...
Turn 9798 (200)...
Turn 9799 (200)...
Turn 9800 (200)...
Turn 9801 (200)...
Turn 9802 (200)...
Turn 9803 (200)...
Turn 9804 (200)...
Turn 9805 (200)...
Turn 9806 (200)...
Turn 9807 (200)...
Turn 9808 (200)...
Turn 9809 (200)...
Turn 9810 (200)...
Turn 9811 (200)...
Turn 9812 (200)...
Turn 9813 (200)...
Turn 9814 (200)...
Turn 9815 (200)...
Turn 9816 (200)...
Turn 9817 (200)...
Turn 9818 (200)...
Turn 9819 (200)...
Turn 9820 (200)...
Turn 9821 (200)...
Turn 9822 (200)...
Turn 9823 (200)...
Turn 9824 (200)...
Turn 9825 (200)...
Turn 9826 (200)...
Turn 9827 (200)...
Turn 9828 (200)...
Turn 9829 (200)...
Turn 9830 (200)...
Turn 9831 (200)...
Turn 9832 (200)...
Turn 9833 (200)...
Turn 9834 (200)...
Turn 9835 (200)...
Turn 9836 (200)...
Turn 9837 (200)...
Turn 9838 (200)...
Turn 9839 (200)...
Turn 9840 (200)...
Turn 9841 (200)...
Turn 9842 (200)...
Turn 9843 (200)...
Turn 9844 (200)...
Turn 9845 (200)...
Turn 9846 (200)...
Turn 9847 (200)...
Turn 9848 (200)...
Turn 9849 (200)...
Turn 9850 (200)...
Turn 9851 (200)...
Turn 9852 (200)...
Turn 9853 (200)...
Turn 9854 (200)...
Turn 9855 (200)...
Turn 9856 (200)...
Turn 9857 (200)...
Turn 9858 (200)...
Turn 9859 (200)...
Turn 9860 (200)...
Turn 9861 (200)...
Turn 9862 (200)...
Turn 9863 (200)...
Turn 9864 (200)...
Turn 9865 (200)...
Turn 9866 (200)...
Turn 9867 (200)...
Turn 9868 (200)...
Turn 9869 (200)...
Turn 9870 (200)...
Turn 9871 (200)...
Turn 9872 (200)...
Turn 9873 (200)...
Turn 9874 (200)...
Turn 9875 (200)...
Turn 9876 (200)...
Turn 9877 (200)...
Turn 9878 (200)...
Turn 9879 (200)...
Turn 9880 (200)...
Turn 9881 (200)...
Turn 9882 (200)...
Turn 9883 (200)...
Turn 9884 (200)...
Turn 9885 (200)...
Turn 9886 (200)...
Turn 9887 (200)...
Turn 9888 (200)...
Turn 9889 (200)...
Turn 9890 (200)...
Turn 9891 (200)...
Turn 9892 (200)...
Turn 9893 (200)...
Turn 9894 (200)...
Turn 9895 (200)...
Turn 9896 (200)...
Turn 9897 (200)...
Turn 9898 (200)...
Turn 9899 (200)...
Turn 9900 (200)...
Turn 9901 (200)...
Turn 9902 (200)...
Turn 9903 (200)...
Turn 9904 (200)...
Turn 9905 (200)...
Turn 9906 (200)...
Turn 9907 (200)...
Turn 9908 (200)...
Turn 9909 (200)...
Turn 9910 (200)...
Turn 9911 (200)...
Turn 9912 (200)...
Turn 9913 (200)...
Turn 9914 (200)...
Turn 9915 (200)...
Turn 9916 (200)...
Turn 9917 (200)...
Turn 9918 (200)...
Turn 9919 (200)...
Turn 9920 (200)...
Turn 9921 (200)...
Turn 9922 (200)...
Turn 9923 (200)...
Turn 9924 (200)...
Turn 9925 (200)...
Turn 9926 (200)...
Turn 9927 (200)...
Turn 9928 (200)...
Turn 9929 (200)...
Turn 9930 (200)...
Turn 9931 (200)...
Turn 9932 (200)...
Turn 9933 (200)...
Turn 9934 (200)...
Turn 9935 (200)...
Turn 9936 (200)...
Turn 9937 (200)...
Turn 9938 (200)...
Turn 9939 (200)...
Turn 9940 (200)...
Turn 9941 (200)...
Turn 9942 (200)...
Turn 9943 (200)...
Turn 9944 (200)...
Turn 9945 (200)...
Turn 9946 (200)...
Turn 9947 (200)...
Turn 9948 (200)...
Turn 9949 (200)...
Turn 9950 (200)...
Turn 9951 (200)...
Turn 9952 (200)...
Turn 9953 (200)...
Turn 9954 (200)...
Turn 9955 (200)...
Turn 9956 (200)...
Turn 9957 (200)...
Turn 9958 (200)...
Turn 9959 (200)...
Turn 9960 (200)...
Turn 9961 (200)...
Turn 9962 (200)...
Turn 9963 (200)...
Turn 9964 (200)...
Turn 9965 (200)...
Turn 9966 (200)...
Turn 9967 (200)...
Turn 9968 (200)...
Turn 9969 (200)...
Turn 9970 (200)...
Turn 9971 (200)...
Turn 9972 (200)...
Turn 9973 (200)...
Turn 9974 (200)...
Turn 9975 (200)...
Turn 9976 (200)...
Turn 9977 (200)...
Turn 9978 (200)...
Turn 9979 (200)...
Turn 9980 (200)...
Turn 9981 (200)...
Turn 9982 (200)...
Turn 9983 (200)...
Turn 9984 (200)...
Turn 9985 (200)...
Turn 9986 (200)...
Turn 9987 (200)...
Turn 9988 (200)...
Turn 9989 (200)...
Turn 9990 (200)...
Turn 9991 (200)...
Turn 9992 (200)...
Turn 9993 (200)...
Turn 9994 (200)...
Turn 9995 (200)...
Turn 9996 (200)...
Turn 9997 (200)...
Turn 9998 (200)...
Turn 9999 (200)...
Turn 10000 (200)...
Turn 10001 (200)...
Turn 10002 (200)...
Turn 10003 (200)...
Turn 10004 (200)...
Turn 10005 (200)...
Turn 10006 (200)...
Turn 10007 (200)...
Turn 10008 (200)...
Turn 10009 (200)...
Turn 10010 (200)...
Turn 10011 (200)...
Turn 10012 (200)...
Turn 10013 (200)...
Turn 10014 (200)...
Turn 10015 (200)...
Turn 10016 (200)...
Turn 10017 (200)...
Turn 10018 (200)...
Turn 10019 (200)...
Turn 10020 (200)...
Turn 10021 (200)...
Turn 10022 (200)...
Turn 10023 (200)...
Turn 10024 (200)...
Turn 10025 (200)...
Turn 10026 (200)...
Turn 10027 (200)...
Turn 10028 (200)...
Turn 10029 (200)...
Turn 10030 (200)...
Turn 10031 (200)...
Turn 10032 (200)...
Turn 10033 (200)...
Turn 10034 (200)...
Turn 10035 (200)...
Turn 10036 (200)...
Turn 10037 (200)...
Turn 10038 (200)...
Turn 10039 (200)...
Turn 10040 (200)...
Turn 10041 (200)...
Turn 10042 (200)...
Turn 10043 (200)...
Turn 10044 (200)...
Turn 10045 (200)...
Turn 10046 (200)...
Turn 10047 (200)...
Turn 10048 (200)...
Turn 10049 (200)...
Turn 10050 (200)...
Turn 10051 (200)...
Turn 10052 (200)...
Turn 10053 (200)...
Turn 10054 (200)...
Turn 10055 (200)...
Turn 10056 (200)...
Turn 10057 (200)...
Turn 10058 (200)...
Turn 10059 (200)...
Turn 10060 (200)...
Turn 10061 (200)...
Turn 10062 (200)...
Turn 10063 (200)...
Turn 10064 (200)...
Turn 10065 (200)...
Turn 10066 (200)...
Turn 10067 (200)...
Turn 10068 (200)...
Turn 10069 (200)...
Turn 10070 (200)...
Turn 10071 (200)...
Turn 10072 (200)...
Turn 10073 (200)...
Turn 10074 (200)...
Turn 10075 (200)...
Turn 10076 (200)...
Turn 10077 (200)...
Turn 10078 (200)...
Turn 10079 (200)...
Turn 10080 (200)...
Turn 10081 (200)...
Turn 10082 (200)...
Turn 10083 (200)...
Turn 10084 (200)...
Turn 10085 (200)...
Turn 10086 (200)...
Turn 10087 (200)...
Turn 10088 (200)...
Turn 10089 (200)...
Turn 10090 (200)...
Turn 10091 (200)...
Turn 10092 (200)...
Turn 10093 (200)...
Turn 10094 (200)...
[DEFENSE] t=33.7m foundation denial abandoned at 401,366 (built=false, defenders=12, army=61)
[DEFENSE] t=33.7m wave of 28 at 393m of CC 644,452 — mustering melee=10 ranged=51 healers=0
Turn 10095 (200)...
Turn 10096 (200)...
Turn 10097 (200)...
Turn 10098 (200)...
Turn 10099 (200)...
Turn 10100 (200)...
Turn 10101 (200)...
Turn 10102 (200)...
Turn 10103 (200)...
Turn 10104 (200)...
Turn 10105 (200)...
Turn 10106 (200)...
Turn 10107 (200)...
Turn 10108 (200)...
Turn 10109 (200)...
Turn 10110 (200)...
Turn 10111 (200)...
Turn 10112 (200)...
Turn 10113 (200)...
Turn 10114 (200)...
Turn 10115 (200)...
Turn 10116 (200)...
Turn 10117 (200)...
Turn 10118 (200)...
Turn 10119 (200)...
Turn 10120 (200)...
Turn 10121 (200)...
Turn 10122 (200)...
Turn 10123 (200)...
Turn 10124 (200)...
Turn 10125 (200)...
Turn 10126 (200)...
Turn 10127 (200)...
Turn 10128 (200)...
Turn 10129 (200)...
Turn 10130 (200)...
Turn 10131 (200)...
Turn 10132 (200)...
Turn 10133 (200)...
Turn 10134 (200)...
[HARNESS] t=33.8m metal pull-back: pulled 66, stuck 0 (served: 1 free, band: 2, in-terr far: 2, rejected full=0 region=0 enemy=0 cant=0)
Turn 10135 (200)...
Turn 10136 (200)...
Turn 10137 (200)...
Turn 10138 (200)...
Turn 10139 (200)...
Turn 10140 (200)...
Turn 10141 (200)...
Turn 10142 (200)...
Turn 10143 (200)...
Turn 10144 (200)...
Turn 10145 (200)...
Turn 10146 (200)...
Turn 10147 (200)...
Turn 10148 (200)...
Turn 10149 (200)...
Turn 10150 (200)...
Turn 10151 (200)...
Turn 10152 (200)...
Turn 10153 (200)...
Turn 10154 (200)...
Turn 10155 (200)...
Turn 10156 (200)...
Turn 10157 (200)...
Turn 10158 (200)...
Turn 10159 (200)...
Turn 10160 (200)...
Turn 10161 (200)...
Turn 10162 (200)...
Turn 10163 (200)...
Turn 10164 (200)...
Turn 10165 (200)...
Turn 10166 (200)...
Turn 10167 (200)...
Turn 10168 (200)...
Turn 10169 (200)...
Turn 10170 (200)...
Turn 10171 (200)...
Turn 10172 (200)...
Turn 10173 (200)...
Turn 10174 (200)...
Turn 10175 (200)...
Turn 10176 (200)...
Turn 10177 (200)...
Turn 10178 (200)...
Turn 10179 (200)...
Turn 10180 (200)...
Turn 10181 (200)...
Turn 10182 (200)...
Turn 10183 (200)...
Turn 10184 (200)...
Turn 10185 (200)...
Turn 10186 (200)...
Turn 10187 (200)...
Turn 10188 (200)...
Turn 10189 (200)...
Turn 10190 (200)...
Turn 10191 (200)...
Turn 10192 (200)...
Turn 10193 (200)...
Turn 10194 (200)...
Turn 10195 (200)...
Turn 10196 (200)...
Turn 10197 (200)...
Turn 10198 (200)...
Turn 10199 (200)...
Turn 10200 (200)...
Turn 10201 (200)...
Turn 10202 (200)...
Turn 10203 (200)...
Turn 10204 (200)...
Turn 10205 (200)...
Turn 10206 (200)...
Turn 10207 (200)...
Turn 10208 (200)...
Turn 10209 (200)...
Turn 10210 (200)...
Turn 10211 (200)...
Turn 10212 (200)...
Turn 10213 (200)...
Turn 10214 (200)...
[DEFENSE] t=34.1m denying enemy foundation foundation|structures/rome/defense_tower at 489,503 (defenders=0, detachment=8, army=66)
Turn 10215 (200)...
Turn 10216 (200)...
Turn 10217 (200)...
Turn 10218 (200)...
Turn 10219 (200)...
Turn 10220 (200)...
Turn 10221 (200)...
Turn 10222 (200)...
Turn 10223 (200)...
Turn 10224 (200)...
Turn 10225 (200)...
Turn 10226 (200)...
Turn 10227 (200)...
Turn 10228 (200)...
Turn 10229 (200)...
Turn 10230 (200)...
Turn 10231 (200)...
Turn 10232 (200)...
Turn 10233 (200)...
Turn 10234 (200)...
Turn 10235 (200)...
Turn 10236 (200)...
Turn 10237 (200)...
Turn 10238 (200)...
Turn 10239 (200)...
Turn 10240 (200)...
Turn 10241 (200)...
Turn 10242 (200)...
Turn 10243 (200)...
Turn 10244 (200)...
Turn 10245 (200)...
Turn 10246 (200)...
Turn 10247 (200)...
Turn 10248 (200)...
Turn 10249 (200)...
Turn 10250 (200)...
Turn 10251 (200)...
Turn 10252 (200)...
Turn 10253 (200)...
Turn 10254 (200)...
Turn 10255 (200)...
Turn 10256 (200)...
Turn 10257 (200)...
Turn 10258 (200)...
Turn 10259 (200)...
[DEFENSE] t=34.2m denied enemy foundation at 489,503
Turn 10260 (200)...
Turn 10261 (200)...
Turn 10262 (200)...
Turn 10263 (200)...
Turn 10264 (200)...
Turn 10265 (200)...
Turn 10266 (200)...
Turn 10267 (200)...
Turn 10268 (200)...
Turn 10269 (200)...
Turn 10270 (200)...
Turn 10271 (200)...
Turn 10272 (200)...
Turn 10273 (200)...
Turn 10274 (200)...
Turn 10275 (200)...
Turn 10276 (200)...
Turn 10277 (200)...
Turn 10278 (200)...
Turn 10279 (200)...
Turn 10280 (200)...
Turn 10281 (200)...
Turn 10282 (200)...
Turn 10283 (200)...
Turn 10284 (200)...
Turn 10285 (200)...
Turn 10286 (200)...
Turn 10287 (200)...
Turn 10288 (200)...
Turn 10289 (200)...
Turn 10290 (200)...
Turn 10291 (200)...
Turn 10292 (200)...
Turn 10293 (200)...
Turn 10294 (200)...
Turn 10295 (200)...
Turn 10296 (200)...
Turn 10297 (200)...
Turn 10298 (200)...
Turn 10299 (200)...
Turn 10300 (200)...
Turn 10301 (200)...
Turn 10302 (200)...
Turn 10303 (200)...
Turn 10304 (200)...
Turn 10305 (200)...
Turn 10306 (200)...
Turn 10307 (200)...
Turn 10308 (200)...
Turn 10309 (200)...
Turn 10310 (200)...
Turn 10311 (200)...
Turn 10312 (200)...
Turn 10313 (200)...
Turn 10314 (200)...
Turn 10315 (200)...
Turn 10316 (200)...
Turn 10317 (200)...
Turn 10318 (200)...
Turn 10319 (200)...
Turn 10320 (200)...
Turn 10321 (200)...
Turn 10322 (200)...
Turn 10323 (200)...
Turn 10324 (200)...
Turn 10325 (200)...
Turn 10326 (200)...
Turn 10327 (200)...
Turn 10328 (200)...
Turn 10329 (200)...
Turn 10330 (200)...
Turn 10331 (200)...
Turn 10332 (200)...
Turn 10333 (200)...
Turn 10334 (200)...
Turn 10335 (200)...
Turn 10336 (200)...
Turn 10337 (200)...
Turn 10338 (200)...
Turn 10339 (200)...
Turn 10340 (200)...
Turn 10341 (200)...
Turn 10342 (200)...
Turn 10343 (200)...
Turn 10344 (200)...
Turn 10345 (200)...
Turn 10346 (200)...
Turn 10347 (200)...
Turn 10348 (200)...
Turn 10349 (200)...
Turn 10350 (200)...
Turn 10351 (200)...
Turn 10352 (200)...
Turn 10353 (200)...
Turn 10354 (200)...
Turn 10355 (200)...
Turn 10356 (200)...
Turn 10357 (200)...
Turn 10358 (200)...
Turn 10359 (200)...
Turn 10360 (200)...
Turn 10361 (200)...
Turn 10362 (200)...
Turn 10363 (200)...
Turn 10364 (200)...
Turn 10365 (200)...
Turn 10366 (200)...
Turn 10367 (200)...
Turn 10368 (200)...
Turn 10369 (200)...
Turn 10370 (200)...
Turn 10371 (200)...
Turn 10372 (200)...
Turn 10373 (200)...
Turn 10374 (200)...
Turn 10375 (200)...
Turn 10376 (200)...
Turn 10377 (200)...
Turn 10378 (200)...
Turn 10379 (200)...
Turn 10380 (200)...
Turn 10381 (200)...
Turn 10382 (200)...
Turn 10383 (200)...
Turn 10384 (200)...
Turn 10385 (200)...
Turn 10386 (200)...
Turn 10387 (200)...
Turn 10388 (200)...
Turn 10389 (200)...
Turn 10390 (200)...
Turn 10391 (200)...
Turn 10392 (200)...
Turn 10393 (200)...
Turn 10394 (200)...
Turn 10395 (200)...
Turn 10396 (200)...
Turn 10397 (200)...
Turn 10398 (200)...
Turn 10399 (200)...
Turn 10400 (200)...
Turn 10401 (200)...
Turn 10402 (200)...
Turn 10403 (200)...
Turn 10404 (200)...
Turn 10405 (200)...
Turn 10406 (200)...
Turn 10407 (200)...
Turn 10408 (200)...
Turn 10409 (200)...
Turn 10410 (200)...
Turn 10411 (200)...
Turn 10412 (200)...
Turn 10413 (200)...
Turn 10414 (200)...
Turn 10415 (200)...
Turn 10416 (200)...
Turn 10417 (200)...
Turn 10418 (200)...
Turn 10419 (200)...
Turn 10420 (200)...
Turn 10421 (200)...
Turn 10422 (200)...
Turn 10423 (200)...
Turn 10424 (200)...
Turn 10425 (200)...
Turn 10426 (200)...
Turn 10427 (200)...
Turn 10428 (200)...
Turn 10429 (200)...
Turn 10430 (200)...
Turn 10431 (200)...
Turn 10432 (200)...
Turn 10433 (200)...
Turn 10434 (200)...
Turn 10435 (200)...
Turn 10436 (200)...
Turn 10437 (200)...
Turn 10438 (200)...
Turn 10439 (200)...
Turn 10440 (200)...
Turn 10441 (200)...
Turn 10442 (200)...
Turn 10443 (200)...
Turn 10444 (200)...
Turn 10445 (200)...
Turn 10446 (200)...
Turn 10447 (200)...
Turn 10448 (200)...
Turn 10449 (200)...
Turn 10450 (200)...
Turn 10451 (200)...
Turn 10452 (200)...
Turn 10453 (200)...
Turn 10454 (200)...
Turn 10455 (200)...
Turn 10456 (200)...
Turn 10457 (200)...
Turn 10458 (200)...
Turn 10459 (200)...
Turn 10460 (200)...
Turn 10461 (200)...
Turn 10462 (200)...
Turn 10463 (200)...
Turn 10464 (200)...
Turn 10465 (200)...
Turn 10466 (200)...
Turn 10467 (200)...
Turn 10468 (200)...
Turn 10469 (200)...
Turn 10470 (200)...
Turn 10471 (200)...
Turn 10472 (200)...
Turn 10473 (200)...
Turn 10474 (200)...
Turn 10475 (200)...
Turn 10476 (200)...
Turn 10477 (200)...
Turn 10478 (200)...
Turn 10479 (200)...
Turn 10480 (200)...
Turn 10481 (200)...
Turn 10482 (200)...
Turn 10483 (200)...
Turn 10484 (200)...
Turn 10485 (200)...
Turn 10486 (200)...
Turn 10487 (200)...
Turn 10488 (200)...
Turn 10489 (200)...
Turn 10490 (200)...
Turn 10491 (200)...
Turn 10492 (200)...
Turn 10493 (200)...
Turn 10494 (200)...
Turn 10495 (200)...
Turn 10496 (200)...
Turn 10497 (200)...
Turn 10498 (200)...
Turn 10499 (200)...
[HARNESS] t=35m pop=205/205 idle=55 starved=0 gatherers food=53 wood=61 stone=2 metal=3 houses=37 fields=22 town=2 techs=4/10 rates wood=31% grain=86% fruit=- stone=61% metal=75% foodmix fruit=0 grain=2990 meat=0 dist wood=33m grain=2m fruit=-m founds=0 failedSpots=0 fruitStock=0 enemyArmy=130 siege=4 enemyNear=166m army=78 gar=0 demob=0 terr=- stock 16/44/967/1089
Turn 10500 (200)...
Turn 10501 (200)...
Turn 10502 (200)...
Turn 10503 (200)...
Turn 10504 (200)...
Turn 10505 (200)...
Turn 10506 (200)...
Turn 10507 (200)...
Turn 10508 (200)...
Turn 10509 (200)...
Turn 10510 (200)...
Turn 10511 (200)...
Turn 10512 (200)...
Turn 10513 (200)...
Turn 10514 (200)...
Turn 10515 (200)...
Turn 10516 (200)...
Turn 10517 (200)...
Turn 10518 (200)...
Turn 10519 (200)...
Turn 10520 (200)...
Turn 10521 (200)...
Turn 10522 (200)...
Turn 10523 (200)...
Turn 10524 (200)...
Turn 10525 (200)...
Turn 10526 (200)...
Turn 10527 (200)...
Turn 10528 (200)...
Turn 10529 (200)...
Turn 10530 (200)...
Turn 10531 (200)...
Turn 10532 (200)...
Turn 10533 (200)...
Turn 10534 (200)...
Turn 10535 (200)...
Turn 10536 (200)...
Turn 10537 (200)...
Turn 10538 (200)...
Turn 10539 (200)...
Turn 10540 (200)...
Turn 10541 (200)...
Turn 10542 (200)...
Turn 10543 (200)...
Turn 10544 (200)...
Turn 10545 (200)...
Turn 10546 (200)...
Turn 10547 (200)...
Turn 10548 (200)...
Turn 10549 (200)...
Turn 10550 (200)...
Turn 10551 (200)...
Turn 10552 (200)...
Turn 10553 (200)...
Turn 10554 (200)...
Turn 10555 (200)...
Turn 10556 (200)...
Turn 10557 (200)...
Turn 10558 (200)...
Turn 10559 (200)...
Turn 10560 (200)...
Turn 10561 (200)...
Turn 10562 (200)...
Turn 10563 (200)...
Turn 10564 (200)...
Turn 10565 (200)...
Turn 10566 (200)...
Turn 10567 (200)...
Turn 10568 (200)...
Turn 10569 (200)...
Turn 10570 (200)...
Turn 10571 (200)...
Turn 10572 (200)...
Turn 10573 (200)...
Turn 10574 (200)...
Turn 10575 (200)...
Turn 10576 (200)...
Turn 10577 (200)...
Turn 10578 (200)...
Turn 10579 (200)...
Turn 10580 (200)...
Turn 10581 (200)...
Turn 10582 (200)...
Turn 10583 (200)...
Turn 10584 (200)...
Turn 10585 (200)...
Turn 10586 (200)...
Turn 10587 (200)...
Turn 10588 (200)...
Turn 10589 (200)...
Turn 10590 (200)...
Turn 10591 (200)...
Turn 10592 (200)...
Turn 10593 (200)...
Turn 10594 (200)...
Turn 10595 (200)...
Turn 10596 (200)...
Turn 10597 (200)...
Turn 10598 (200)...
Turn 10599 (200)...
Turn 10600 (200)...
Turn 10601 (200)...
Turn 10602 (200)...
Turn 10603 (200)...
Turn 10604 (200)...
Turn 10605 (200)...
Turn 10606 (200)...
Turn 10607 (200)...
Turn 10608 (200)...
Turn 10609 (200)...
Turn 10610 (200)...
Turn 10611 (200)...
Turn 10612 (200)...
Turn 10613 (200)...
Turn 10614 (200)...
Turn 10615 (200)...
Turn 10616 (200)...
Turn 10617 (200)...
Turn 10618 (200)...
Turn 10619 (200)...
Turn 10620 (200)...
Turn 10621 (200)...
Turn 10622 (200)...
Turn 10623 (200)...
Turn 10624 (200)...
Turn 10625 (200)...
Turn 10626 (200)...
Turn 10627 (200)...
Turn 10628 (200)...
Turn 10629 (200)...
Turn 10630 (200)...
Turn 10631 (200)...
Turn 10632 (200)...
Turn 10633 (200)...
Turn 10634 (200)...
Turn 10635 (200)...
Turn 10636 (200)...
Turn 10637 (200)...
Turn 10638 (200)...
Turn 10639 (200)...
Turn 10640 (200)...
Turn 10641 (200)...
Turn 10642 (200)...
Turn 10643 (200)...
Turn 10644 (200)...
Turn 10645 (200)...
Turn 10646 (200)...
Turn 10647 (200)...
Turn 10648 (200)...
Turn 10649 (200)...
Turn 10650 (200)...
Turn 10651 (200)...
Turn 10652 (200)...
Turn 10653 (200)...
Turn 10654 (200)...
Turn 10655 (200)...
Turn 10656 (200)...
Turn 10657 (200)...
Turn 10658 (200)...
Turn 10659 (200)...
Turn 10660 (200)...
Turn 10661 (200)...
Turn 10662 (200)...
Turn 10663 (200)...
Turn 10664 (200)...
Turn 10665 (200)...
Turn 10666 (200)...
Turn 10667 (200)...
Turn 10668 (200)...
Turn 10669 (200)...
Turn 10670 (200)...
Turn 10671 (200)...
Turn 10672 (200)...
Turn 10673 (200)...
Turn 10674 (200)...
Turn 10675 (200)...
Turn 10676 (200)...
Turn 10677 (200)...
Turn 10678 (200)...
Turn 10679 (200)...
Turn 10680 (200)...
Turn 10681 (200)...
Turn 10682 (200)...
Turn 10683 (200)...
Turn 10684 (200)...
Turn 10685 (200)...
Turn 10686 (200)...
Turn 10687 (200)...
Turn 10688 (200)...
Turn 10689 (200)...
Turn 10690 (200)...
Turn 10691 (200)...
Turn 10692 (200)...
Turn 10693 (200)...
Turn 10694 (200)...
Turn 10695 (200)...
Turn 10696 (200)...
Turn 10697 (200)...
Turn 10698 (200)...
Turn 10699 (200)...
Turn 10700 (200)...
Turn 10701 (200)...
Turn 10702 (200)...
Turn 10703 (200)...
Turn 10704 (200)...
Turn 10705 (200)...
Turn 10706 (200)...
Turn 10707 (200)...
Turn 10708 (200)...
Turn 10709 (200)...
Turn 10710 (200)...
Turn 10711 (200)...
Turn 10712 (200)...
Turn 10713 (200)...
Turn 10714 (200)...
Turn 10715 (200)...
Turn 10716 (200)...
Turn 10717 (200)...
Turn 10718 (200)...
Turn 10719 (200)...
Turn 10720 (200)...
Turn 10721 (200)...
Turn 10722 (200)...
Turn 10723 (200)...
Turn 10724 (200)...
Turn 10725 (200)...
Turn 10726 (200)...
Turn 10727 (200)...
Turn 10728 (200)...
Turn 10729 (200)...
Turn 10730 (200)...
Turn 10731 (200)...
Turn 10732 (200)...
Turn 10733 (200)...
Turn 10734 (200)...
Turn 10735 (200)...
Turn 10736 (200)...
Turn 10737 (200)...
Turn 10738 (200)...
Turn 10739 (200)...
Turn 10740 (200)...
Turn 10741 (200)...
Turn 10742 (200)...
Turn 10743 (200)...
Turn 10744 (200)...
Turn 10745 (200)...
Turn 10746 (200)...
Turn 10747 (200)...
Turn 10748 (200)...
Turn 10749 (200)...
Turn 10750 (200)...
Turn 10751 (200)...
Turn 10752 (200)...
Turn 10753 (200)...
Turn 10754 (200)...
Turn 10755 (200)...
Turn 10756 (200)...
Turn 10757 (200)...
Turn 10758 (200)...
Turn 10759 (200)...
Turn 10760 (200)...
Turn 10761 (200)...
Turn 10762 (200)...
Turn 10763 (200)...
Turn 10764 (200)...
Turn 10765 (200)...
Turn 10766 (200)...
Turn 10767 (200)...
Turn 10768 (200)...
Turn 10769 (200)...
Turn 10770 (200)...
Turn 10771 (200)...
Turn 10772 (200)...
Turn 10773 (200)...
Turn 10774 (200)...
Turn 10775 (200)...
Turn 10776 (200)...
Turn 10777 (200)...
Turn 10778 (200)...
Turn 10779 (200)...
Turn 10780 (200)...
Turn 10781 (200)...
Turn 10782 (200)...
Turn 10783 (200)...
Turn 10784 (200)...
Turn 10785 (200)...
Turn 10786 (200)...
Turn 10787 (200)...
Turn 10788 (200)...
Turn 10789 (200)...
Turn 10790 (200)...
Turn 10791 (200)...
Turn 10792 (200)...
Turn 10793 (200)...
Turn 10794 (200)...
[DEFENSE] t=36.0m engaging 8 enemies (siege=0) near CC 547,432 (army=84)
Turn 10795 (200)...
Turn 10796 (200)...
Turn 10797 (200)...
Turn 10798 (200)...
Turn 10799 (200)...
Turn 10800 (200)...
Turn 10801 (200)...
Turn 10802 (200)...
Turn 10803 (200)...
Turn 10804 (200)...
Turn 10805 (200)...
Turn 10806 (200)...
Turn 10807 (200)...
Turn 10808 (200)...
Turn 10809 (200)...
Turn 10810 (200)...
Turn 10811 (200)...
Turn 10812 (200)...
Turn 10813 (200)...
Turn 10814 (200)...
[DEFENSE] t=36.1m wave of 32 at 388m of CC 644,452 — mustering melee=24 ranged=60 healers=0
Turn 10815 (200)...
Turn 10816 (200)...
Turn 10817 (200)...
Turn 10818 (200)...
Turn 10819 (200)...
Turn 10820 (200)...
Turn 10821 (200)...
Turn 10822 (200)...
Turn 10823 (200)...
Turn 10824 (200)...
Turn 10825 (200)...
Turn 10826 (200)...
Turn 10827 (200)...
Turn 10828 (200)...
Turn 10829 (200)...
Turn 10830 (200)...
Turn 10831 (200)...
Turn 10832 (200)...
Turn 10833 (200)...
Turn 10834 (200)...
Turn 10835 (200)...
Turn 10836 (200)...
Turn 10837 (200)...
Turn 10838 (200)...
Turn 10839 (200)...
Turn 10840 (200)...
Turn 10841 (200)...
Turn 10842 (200)...
Turn 10843 (200)...
Turn 10844 (200)...
Turn 10845 (200)...
Turn 10846 (200)...
Turn 10847 (200)...
Turn 10848 (200)...
Turn 10849 (200)...
Turn 10850 (200)...
Turn 10851 (200)...
Turn 10852 (200)...
Turn 10853 (200)...
Turn 10854 (200)...
Turn 10855 (200)...
Turn 10856 (200)...
Turn 10857 (200)...
Turn 10858 (200)...
Turn 10859 (200)...
Turn 10860 (200)...
Turn 10861 (200)...
Turn 10862 (200)...
Turn 10863 (200)...
Turn 10864 (200)...
Turn 10865 (200)...
Turn 10866 (200)...
Turn 10867 (200)...
Turn 10868 (200)...
Turn 10869 (200)...
Turn 10870 (200)...
Turn 10871 (200)...
Turn 10872 (200)...
Turn 10873 (200)...
Turn 10874 (200)...
Turn 10875 (200)...
Turn 10876 (200)...
Turn 10877 (200)...
Turn 10878 (200)...
Turn 10879 (200)...
Turn 10880 (200)...
Turn 10881 (200)...
Turn 10882 (200)...
Turn 10883 (200)...
Turn 10884 (200)...
Turn 10885 (200)...
Turn 10886 (200)...
Turn 10887 (200)...
Turn 10888 (200)...
Turn 10889 (200)...
Turn 10890 (200)...
Turn 10891 (200)...
Turn 10892 (200)...
Turn 10893 (200)...
Turn 10894 (200)...
Turn 10895 (200)...
Turn 10896 (200)...
Turn 10897 (200)...
Turn 10898 (200)...
Turn 10899 (200)...
Turn 10900 (200)...
Turn 10901 (200)...
Turn 10902 (200)...
Turn 10903 (200)...
Turn 10904 (200)...
Turn 10905 (200)...
Turn 10906 (200)...
Turn 10907 (200)...
Turn 10908 (200)...
Turn 10909 (200)...
[HARNESS] t=36.4m metal pull-back: pulled 4, stuck 0 (served: 1 free, band: 2, in-terr far: 2, rejected full=0 region=0 enemy=0 cant=0)
[DEFENSE] t=36.4m engaging 13 enemies (siege=0) near CC 538,444 (army=78)
Turn 10910 (200)...
Turn 10911 (200)...
Turn 10912 (200)...
Turn 10913 (200)...
Turn 10914 (200)...
Turn 10915 (200)...
Turn 10916 (200)...
Turn 10917 (200)...
Turn 10918 (200)...
Turn 10919 (200)...
Turn 10920 (200)...
Turn 10921 (200)...
Turn 10922 (200)...
Turn 10923 (200)...
Turn 10924 (200)...
Turn 10925 (200)...
Turn 10926 (200)...
Turn 10927 (200)...
Turn 10928 (200)...
Turn 10929 (200)...
Turn 10930 (200)...
Turn 10931 (200)...
Turn 10932 (200)...
Turn 10933 (200)...
Turn 10934 (200)...
Turn 10935 (200)...
Turn 10936 (200)...
Turn 10937 (200)...
Turn 10938 (200)...
Turn 10939 (200)...
Turn 10940 (200)...
Turn 10941 (200)...
Turn 10942 (200)...
Turn 10943 (200)...
Turn 10944 (200)...
Turn 10945 (200)...
Turn 10946 (200)...
Turn 10947 (200)...
Turn 10948 (200)...
Turn 10949 (200)...
Turn 10950 (200)...
Turn 10951 (200)...
Turn 10952 (200)...
Turn 10953 (200)...
Turn 10954 (200)...
Turn 10955 (200)...
Turn 10956 (200)...
Turn 10957 (200)...
Turn 10958 (200)...
Turn 10959 (200)...
Turn 10960 (200)...
Turn 10961 (200)...
Turn 10962 (200)...
Turn 10963 (200)...
Turn 10964 (200)...
Turn 10965 (200)...
Turn 10966 (200)...
Turn 10967 (200)...
Turn 10968 (200)...
Turn 10969 (200)...
Turn 10970 (200)...
Turn 10971 (200)...
Turn 10972 (200)...
Turn 10973 (200)...
Turn 10974 (200)...
Turn 10975 (200)...
Turn 10976 (200)...
Turn 10977 (200)...
Turn 10978 (200)...
Turn 10979 (200)...
Turn 10980 (200)...
Turn 10981 (200)...
Turn 10982 (200)...
Turn 10983 (200)...
Turn 10984 (200)...
Turn 10985 (200)...
Turn 10986 (200)...
Turn 10987 (200)...
Turn 10988 (200)...
Turn 10989 (200)...
Turn 10990 (200)...
Turn 10991 (200)...
Turn 10992 (200)...
Turn 10993 (200)...
Turn 10994 (200)...
Turn 10995 (200)...
Turn 10996 (200)...
Turn 10997 (200)...
Turn 10998 (200)...
Turn 10999 (200)...
Turn 11000 (200)...
Turn 11001 (200)...
Turn 11002 (200)...
Turn 11003 (200)...
Turn 11004 (200)...
Turn 11005 (200)...
Turn 11006 (200)...
Turn 11007 (200)...
Turn 11008 (200)...
Turn 11009 (200)...
Turn 11010 (200)...
Turn 11011 (200)...
Turn 11012 (200)...
Turn 11013 (200)...
Turn 11014 (200)...
Turn 11015 (200)...
Turn 11016 (200)...
Turn 11017 (200)...
Turn 11018 (200)...
Turn 11019 (200)...
Turn 11020 (200)...
Turn 11021 (200)...
Turn 11022 (200)...
Turn 11023 (200)...
Turn 11024 (200)...
Turn 11025 (200)...
Turn 11026 (200)...
Turn 11027 (200)...
Turn 11028 (200)...
Turn 11029 (200)...
Turn 11030 (200)...
Turn 11031 (200)...
Turn 11032 (200)...
Turn 11033 (200)...
Turn 11034 (200)...
Turn 11035 (200)...
Turn 11036 (200)...
Turn 11037 (200)...
Turn 11038 (200)...
Turn 11039 (200)...
Turn 11040 (200)...
Turn 11041 (200)...
Turn 11042 (200)...
Turn 11043 (200)...
Turn 11044 (200)...
Turn 11045 (200)...
Turn 11046 (200)...
Turn 11047 (200)...
Turn 11048 (200)...
Turn 11049 (200)...
[DEFENSE] t=36.8m engaging 10 enemies (siege=0) near CC 546,466 (army=75)
Turn 11050 (200)...
Turn 11051 (200)...
Turn 11052 (200)...
Turn 11053 (200)...
Turn 11054 (200)...
Turn 11055 (200)...
Turn 11056 (200)...
Turn 11057 (200)...
Turn 11058 (200)...
Turn 11059 (200)...
Turn 11060 (200)...
Turn 11061 (200)...
Turn 11062 (200)...
Turn 11063 (200)...
Turn 11064 (200)...
Turn 11065 (200)...
Turn 11066 (200)...
Turn 11067 (200)...
Turn 11068 (200)...
Turn 11069 (200)...
Turn 11070 (200)...
Turn 11071 (200)...
Turn 11072 (200)...
Turn 11073 (200)...
Turn 11074 (200)...
Turn 11075 (200)...
Turn 11076 (200)...
Turn 11077 (200)...
Turn 11078 (200)...
Turn 11079 (200)...
Turn 11080 (200)...
Turn 11081 (200)...
Turn 11082 (200)...
Turn 11083 (200)...
Turn 11084 (200)...
Turn 11085 (200)...
Turn 11086 (200)...
Turn 11087 (200)...
Turn 11088 (200)...
Turn 11089 (200)...
Turn 11090 (200)...
Turn 11091 (200)...
Turn 11092 (200)...
Turn 11093 (200)...
Turn 11094 (200)...
Turn 11095 (200)...
Turn 11096 (200)...
Turn 11097 (200)...
Turn 11098 (200)...
Turn 11099 (200)...
Turn 11100 (200)...
Turn 11101 (200)...
Turn 11102 (200)...
Turn 11103 (200)...
Turn 11104 (200)...
Turn 11105 (200)...
Turn 11106 (200)...
Turn 11107 (200)...
Turn 11108 (200)...
Turn 11109 (200)...
Turn 11110 (200)...
Turn 11111 (200)...
Turn 11112 (200)...
Turn 11113 (200)...
Turn 11114 (200)...
Turn 11115 (200)...
Turn 11116 (200)...
Turn 11117 (200)...
Turn 11118 (200)...
Turn 11119 (200)...
Turn 11120 (200)...
Turn 11121 (200)...
Turn 11122 (200)...
Turn 11123 (200)...
Turn 11124 (200)...
Turn 11125 (200)...
Turn 11126 (200)...
Turn 11127 (200)...
Turn 11128 (200)...
Turn 11129 (200)...
[DEFENSE] t=37.1m engaging 9 enemies (siege=0) near CC 532,467 (army=70)
Turn 11130 (200)...
Turn 11131 (200)...
Turn 11132 (200)...
Turn 11133 (200)...
Turn 11134 (200)...
Turn 11135 (200)...
Turn 11136 (200)...
Turn 11137 (200)...
Turn 11138 (200)...
Turn 11139 (200)...
Turn 11140 (200)...
Turn 11141 (200)...
Turn 11142 (200)...
Turn 11143 (200)...
Turn 11144 (200)...
Turn 11145 (200)...
Turn 11146 (200)...
Turn 11147 (200)...
Turn 11148 (200)...
Turn 11149 (200)...
Turn 11150 (200)...
Turn 11151 (200)...
Turn 11152 (200)...
Turn 11153 (200)...
Turn 11154 (200)...
Turn 11155 (200)...
Turn 11156 (200)...
Turn 11157 (200)...
Turn 11158 (200)...
Turn 11159 (200)...
Turn 11160 (200)...
Turn 11161 (200)...
Turn 11162 (200)...
Turn 11163 (200)...
Turn 11164 (200)...
Turn 11165 (200)...
Turn 11166 (200)...
Turn 11167 (200)...
Turn 11168 (200)...
Turn 11169 (200)...
[HARNESS] t=37.2m storehouse at 570,542 for wood 558,544 (12 underserved + 12 frontier, mass 9026)
Turn 11170 (200)...
Turn 11171 (200)...
Turn 11172 (200)...
Turn 11173 (200)...
Turn 11174 (200)...
[HARNESS] t=37.3m rush-building storehouse at 570,542 (8 wood choppers)
Turn 11175 (200)...
Turn 11176 (200)...
Turn 11177 (200)...
Turn 11178 (200)...
Turn 11179 (200)...
Turn 11180 (200)...
Turn 11181 (200)...
Turn 11182 (200)...
Turn 11183 (200)...
Turn 11184 (200)...
Turn 11185 (200)...
Turn 11186 (200)...
Turn 11187 (200)...
Turn 11188 (200)...
Turn 11189 (200)...
Turn 11190 (200)...
Turn 11191 (200)...
Turn 11192 (200)...
Turn 11193 (200)...
Turn 11194 (200)...
Turn 11195 (200)...
Turn 11196 (200)...
Turn 11197 (200)...
Turn 11198 (200)...
Turn 11199 (200)...
Turn 11200 (200)...
Turn 11201 (200)...
Turn 11202 (200)...
Turn 11203 (200)...
Turn 11204 (200)...
Turn 11205 (200)...
Turn 11206 (200)...
Turn 11207 (200)...
Turn 11208 (200)...
Turn 11209 (200)...
Turn 11210 (200)...
Turn 11211 (200)...
Turn 11212 (200)...
Turn 11213 (200)...
Turn 11214 (200)...
Turn 11215 (200)...
Turn 11216 (200)...
Turn 11217 (200)...
Turn 11218 (200)...
Turn 11219 (200)...
Turn 11220 (200)...
Turn 11221 (200)...
Turn 11222 (200)...
Turn 11223 (200)...
Turn 11224 (200)...
Turn 11225 (200)...
Turn 11226 (200)...
Turn 11227 (200)...
Turn 11228 (200)...
Turn 11229 (200)...
Turn 11230 (200)...
Turn 11231 (200)...
Turn 11232 (200)...
Turn 11233 (200)...
Turn 11234 (200)...
Turn 11235 (200)...
Turn 11236 (200)...
Turn 11237 (200)...
Turn 11238 (200)...
Turn 11239 (200)...
Turn 11240 (200)...
Turn 11241 (200)...
Turn 11242 (200)...
Turn 11243 (200)...
Turn 11244 (200)...
Turn 11245 (200)...
Turn 11246 (200)...
Turn 11247 (200)...
Turn 11248 (200)...
Turn 11249 (200)...
[HARNESS] t=38m pop=230/230 idle=4 starved=0 gatherers food=41 wood=49 stone=2 metal=3 houses=42 fields=22 town=2 techs=4/10 rates wood=36% grain=90% fruit=- stone=92% metal=67% foodmix fruit=0 grain=2867 meat=0 dist wood=57m grain=2m fruit=-m founds=3 failedSpots=0 fruitStock=0 enemyArmy=96 siege=6 enemyNear=107m army=60 gar=0 demob=0 terr=- stock 20/64/1027/1109
[WARNING] t=38m lumberjacks work at mean 57m from the nearest dropsite (>40m) — wood storehouse coverage is failing
Turn 11250 (200)...
Turn 11251 (200)...
Turn 11252 (200)...
Turn 11253 (200)...
Turn 11254 (200)...
Turn 11255 (200)...
Turn 11256 (200)...
Turn 11257 (200)...
Turn 11258 (200)...
Turn 11259 (200)...
Turn 11260 (200)...
Turn 11261 (200)...
Turn 11262 (200)...
Turn 11263 (200)...
Turn 11264 (200)...
Turn 11265 (200)...
Turn 11266 (200)...
Turn 11267 (200)...
Turn 11268 (200)...
Turn 11269 (200)...
Turn 11270 (200)...
Turn 11271 (200)...
Turn 11272 (200)...
Turn 11273 (200)...
Turn 11274 (200)...
Turn 11275 (200)...
Turn 11276 (200)...
Turn 11277 (200)...
Turn 11278 (200)...
Turn 11279 (200)...
Turn 11280 (200)...
Turn 11281 (200)...
Turn 11282 (200)...
Turn 11283 (200)...
Turn 11284 (200)...
Turn 11285 (200)...
Turn 11286 (200)...
Turn 11287 (200)...
Turn 11288 (200)...
Turn 11289 (200)...
Turn 11290 (200)...
Turn 11291 (200)...
Turn 11292 (200)...
Turn 11293 (200)...
Turn 11294 (200)...
Turn 11295 (200)...
Turn 11296 (200)...
Turn 11297 (200)...
Turn 11298 (200)...
Turn 11299 (200)...
Turn 11300 (200)...
Turn 11301 (200)...
Turn 11302 (200)...
Turn 11303 (200)...
Turn 11304 (200)...
Turn 11305 (200)...
Turn 11306 (200)...
Turn 11307 (200)...
Turn 11308 (200)...
Turn 11309 (200)...
Turn 11310 (200)...
Turn 11311 (200)...
Turn 11312 (200)...
Turn 11313 (200)...
Turn 11314 (200)...
Turn 11315 (200)...
Turn 11316 (200)...
Turn 11317 (200)...
Turn 11318 (200)...
Turn 11319 (200)...
Turn 11320 (200)...
Turn 11321 (200)...
Turn 11322 (200)...
Turn 11323 (200)...
Turn 11324 (200)...
Turn 11325 (200)...
Turn 11326 (200)...
Turn 11327 (200)...
Turn 11328 (200)...
Turn 11329 (200)...
Turn 11330 (200)...
Turn 11331 (200)...
Turn 11332 (200)...
Turn 11333 (200)...
Turn 11334 (200)...
Turn 11335 (200)...
Turn 11336 (200)...
Turn 11337 (200)...
Turn 11338 (200)...
Turn 11339 (200)...
Turn 11340 (200)...
Turn 11341 (200)...
Turn 11342 (200)...
Turn 11343 (200)...
Turn 11344 (200)...
Turn 11345 (200)...
Turn 11346 (200)...
Turn 11347 (200)...
Turn 11348 (200)...
Turn 11349 (200)...
Turn 11350 (200)...
Turn 11351 (200)...
Turn 11352 (200)...
Turn 11353 (200)...
Turn 11354 (200)...
Turn 11355 (200)...
Turn 11356 (200)...
Turn 11357 (200)...
Turn 11358 (200)...
Turn 11359 (200)...
Turn 11360 (200)...
Turn 11361 (200)...
Turn 11362 (200)...
Turn 11363 (200)...
Turn 11364 (200)...
Turn 11365 (200)...
Turn 11366 (200)...
Turn 11367 (200)...
Turn 11368 (200)...
Turn 11369 (200)...
Turn 11370 (200)...
Turn 11371 (200)...
Turn 11372 (200)...
Turn 11373 (200)...
Turn 11374 (200)...
Turn 11375 (200)...
Turn 11376 (200)...
Turn 11377 (200)...
Turn 11378 (200)...
Turn 11379 (200)...
Turn 11380 (200)...
Turn 11381 (200)...
Turn 11382 (200)...
Turn 11383 (200)...
Turn 11384 (200)...
Turn 11385 (200)...
Turn 11386 (200)...
Turn 11387 (200)...
Turn 11388 (200)...
Turn 11389 (200)...
Turn 11390 (200)...
Turn 11391 (200)...
Turn 11392 (200)...
Turn 11393 (200)...
Turn 11394 (200)...
Turn 11395 (200)...
Turn 11396 (200)...
Turn 11397 (200)...
Turn 11398 (200)...
Turn 11399 (200)...
Turn 11400 (200)...
Turn 11401 (200)...
Turn 11402 (200)...
Turn 11403 (200)...
Turn 11404 (200)...
Turn 11405 (200)...
Turn 11406 (200)...
Turn 11407 (200)...
Turn 11408 (200)...
Turn 11409 (200)...
Turn 11410 (200)...
Turn 11411 (200)...
Turn 11412 (200)...
Turn 11413 (200)...
Turn 11414 (200)...
Turn 11415 (200)...
Turn 11416 (200)...
Turn 11417 (200)...
Turn 11418 (200)...
Turn 11419 (200)...
Turn 11420 (200)...
Turn 11421 (200)...
Turn 11422 (200)...
Turn 11423 (200)...
Turn 11424 (200)...
Turn 11425 (200)...
Turn 11426 (200)...
Turn 11427 (200)...
Turn 11428 (200)...
Turn 11429 (200)...
[HARNESS] t=38.1m farmstead at 626,331 for fields 641,316 (4 underserved)
Turn 11430 (200)...
Turn 11431 (200)...
Turn 11432 (200)...
Turn 11433 (200)...
Turn 11434 (200)...
Turn 11435 (200)...
Turn 11436 (200)...
Turn 11437 (200)...
Turn 11438 (200)...
Turn 11439 (200)...
Turn 11440 (200)...
Turn 11441 (200)...
Turn 11442 (200)...
Turn 11443 (200)...
Turn 11444 (200)...
Turn 11445 (200)...
Turn 11446 (200)...
Turn 11447 (200)...
Turn 11448 (200)...
Turn 11449 (200)...
[HARNESS] t=38.2m farmstead at 689,561 for fields 700,535 (2 underserved)
Turn 11450 (200)...
Turn 11451 (200)...
Turn 11452 (200)...
Turn 11453 (200)...
Turn 11454 (200)...
Turn 11455 (200)...
Turn 11456 (200)...
Turn 11457 (200)...
Turn 11458 (200)...
Turn 11459 (200)...
Turn 11460 (200)...
Turn 11461 (200)...
Turn 11462 (200)...
Turn 11463 (200)...
Turn 11464 (200)...
Turn 11465 (200)...
Turn 11466 (200)...
Turn 11467 (200)...
Turn 11468 (200)...
Turn 11469 (200)...
Turn 11470 (200)...
Turn 11471 (200)...
Turn 11472 (200)...
Turn 11473 (200)...
Turn 11474 (200)...
Turn 11475 (200)...
Turn 11476 (200)...
Turn 11477 (200)...
Turn 11478 (200)...
Turn 11479 (200)...
Turn 11480 (200)...
Turn 11481 (200)...
Turn 11482 (200)...
Turn 11483 (200)...
Turn 11484 (200)...
Turn 11485 (200)...
Turn 11486 (200)...
Turn 11487 (200)...
Turn 11488 (200)...
Turn 11489 (200)...
[WARNING] t=38m no placement for field at any CC — rings crowded or enemy too close
Turn 11490 (200)...
Turn 11491 (200)...
Turn 11492 (200)...
Turn 11493 (200)...
Turn 11494 (200)...
Turn 11495 (200)...
Turn 11496 (200)...
Turn 11497 (200)...
Turn 11498 (200)...
Turn 11499 (200)...
Turn 11500 (200)...
Turn 11501 (200)...
Turn 11502 (200)...
Turn 11503 (200)...
Turn 11504 (200)...
Turn 11505 (200)...
Turn 11506 (200)...
Turn 11507 (200)...
Turn 11508 (200)...
Turn 11509 (200)...
Turn 11510 (200)...
Turn 11511 (200)...
Turn 11512 (200)...
Turn 11513 (200)...
Turn 11514 (200)...
[HARNESS] t=38.4m tower at 649,402 for CC 644,452
Turn 11515 (200)...
Turn 11516 (200)...
Turn 11517 (200)...
Turn 11518 (200)...
Turn 11519 (200)...
Turn 11520 (200)...
Turn 11521 (200)...
Turn 11522 (200)...
Turn 11523 (200)...
Turn 11524 (200)...
Turn 11525 (200)...
Turn 11526 (200)...
Turn 11527 (200)...
Turn 11528 (200)...
Turn 11529 (200)...
Turn 11530 (200)...
Turn 11531 (200)...
Turn 11532 (200)...
Turn 11533 (200)...
Turn 11534 (200)...
Turn 11535 (200)...
Turn 11536 (200)...
Turn 11537 (200)...
Turn 11538 (200)...
Turn 11539 (200)...
Turn 11540 (200)...
Turn 11541 (200)...
Turn 11542 (200)...
Turn 11543 (200)...
Turn 11544 (200)...
Turn 11545 (200)...
Turn 11546 (200)...
Turn 11547 (200)...
Turn 11548 (200)...
Turn 11549 (200)...
Turn 11550 (200)...
Turn 11551 (200)...
Turn 11552 (200)...
Turn 11553 (200)...
Turn 11554 (200)...
Turn 11555 (200)...
Turn 11556 (200)...
Turn 11557 (200)...
Turn 11558 (200)...
Turn 11559 (200)...
Turn 11560 (200)...
Turn 11561 (200)...
Turn 11562 (200)...
Turn 11563 (200)...
Turn 11564 (200)...
Turn 11565 (200)...
Turn 11566 (200)...
Turn 11567 (200)...
Turn 11568 (200)...
Turn 11569 (200)...
Turn 11570 (200)...
Turn 11571 (200)...
Turn 11572 (200)...
Turn 11573 (200)...
Turn 11574 (200)...
Turn 11575 (200)...
Turn 11576 (200)...
Turn 11577 (200)...
Turn 11578 (200)...
Turn 11579 (200)...
Turn 11580 (200)...
Turn 11581 (200)...
Turn 11582 (200)...
Turn 11583 (200)...
Turn 11584 (200)...
Turn 11585 (200)...
Turn 11586 (200)...
Turn 11587 (200)...
Turn 11588 (200)...
Turn 11589 (200)...
Turn 11590 (200)...
Turn 11591 (200)...
Turn 11592 (200)...
Turn 11593 (200)...
Turn 11594 (200)...
Turn 11595 (200)...
Turn 11596 (200)...
Turn 11597 (200)...
Turn 11598 (200)...
Turn 11599 (200)...
Turn 11600 (200)...
Turn 11601 (200)...
Turn 11602 (200)...
Turn 11603 (200)...
Turn 11604 (200)...
Turn 11605 (200)...
Turn 11606 (200)...
Turn 11607 (200)...
Turn 11608 (200)...
Turn 11609 (200)...
Turn 11610 (200)...
Turn 11611 (200)...
Turn 11612 (200)...
Turn 11613 (200)...
Turn 11614 (200)...
Turn 11615 (200)...
Turn 11616 (200)...
Turn 11617 (200)...
Turn 11618 (200)...
Turn 11619 (200)...
Turn 11620 (200)...
Turn 11621 (200)...
Turn 11622 (200)...
Turn 11623 (200)...
Turn 11624 (200)...
Turn 11625 (200)...
Turn 11626 (200)...
Turn 11627 (200)...
Turn 11628 (200)...
Turn 11629 (200)...
Turn 11630 (200)...
Turn 11631 (200)...
Turn 11632 (200)...
Turn 11633 (200)...
Turn 11634 (200)...
Turn 11635 (200)...
Turn 11636 (200)...
Turn 11637 (200)...
Turn 11638 (200)...
Turn 11639 (200)...
Turn 11640 (200)...
Turn 11641 (200)...
Turn 11642 (200)...
Turn 11643 (200)...
Turn 11644 (200)...
Turn 11645 (200)...
Turn 11646 (200)...
Turn 11647 (200)...
Turn 11648 (200)...
Turn 11649 (200)...
Turn 11650 (200)...
Turn 11651 (200)...
Turn 11652 (200)...
Turn 11653 (200)...
Turn 11654 (200)...
Turn 11655 (200)...
Turn 11656 (200)...
Turn 11657 (200)...
Turn 11658 (200)...
Turn 11659 (200)...
Turn 11660 (200)...
Turn 11661 (200)...
Turn 11662 (200)...
Turn 11663 (200)...
Turn 11664 (200)...
Turn 11665 (200)...
Turn 11666 (200)...
Turn 11667 (200)...
Turn 11668 (200)...
Turn 11669 (200)...
Turn 11670 (200)...
Turn 11671 (200)...
Turn 11672 (200)...
Turn 11673 (200)...
Turn 11674 (200)...
Turn 11675 (200)...
Turn 11676 (200)...
Turn 11677 (200)...
Turn 11678 (200)...
Turn 11679 (200)...
Turn 11680 (200)...
Turn 11681 (200)...
Turn 11682 (200)...
Turn 11683 (200)...
Turn 11684 (200)...
Turn 11685 (200)...
Turn 11686 (200)...
Turn 11687 (200)...
Turn 11688 (200)...
Turn 11689 (200)...
Turn 11690 (200)...
Turn 11691 (200)...
Turn 11692 (200)...
Turn 11693 (200)...
Turn 11694 (200)...
Turn 11695 (200)...
Turn 11696 (200)...
Turn 11697 (200)...
Turn 11698 (200)...
Turn 11699 (200)...
Turn 11700 (200)...
Turn 11701 (200)...
Turn 11702 (200)...
Turn 11703 (200)...
Turn 11704 (200)...
Turn 11705 (200)...
Turn 11706 (200)...
Turn 11707 (200)...
Turn 11708 (200)...
Turn 11709 (200)...
Turn 11710 (200)...
Turn 11711 (200)...
Turn 11712 (200)...
Turn 11713 (200)...
Turn 11714 (200)...
[HARNESS] t=39.1m farmstead at 655,333 for fields 665,357 (2 underserved)
Turn 11715 (200)...
Turn 11716 (200)...
Turn 11717 (200)...
Turn 11718 (200)...
Turn 11719 (200)...
Turn 11720 (200)...
Turn 11721 (200)...
Turn 11722 (200)...
Turn 11723 (200)...
Turn 11724 (200)...
Turn 11725 (200)...
Turn 11726 (200)...
Turn 11727 (200)...
Turn 11728 (200)...
Turn 11729 (200)...
Turn 11730 (200)...
Turn 11731 (200)...
Turn 11732 (200)...
Turn 11733 (200)...
Turn 11734 (200)...
Turn 11735 (200)...
Turn 11736 (200)...
Turn 11737 (200)...
Turn 11738 (200)...
Turn 11739 (200)...
Turn 11740 (200)...
Turn 11741 (200)...
Turn 11742 (200)...
Turn 11743 (200)...
Turn 11744 (200)...
Turn 11745 (200)...
Turn 11746 (200)...
Turn 11747 (200)...
Turn 11748 (200)...
Turn 11749 (200)...
Turn 11750 (200)...
Turn 11751 (200)...
Turn 11752 (200)...
Turn 11753 (200)...
Turn 11754 (200)...
Turn 11755 (200)...
Turn 11756 (200)...
Turn 11757 (200)...
Turn 11758 (200)...
Turn 11759 (200)...
Turn 11760 (200)...
Turn 11761 (200)...
Turn 11762 (200)...
Turn 11763 (200)...
Turn 11764 (200)...
Turn 11765 (200)...
Turn 11766 (200)...
Turn 11767 (200)...
Turn 11768 (200)...
Turn 11769 (200)...
Turn 11770 (200)...
Turn 11771 (200)...
Turn 11772 (200)...
Turn 11773 (200)...
Turn 11774 (200)...
Turn 11775 (200)...
Turn 11776 (200)...
Turn 11777 (200)...
Turn 11778 (200)...
Turn 11779 (200)...
Turn 11780 (200)...
Turn 11781 (200)...
Turn 11782 (200)...
Turn 11783 (200)...
Turn 11784 (200)...
Turn 11785 (200)...
Turn 11786 (200)...
Turn 11787 (200)...
Turn 11788 (200)...
Turn 11789 (200)...
Turn 11790 (200)...
Turn 11791 (200)...
Turn 11792 (200)...
Turn 11793 (200)...
Turn 11794 (200)...
Turn 11795 (200)...
Turn 11796 (200)...
Turn 11797 (200)...
Turn 11798 (200)...
Turn 11799 (200)...
Turn 11800 (200)...
Turn 11801 (200)...
Turn 11802 (200)...
Turn 11803 (200)...
Turn 11804 (200)...
Turn 11805 (200)...
Turn 11806 (200)...
Turn 11807 (200)...
Turn 11808 (200)...
Turn 11809 (200)...
Turn 11810 (200)...
Turn 11811 (200)...
Turn 11812 (200)...
Turn 11813 (200)...
Turn 11814 (200)...
Turn 11815 (200)...
Turn 11816 (200)...
Turn 11817 (200)...
Turn 11818 (200)...
Turn 11819 (200)...
Turn 11820 (200)...
Turn 11821 (200)...
Turn 11822 (200)...
Turn 11823 (200)...
Turn 11824 (200)...
Turn 11825 (200)...
Turn 11826 (200)...
Turn 11827 (200)...
Turn 11828 (200)...
Turn 11829 (200)...
Turn 11830 (200)...
Turn 11831 (200)...
Turn 11832 (200)...
Turn 11833 (200)...
Turn 11834 (200)...
Turn 11835 (200)...
Turn 11836 (200)...
Turn 11837 (200)...
Turn 11838 (200)...
Turn 11839 (200)...
Turn 11840 (200)...
Turn 11841 (200)...
Turn 11842 (200)...
Turn 11843 (200)...
Turn 11844 (200)...
Turn 11845 (200)...
Turn 11846 (200)...
Turn 11847 (200)...
Turn 11848 (200)...
Turn 11849 (200)...
Turn 11850 (200)...
Turn 11851 (200)...
Turn 11852 (200)...
Turn 11853 (200)...
Turn 11854 (200)...
Turn 11855 (200)...
Turn 11856 (200)...
Turn 11857 (200)...
Turn 11858 (200)...
Turn 11859 (200)...
[DEFENSE] t=39.5m wave of 12 at 157m of CC 644,452 — mustering melee=19 ranged=16 healers=1
Turn 11860 (200)...
Turn 11861 (200)...
Turn 11862 (200)...
Turn 11863 (200)...
Turn 11864 (200)...
Turn 11865 (200)...
Turn 11866 (200)...
Turn 11867 (200)...
Turn 11868 (200)...
Turn 11869 (200)...
Turn 11870 (200)...
Turn 11871 (200)...
Turn 11872 (200)...
Turn 11873 (200)...
Turn 11874 (200)...
Turn 11875 (200)...
Turn 11876 (200)...
Turn 11877 (200)...
Turn 11878 (200)...
Turn 11879 (200)...
Turn 11880 (200)...
Turn 11881 (200)...
Turn 11882 (200)...
Turn 11883 (200)...
Turn 11884 (200)...
Turn 11885 (200)...
Turn 11886 (200)...
Turn 11887 (200)...
Turn 11888 (200)...
Turn 11889 (200)...
Turn 11890 (200)...
Turn 11891 (200)...
Turn 11892 (200)...
Turn 11893 (200)...
Turn 11894 (200)...
Turn 11895 (200)...
Turn 11896 (200)...
Turn 11897 (200)...
Turn 11898 (200)...
Turn 11899 (200)...
Turn 11900 (200)...
Turn 11901 (200)...
Turn 11902 (200)...
Turn 11903 (200)...
Turn 11904 (200)...
Turn 11905 (200)...
Turn 11906 (200)...
Turn 11907 (200)...
Turn 11908 (200)...
Turn 11909 (200)...
Turn 11910 (200)...
Turn 11911 (200)...
Turn 11912 (200)...
Turn 11913 (200)...
Turn 11914 (200)...
Turn 11915 (200)...
Turn 11916 (200)...
Turn 11917 (200)...
Turn 11918 (200)...
Turn 11919 (200)...
Turn 11920 (200)...
Turn 11921 (200)...
Turn 11922 (200)...
Turn 11923 (200)...
Turn 11924 (200)...
Turn 11925 (200)...
Turn 11926 (200)...
Turn 11927 (200)...
Turn 11928 (200)...
Turn 11929 (200)...
Turn 11930 (200)...
Turn 11931 (200)...
Turn 11932 (200)...
Turn 11933 (200)...
Turn 11934 (200)...
Turn 11935 (200)...
Turn 11936 (200)...
Turn 11937 (200)...
Turn 11938 (200)...
Turn 11939 (200)...
Turn 11940 (200)...
Turn 11941 (200)...
Turn 11942 (200)...
Turn 11943 (200)...
Turn 11944 (200)...
Turn 11945 (200)...
Turn 11946 (200)...
Turn 11947 (200)...
Turn 11948 (200)...
Turn 11949 (200)...
Turn 11950 (200)...
Turn 11951 (200)...
Turn 11952 (200)...
Turn 11953 (200)...
Turn 11954 (200)...
Turn 11955 (200)...
Turn 11956 (200)...
Turn 11957 (200)...
Turn 11958 (200)...
Turn 11959 (200)...
Turn 11960 (200)...
Turn 11961 (200)...
Turn 11962 (200)...
Turn 11963 (200)...
Turn 11964 (200)...
Turn 11965 (200)...
Turn 11966 (200)...
Turn 11967 (200)...
Turn 11968 (200)...
Turn 11969 (200)...
Turn 11970 (200)...
Turn 11971 (200)...
Turn 11972 (200)...
Turn 11973 (200)...
Turn 11974 (200)...
Turn 11975 (200)...
Turn 11976 (200)...
Turn 11977 (200)...
Turn 11978 (200)...
Turn 11979 (200)...
Turn 11980 (200)...
Turn 11981 (200)...
Turn 11982 (200)...
Turn 11983 (200)...
Turn 11984 (200)...
Turn 11985 (200)...
Turn 11986 (200)...
Turn 11987 (200)...
Turn 11988 (200)...
Turn 11989 (200)...
Turn 11990 (200)...
Turn 11991 (200)...
Turn 11992 (200)...
Turn 11993 (200)...
Turn 11994 (200)...
Turn 11995 (200)...
Turn 11996 (200)...
Turn 11997 (200)...
Turn 11998 (200)...
Turn 11999 (200)...
[HARNESS] t=40m pop=172/235 idle=22 starved=0 gatherers food=42 wood=47 stone=0 metal=0 houses=43 fields=22 town=2 techs=4/10 rates wood=39% grain=57% fruit=- stone=90% metal=92% foodmix fruit=0 grain=1390 meat=0 dist wood=15m grain=3m fruit=-m founds=2 failedSpots=0 fruitStock=0 enemyArmy=63 siege=6 enemyNear=104m army=36 gar=0 demob=0 terr=- stock 30/211/977/1159
Turn 12000 (200)...
Turn 12001 (200)...
Turn 12002 (200)...
Turn 12003 (200)...
Turn 12004 (200)...
Turn 12005 (200)...
Turn 12006 (200)...
Turn 12007 (200)...
Turn 12008 (200)...
Turn 12009 (200)...
Turn 12010 (200)...
Turn 12011 (200)...
Turn 12012 (200)...
Turn 12013 (200)...
Turn 12014 (200)...
Turn 12015 (200)...
Turn 12016 (200)...
Turn 12017 (200)...
Turn 12018 (200)...
Turn 12019 (200)...
Turn 12020 (200)...
Turn 12021 (200)...
Turn 12022 (200)...
Turn 12023 (200)...
Turn 12024 (200)...
Turn 12025 (200)...
Turn 12026 (200)...
Turn 12027 (200)...
Turn 12028 (200)...
Turn 12029 (200)...
Turn 12030 (200)...
Turn 12031 (200)...
Turn 12032 (200)...
Turn 12033 (200)...
Turn 12034 (200)...
Turn 12035 (200)...
Turn 12036 (200)...
Turn 12037 (200)...
Turn 12038 (200)...
Turn 12039 (200)...
Turn 12040 (200)...
Turn 12041 (200)...
Turn 12042 (200)...
Turn 12043 (200)...
Turn 12044 (200)...
Turn 12045 (200)...
Turn 12046 (200)...
Turn 12047 (200)...
Turn 12048 (200)...
Turn 12049 (200)...
Turn 12050 (200)...
Turn 12051 (200)...
Turn 12052 (200)...
Turn 12053 (200)...
Turn 12054 (200)...
Turn 12055 (200)...
Turn 12056 (200)...
Turn 12057 (200)...
Turn 12058 (200)...
Turn 12059 (200)...
Turn 12060 (200)...
Turn 12061 (200)...
Turn 12062 (200)...
Turn 12063 (200)...
Turn 12064 (200)...
Turn 12065 (200)...
Turn 12066 (200)...
Turn 12067 (200)...
Turn 12068 (200)...
Turn 12069 (200)...
Turn 12070 (200)...
Turn 12071 (200)...
Turn 12072 (200)...
Turn 12073 (200)...
Turn 12074 (200)...
Turn 12075 (200)...
Turn 12076 (200)...
Turn 12077 (200)...
Turn 12078 (200)...
Turn 12079 (200)...
Turn 12080 (200)...
Turn 12081 (200)...
Turn 12082 (200)...
Turn 12083 (200)...
Turn 12084 (200)...
Turn 12085 (200)...
Turn 12086 (200)...
Turn 12087 (200)...
Turn 12088 (200)...
Turn 12089 (200)...
Turn 12090 (200)...
Turn 12091 (200)...
Turn 12092 (200)...
Turn 12093 (200)...
Turn 12094 (200)...
Turn 12095 (200)...
Turn 12096 (200)...
Turn 12097 (200)...
Turn 12098 (200)...
Turn 12099 (200)...
Turn 12100 (200)...
Turn 12101 (200)...
Turn 12102 (200)...
Turn 12103 (200)...
Turn 12104 (200)...
Turn 12105 (200)...
Turn 12106 (200)...
Turn 12107 (200)...
Turn 12108 (200)...
Turn 12109 (200)...
[HARNESS] t=40.4m metal pull-back: pulled 6, stuck 0 (served: 1 free, band: 2, in-terr far: 2, rejected full=0 region=0 enemy=0 cant=0)
Turn 12110 (200)...
Turn 12111 (200)...
Turn 12112 (200)...
Turn 12113 (200)...
Turn 12114 (200)...
[DEFENSE] t=40.4m engaging 0 enemies (siege=1) near CC 485,447 (army=38)
Turn 12115 (200)...
Turn 12116 (200)...
Turn 12117 (200)...
Turn 12118 (200)...
Turn 12119 (200)...
Turn 12120 (200)...
Turn 12121 (200)...
Turn 12122 (200)...
Turn 12123 (200)...
Turn 12124 (200)...
Turn 12125 (200)...
Turn 12126 (200)...
Turn 12127 (200)...
Turn 12128 (200)...
Turn 12129 (200)...
Turn 12130 (200)...
Turn 12131 (200)...
Turn 12132 (200)...
Turn 12133 (200)...
Turn 12134 (200)...
Turn 12135 (200)...
Turn 12136 (200)...
Turn 12137 (200)...
Turn 12138 (200)...
Turn 12139 (200)...
Turn 12140 (200)...
Turn 12141 (200)...
Turn 12142 (200)...
Turn 12143 (200)...
Turn 12144 (200)...
Turn 12145 (200)...
Turn 12146 (200)...
Turn 12147 (200)...
Turn 12148 (200)...
Turn 12149 (200)...
Turn 12150 (200)...
Turn 12151 (200)...
Turn 12152 (200)...
Turn 12153 (200)...
Turn 12154 (200)...
Turn 12155 (200)...
Turn 12156 (200)...
Turn 12157 (200)...
Turn 12158 (200)...
Turn 12159 (200)...
[WARNING] t=41m no placement for field at any CC — rings crowded or enemy too close
Turn 12160 (200)...
Turn 12161 (200)...
Turn 12162 (200)...
Turn 12163 (200)...
Turn 12164 (200)...
Turn 12165 (200)...
Turn 12166 (200)...
Turn 12167 (200)...
Turn 12168 (200)...
Turn 12169 (200)...
Turn 12170 (200)...
Turn 12171 (200)...
Turn 12172 (200)...
Turn 12173 (200)...
Turn 12174 (200)...
Turn 12175 (200)...
Turn 12176 (200)...
Turn 12177 (200)...
Turn 12178 (200)...
Turn 12179 (200)...
Turn 12180 (200)...
Turn 12181 (200)...
Turn 12182 (200)...
Turn 12183 (200)...
Turn 12184 (200)...
Turn 12185 (200)...
Turn 12186 (200)...
Turn 12187 (200)...
Turn 12188 (200)...
Turn 12189 (200)...
Turn 12190 (200)...
Turn 12191 (200)...
Turn 12192 (200)...
Turn 12193 (200)...
Turn 12194 (200)...
Turn 12195 (200)...
Turn 12196 (200)...
Turn 12197 (200)...
Turn 12198 (200)...
Turn 12199 (200)...
Turn 12200 (200)...
Turn 12201 (200)...
Turn 12202 (200)...
Turn 12203 (200)...
Turn 12204 (200)...
Turn 12205 (200)...
Turn 12206 (200)...
Turn 12207 (200)...
Turn 12208 (200)...
Turn 12209 (200)...
Turn 12210 (200)...
Turn 12211 (200)...
Turn 12212 (200)...
Turn 12213 (200)...
Turn 12214 (200)...
Turn 12215 (200)...
Turn 12216 (200)...
Turn 12217 (200)...
Turn 12218 (200)...
Turn 12219 (200)...
Turn 12220 (200)...
Turn 12221 (200)...
Turn 12222 (200)...
Turn 12223 (200)...
Turn 12224 (200)...
Turn 12225 (200)...
Turn 12226 (200)...
Turn 12227 (200)...
Turn 12228 (200)...
Turn 12229 (200)...
Turn 12230 (200)...
Turn 12231 (200)...
Turn 12232 (200)...
Turn 12233 (200)...
Turn 12234 (200)...
Turn 12235 (200)...
Turn 12236 (200)...
Turn 12237 (200)...
Turn 12238 (200)...
Turn 12239 (200)...
Turn 12240 (200)...
Turn 12241 (200)...
Turn 12242 (200)...
Turn 12243 (200)...
Turn 12244 (200)...
Turn 12245 (200)...
Turn 12246 (200)...
Turn 12247 (200)...
Turn 12248 (200)...
Turn 12249 (200)...
Turn 12250 (200)...
Turn 12251 (200)...
Turn 12252 (200)...
Turn 12253 (200)...
Turn 12254 (200)...
Turn 12255 (200)...
Turn 12256 (200)...
Turn 12257 (200)...
Turn 12258 (200)...
Turn 12259 (200)...
Turn 12260 (200)...
Turn 12261 (200)...
Turn 12262 (200)...
Turn 12263 (200)...
Turn 12264 (200)...
Turn 12265 (200)...
Turn 12266 (200)...
Turn 12267 (200)...
Turn 12268 (200)...
Turn 12269 (200)...
Turn 12270 (200)...
Turn 12271 (200)...
Turn 12272 (200)...
Turn 12273 (200)...
Turn 12274 (200)...
[HARNESS] t=40.9m metal pull-back: pulled 2, stuck 0 (served: 1 free, band: 2, in-terr far: 2, rejected full=0 region=0 enemy=0 cant=0)
Turn 12275 (200)...
Turn 12276 (200)...
Turn 12277 (200)...
Turn 12278 (200)...
Turn 12279 (200)...
Turn 12280 (200)...
Turn 12281 (200)...
Turn 12282 (200)...
Turn 12283 (200)...
Turn 12284 (200)...
Turn 12285 (200)...
Turn 12286 (200)...
Turn 12287 (200)...
Turn 12288 (200)...
Turn 12289 (200)...
Turn 12290 (200)...
Turn 12291 (200)...
Turn 12292 (200)...
Turn 12293 (200)...
Turn 12294 (200)...
Turn 12295 (200)...
Turn 12296 (200)...
Turn 12297 (200)...
Turn 12298 (200)...
Turn 12299 (200)...
[HARNESS] t=41.0m research gather_farming_training
Turn 12300 (200)...
Turn 12301 (200)...
Turn 12302 (200)...
Turn 12303 (200)...
Turn 12304 (200)...
Turn 12305 (200)...
Turn 12306 (200)...
Turn 12307 (200)...
Turn 12308 (200)...
Turn 12309 (200)...
Turn 12310 (200)...
Turn 12311 (200)...
Turn 12312 (200)...
Turn 12313 (200)...
Turn 12314 (200)...
[HARNESS] t=41.1m wood storehouse gated at 730,510 (mass 455, ccDist 104m)
Turn 12315 (200)...
Turn 12316 (200)...
Turn 12317 (200)...
Turn 12318 (200)...
Turn 12319 (200)...
Turn 12320 (200)...
Turn 12321 (200)...
Turn 12322 (200)...
Turn 12323 (200)...
Turn 12324 (200)...
Turn 12325 (200)...
Turn 12326 (200)...
Turn 12327 (200)...
Turn 12328 (200)...
Turn 12329 (200)...
Turn 12330 (200)...
Turn 12331 (200)...
Turn 12332 (200)...
Turn 12333 (200)...
Turn 12334 (200)...
Turn 12335 (200)...
Turn 12336 (200)...
Turn 12337 (200)...
Turn 12338 (200)...
Turn 12339 (200)...
[HARNESS] t=41.1m research pop_house_01
Turn 12340 (200)...
Turn 12341 (200)...
Turn 12342 (200)...
Turn 12343 (200)...
Turn 12344 (200)...
Turn 12345 (200)...
Turn 12346 (200)...
Turn 12347 (200)...
Turn 12348 (200)...
Turn 12349 (200)...
Turn 12350 (200)...
Turn 12351 (200)...
Turn 12352 (200)...
Turn 12353 (200)...
Turn 12354 (200)...
Turn 12355 (200)...
Turn 12356 (200)...
Turn 12357 (200)...
Turn 12358 (200)...
Turn 12359 (200)...
Turn 12360 (200)...
Turn 12361 (200)...
Turn 12362 (200)...
Turn 12363 (200)...
Turn 12364 (200)...
[HARNESS] t=41.2m storehouse at 564,559 for wood 558,574 (1 underserved + 1 frontier, mass 6838)
Turn 12365 (200)...
Turn 12366 (200)...
Turn 12367 (200)...
Turn 12368 (200)...
Turn 12369 (200)...
[HARNESS] t=41.2m rush-building storehouse at 564,559 (8 wood choppers)
Turn 12370 (200)...
Turn 12371 (200)...
Turn 12372 (200)...
Turn 12373 (200)...
Turn 12374 (200)...
Turn 12375 (200)...
Turn 12376 (200)...
Turn 12377 (200)...
Turn 12378 (200)...
Turn 12379 (200)...
Turn 12380 (200)...
Turn 12381 (200)...
Turn 12382 (200)...
Turn 12383 (200)...
Turn 12384 (200)...
Turn 12385 (200)...
Turn 12386 (200)...
Turn 12387 (200)...
Turn 12388 (200)...
Turn 12389 (200)...
Turn 12390 (200)...
Turn 12391 (200)...
Turn 12392 (200)...
Turn 12393 (200)...
Turn 12394 (200)...
Turn 12395 (200)...
Turn 12396 (200)...
Turn 12397 (200)...
Turn 12398 (200)...
Turn 12399 (200)...
Turn 12400 (200)...
Turn 12401 (200)...
Turn 12402 (200)...
Turn 12403 (200)...
Turn 12404 (200)...
Turn 12405 (200)...
Turn 12406 (200)...
Turn 12407 (200)...
Turn 12408 (200)...
Turn 12409 (200)...
Turn 12410 (200)...
Turn 12411 (200)...
Turn 12412 (200)...
Turn 12413 (200)...
Turn 12414 (200)...
Turn 12415 (200)...
Turn 12416 (200)...
Turn 12417 (200)...
Turn 12418 (200)...
Turn 12419 (200)...
Turn 12420 (200)...
Turn 12421 (200)...
Turn 12422 (200)...
Turn 12423 (200)...
Turn 12424 (200)...
[HARNESS] t=41.4m farmstead at 548,531 for fields 551,514 (4 underserved)
Turn 12425 (200)...
Turn 12426 (200)...
Turn 12427 (200)...
Turn 12428 (200)...
Turn 12429 (200)...
Turn 12430 (200)...
Turn 12431 (200)...
Turn 12432 (200)...
Turn 12433 (200)...
Turn 12434 (200)...
Turn 12435 (200)...
Turn 12436 (200)...
Turn 12437 (200)...
Turn 12438 (200)...
Turn 12439 (200)...
Turn 12440 (200)...
Turn 12441 (200)...
Turn 12442 (200)...
Turn 12443 (200)...
Turn 12444 (200)...
Turn 12445 (200)...
Turn 12446 (200)...
Turn 12447 (200)...
Turn 12448 (200)...
Turn 12449 (200)...
Turn 12450 (200)...
Turn 12451 (200)...
Turn 12452 (200)...
Turn 12453 (200)...
Turn 12454 (200)...
Turn 12455 (200)...
Turn 12456 (200)...
Turn 12457 (200)...
Turn 12458 (200)...
Turn 12459 (200)...
Turn 12460 (200)...
Turn 12461 (200)...
Turn 12462 (200)...
Turn 12463 (200)...
Turn 12464 (200)...
Turn 12465 (200)...
Turn 12466 (200)...
Turn 12467 (200)...
Turn 12468 (200)...
Turn 12469 (200)...
Turn 12470 (200)...
Turn 12471 (200)...
Turn 12472 (200)...
Turn 12473 (200)...
Turn 12474 (200)...
Turn 12475 (200)...
Turn 12476 (200)...
Turn 12477 (200)...
Turn 12478 (200)...
Turn 12479 (200)...
Turn 12480 (200)...
Turn 12481 (200)...
Turn 12482 (200)...
Turn 12483 (200)...
Turn 12484 (200)...
Turn 12485 (200)...
Turn 12486 (200)...
Turn 12487 (200)...
Turn 12488 (200)...
Turn 12489 (200)...
Turn 12490 (200)...
Turn 12491 (200)...
Turn 12492 (200)...
Turn 12493 (200)...
Turn 12494 (200)...
Turn 12495 (200)...
Turn 12496 (200)...
Turn 12497 (200)...
Turn 12498 (200)...
Turn 12499 (200)...
Turn 12500 (200)...
Turn 12501 (200)...
Turn 12502 (200)...
Turn 12503 (200)...
Turn 12504 (200)...
Turn 12505 (200)...
Turn 12506 (200)...
Turn 12507 (200)...
Turn 12508 (200)...
Turn 12509 (200)...
[WARNING] t=42m no placement for market at any CC — rings crowded or enemy too close
Turn 12510 (200)...
Turn 12511 (200)...
Turn 12512 (200)...
Turn 12513 (200)...
Turn 12514 (200)...
Turn 12515 (200)...
Turn 12516 (200)...
Turn 12517 (200)...
Turn 12518 (200)...
Turn 12519 (200)...
Turn 12520 (200)...
Turn 12521 (200)...
Turn 12522 (200)...
Turn 12523 (200)...
Turn 12524 (200)...
Turn 12525 (200)...
Turn 12526 (200)...
Turn 12527 (200)...
Turn 12528 (200)...
Turn 12529 (200)...
Turn 12530 (200)...
Turn 12531 (200)...
Turn 12532 (200)...
Turn 12533 (200)...
Turn 12534 (200)...
Turn 12535 (200)...
Turn 12536 (200)...
Turn 12537 (200)...
Turn 12538 (200)...
Turn 12539 (200)...
[HARNESS] t=41.8m research gather_lumbering_strongeraxes
Turn 12540 (200)...
Turn 12541 (200)...
Turn 12542 (200)...
Turn 12543 (200)...
Turn 12544 (200)...
Turn 12545 (200)...
Turn 12546 (200)...
Turn 12547 (200)...
Turn 12548 (200)...
Turn 12549 (200)...
Turn 12550 (200)...
Turn 12551 (200)...
Turn 12552 (200)...
Turn 12553 (200)...
Turn 12554 (200)...
Turn 12555 (200)...
Turn 12556 (200)...
Turn 12557 (200)...
Turn 12558 (200)...
Turn 12559 (200)...
Turn 12560 (200)...
Turn 12561 (200)...
Turn 12562 (200)...
Turn 12563 (200)...
Turn 12564 (200)...
Turn 12565 (200)...
Turn 12566 (200)...
Turn 12567 (200)...
Turn 12568 (200)...
Turn 12569 (200)...
Turn 12570 (200)...
Turn 12571 (200)...
Turn 12572 (200)...
Turn 12573 (200)...
Turn 12574 (200)...
Turn 12575 (200)...
Turn 12576 (200)...
Turn 12577 (200)...
Turn 12578 (200)...
Turn 12579 (200)...
Turn 12580 (200)...
Turn 12581 (200)...
Turn 12582 (200)...
Turn 12583 (200)...
Turn 12584 (200)...
Turn 12585 (200)...
Turn 12586 (200)...
Turn 12587 (200)...
Turn 12588 (200)...
Turn 12589 (200)...
Turn 12590 (200)...
Turn 12591 (200)...
Turn 12592 (200)...
Turn 12593 (200)...
Turn 12594 (200)...
Turn 12595 (200)...
Turn 12596 (200)...
Turn 12597 (200)...
Turn 12598 (200)...
Turn 12599 (200)...
[HARNESS] t=42.0m storehouse at 527,527 for wood 534,550 (2 underserved + 2 frontier, mass 8356)
Turn 12600 (200)...
Turn 12601 (200)...
Turn 12602 (200)...
Turn 12603 (200)...
Turn 12604 (200)...
[HARNESS] t=42.0m rush-building storehouse at 527,527 (8 wood choppers)
Turn 12605 (200)...
Turn 12606 (200)...
Turn 12607 (200)...
Turn 12608 (200)...
Turn 12609 (200)...
Turn 12610 (200)...
Turn 12611 (200)...
Turn 12612 (200)...
Turn 12613 (200)...
Turn 12614 (200)...
Turn 12615 (200)...
Turn 12616 (200)...
Turn 12617 (200)...
Turn 12618 (200)...
Turn 12619 (200)...
Turn 12620 (200)...
Turn 12621 (200)...
Turn 12622 (200)...
Turn 12623 (200)...
Turn 12624 (200)...
Turn 12625 (200)...
Turn 12626 (200)...
Turn 12627 (200)...
Turn 12628 (200)...
Turn 12629 (200)...
Turn 12630 (200)...
Turn 12631 (200)...
Turn 12632 (200)...
Turn 12633 (200)...
Turn 12634 (200)...
Turn 12635 (200)...
Turn 12636 (200)...
Turn 12637 (200)...
Turn 12638 (200)...
Turn 12639 (200)...
Turn 12640 (200)...
Turn 12641 (200)...
Turn 12642 (200)...
Turn 12643 (200)...
Turn 12644 (200)...
Turn 12645 (200)...
Turn 12646 (200)...
Turn 12647 (200)...
Turn 12648 (200)...
Turn 12649 (200)...
Turn 12650 (200)...
Turn 12651 (200)...
Turn 12652 (200)...
Turn 12653 (200)...
Turn 12654 (200)...
Turn 12655 (200)...
Turn 12656 (200)...
Turn 12657 (200)...
Turn 12658 (200)...
Turn 12659 (200)...
Turn 12660 (200)...
Turn 12661 (200)...
Turn 12662 (200)...
Turn 12663 (200)...
Turn 12664 (200)...
Turn 12665 (200)...
Turn 12666 (200)...
Turn 12667 (200)...
Turn 12668 (200)...
Turn 12669 (200)...
Turn 12670 (200)...
Turn 12671 (200)...
Turn 12672 (200)...
Turn 12673 (200)...
Turn 12674 (200)...
Turn 12675 (200)...
Turn 12676 (200)...
Turn 12677 (200)...
Turn 12678 (200)...
Turn 12679 (200)...
Turn 12680 (200)...
Turn 12681 (200)...
Turn 12682 (200)...
Turn 12683 (200)...
Turn 12684 (200)...
Turn 12685 (200)...
Turn 12686 (200)...
Turn 12687 (200)...
Turn 12688 (200)...
Turn 12689 (200)...
Turn 12690 (200)...
Turn 12691 (200)...
Turn 12692 (200)...
Turn 12693 (200)...
Turn 12694 (200)...
Turn 12695 (200)...
Turn 12696 (200)...
Turn 12697 (200)...
Turn 12698 (200)...
Turn 12699 (200)...
Turn 12700 (200)...
Turn 12701 (200)...
Turn 12702 (200)...
Turn 12703 (200)...
Turn 12704 (200)...
Turn 12705 (200)...
Turn 12706 (200)...
Turn 12707 (200)...
Turn 12708 (200)...
Turn 12709 (200)...
Turn 12710 (200)...
Turn 12711 (200)...
Turn 12712 (200)...
Turn 12713 (200)...
Turn 12714 (200)...
Turn 12715 (200)...
Turn 12716 (200)...
Turn 12717 (200)...
Turn 12718 (200)...
Turn 12719 (200)...
Turn 12720 (200)...
Turn 12721 (200)...
Turn 12722 (200)...
Turn 12723 (200)...
Turn 12724 (200)...
Turn 12725 (200)...
Turn 12726 (200)...
Turn 12727 (200)...
Turn 12728 (200)...
Turn 12729 (200)...
Turn 12730 (200)...
Turn 12731 (200)...
Turn 12732 (200)...
Turn 12733 (200)...
Turn 12734 (200)...
Turn 12735 (200)...
Turn 12736 (200)...
Turn 12737 (200)...
Turn 12738 (200)...
Turn 12739 (200)...
Turn 12740 (200)...
Turn 12741 (200)...
Turn 12742 (200)...
Turn 12743 (200)...
Turn 12744 (200)...
Turn 12745 (200)...
Turn 12746 (200)...
Turn 12747 (200)...
Turn 12748 (200)...
Turn 12749 (200)...
[HARNESS] t=43m pop=176/278 idle=1 starved=0 gatherers food=50 wood=62 stone=3 metal=6 houses=43 fields=22 town=2 techs=6/10 rates wood=45% grain=56% fruit=- stone=43% metal=94% foodmix fruit=0 grain=3590 meat=0 dist wood=14m grain=3m fruit=-m founds=0 failedSpots=0 fruitStock=0 enemyArmy=59 siege=5 enemyNear=58m army=23 gar=0 demob=0 terr=- stock 115/218/967/803
Turn 12750 (200)...
Turn 12751 (200)...
Turn 12752 (200)...
Turn 12753 (200)...
Turn 12754 (200)...
Turn 12755 (200)...
Turn 12756 (200)...
Turn 12757 (200)...
Turn 12758 (200)...
Turn 12759 (200)...
[WARNING] t=43m no placement for field at any CC — rings crowded or enemy too close
Turn 12760 (200)...
Turn 12761 (200)...
Turn 12762 (200)...
Turn 12763 (200)...
Turn 12764 (200)...
Turn 12765 (200)...
Turn 12766 (200)...
Turn 12767 (200)...
Turn 12768 (200)...
Turn 12769 (200)...
Turn 12770 (200)...
Turn 12771 (200)...
Turn 12772 (200)...
Turn 12773 (200)...
Turn 12774 (200)...
Turn 12775 (200)...
Turn 12776 (200)...
Turn 12777 (200)...
Turn 12778 (200)...
Turn 12779 (200)...
Turn 12780 (200)...
Turn 12781 (200)...
Turn 12782 (200)...
Turn 12783 (200)...
Turn 12784 (200)...
Turn 12785 (200)...
Turn 12786 (200)...
Turn 12787 (200)...
Turn 12788 (200)...
Turn 12789 (200)...
Turn 12790 (200)...
Turn 12791 (200)...
Turn 12792 (200)...
Turn 12793 (200)...
Turn 12794 (200)...
Turn 12795 (200)...
Turn 12796 (200)...
Turn 12797 (200)...
Turn 12798 (200)...
Turn 12799 (200)...
Turn 12800 (200)...
Turn 12801 (200)...
Turn 12802 (200)...
Turn 12803 (200)...
Turn 12804 (200)...
Turn 12805 (200)...
Turn 12806 (200)...
Turn 12807 (200)...
Turn 12808 (200)...
Turn 12809 (200)...
Turn 12810 (200)...
Turn 12811 (200)...
Turn 12812 (200)...
Turn 12813 (200)...
Turn 12814 (200)...
Turn 12815 (200)...
Turn 12816 (200)...
Turn 12817 (200)...
Turn 12818 (200)...
Turn 12819 (200)...
Turn 12820 (200)...
Turn 12821 (200)...
Turn 12822 (200)...
Turn 12823 (200)...
Turn 12824 (200)...
Turn 12825 (200)...
Turn 12826 (200)...
Turn 12827 (200)...
Turn 12828 (200)...
Turn 12829 (200)...
Turn 12830 (200)...
Turn 12831 (200)...
Turn 12832 (200)...
Turn 12833 (200)...
Turn 12834 (200)...
Turn 12835 (200)...
Turn 12836 (200)...
Turn 12837 (200)...
Turn 12838 (200)...
Turn 12839 (200)...
Turn 12840 (200)...
Turn 12841 (200)...
Turn 12842 (200)...
Turn 12843 (200)...
Turn 12844 (200)...
Turn 12845 (200)...
Turn 12846 (200)...
Turn 12847 (200)...
Turn 12848 (200)...
Turn 12849 (200)...
Turn 12850 (200)...
Turn 12851 (200)...
Turn 12852 (200)...
Turn 12853 (200)...
Turn 12854 (200)...
Turn 12855 (200)...
Turn 12856 (200)...
Turn 12857 (200)...
Turn 12858 (200)...
Turn 12859 (200)...
Turn 12860 (200)...
Turn 12861 (200)...
Turn 12862 (200)...
Turn 12863 (200)...
Turn 12864 (200)...
Turn 12865 (200)...
Turn 12866 (200)...
Turn 12867 (200)...
Turn 12868 (200)...
Turn 12869 (200)...
Turn 12870 (200)...
Turn 12871 (200)...
Turn 12872 (200)...
Turn 12873 (200)...
Turn 12874 (200)...
Turn 12875 (200)...
Turn 12876 (200)...
Turn 12877 (200)...
Turn 12878 (200)...
Turn 12879 (200)...
Turn 12880 (200)...
Turn 12881 (200)...
Turn 12882 (200)...
Turn 12883 (200)...
Turn 12884 (200)...
Turn 12885 (200)...
Turn 12886 (200)...
Turn 12887 (200)...
Turn 12888 (200)...
Turn 12889 (200)...
Turn 12890 (200)...
Turn 12891 (200)...
Turn 12892 (200)...
Turn 12893 (200)...
Turn 12894 (200)...
Turn 12895 (200)...
Turn 12896 (200)...
Turn 12897 (200)...
Turn 12898 (200)...
Turn 12899 (200)...
Turn 12900 (200)...
Turn 12901 (200)...
Turn 12902 (200)...
Turn 12903 (200)...
Turn 12904 (200)...
Turn 12905 (200)...
Turn 12906 (200)...
Turn 12907 (200)...
Turn 12908 (200)...
Turn 12909 (200)...
Turn 12910 (200)...
Turn 12911 (200)...
Turn 12912 (200)...
Turn 12913 (200)...
Turn 12914 (200)...
Turn 12915 (200)...
Turn 12916 (200)...
Turn 12917 (200)...
Turn 12918 (200)...
Turn 12919 (200)...
Turn 12920 (200)...
Turn 12921 (200)...
Turn 12922 (200)...
Turn 12923 (200)...
Turn 12924 (200)...
Turn 12925 (200)...
Turn 12926 (200)...
Turn 12927 (200)...
Turn 12928 (200)...
Turn 12929 (200)...
Turn 12930 (200)...
Turn 12931 (200)...
Turn 12932 (200)...
Turn 12933 (200)...
Turn 12934 (200)...
Turn 12935 (200)...
Turn 12936 (200)...
Turn 12937 (200)...
Turn 12938 (200)...
Turn 12939 (200)...
Turn 12940 (200)...
Turn 12941 (200)...
Turn 12942 (200)...
Turn 12943 (200)...
Turn 12944 (200)...
Turn 12945 (200)...
Turn 12946 (200)...
Turn 12947 (200)...
Turn 12948 (200)...
Turn 12949 (200)...
Turn 12950 (200)...
Turn 12951 (200)...
Turn 12952 (200)...
Turn 12953 (200)...
Turn 12954 (200)...
Turn 12955 (200)...
Turn 12956 (200)...
Turn 12957 (200)...
Turn 12958 (200)...
Turn 12959 (200)...
Turn 12960 (200)...
Turn 12961 (200)...
Turn 12962 (200)...
Turn 12963 (200)...
Turn 12964 (200)...
Turn 12965 (200)...
Turn 12966 (200)...
Turn 12967 (200)...
Turn 12968 (200)...
Turn 12969 (200)...
Turn 12970 (200)...
Turn 12971 (200)...
Turn 12972 (200)...
Turn 12973 (200)...
Turn 12974 (200)...
Turn 12975 (200)...
Turn 12976 (200)...
Turn 12977 (200)...
Turn 12978 (200)...
Turn 12979 (200)...
Turn 12980 (200)...
Turn 12981 (200)...
Turn 12982 (200)...
Turn 12983 (200)...
Turn 12984 (200)...
Turn 12985 (200)...
Turn 12986 (200)...
Turn 12987 (200)...
Turn 12988 (200)...
Turn 12989 (200)...
Turn 12990 (200)...
Turn 12991 (200)...
Turn 12992 (200)...
Turn 12993 (200)...
Turn 12994 (200)...
Turn 12995 (200)...
Turn 12996 (200)...
Turn 12997 (200)...
Turn 12998 (200)...
Turn 12999 (200)...
Turn 13000 (200)...
Turn 13001 (200)...
Turn 13002 (200)...
Turn 13003 (200)...
Turn 13004 (200)...
Turn 13005 (200)...
Turn 13006 (200)...
Turn 13007 (200)...
Turn 13008 (200)...
Turn 13009 (200)...
[HARNESS] t=43.4m storehouse at 529,547 for wood 520,558 (8 underserved + 9 frontier, mass 9053)
Turn 13010 (200)...
Turn 13011 (200)...
Turn 13012 (200)...
Turn 13013 (200)...
Turn 13014 (200)...
[HARNESS] t=43.4m rush-building storehouse at 529,547 (8 wood choppers)
Turn 13015 (200)...
Turn 13016 (200)...
Turn 13017 (200)...
Turn 13018 (200)...
Turn 13019 (200)...
Turn 13020 (200)...
Turn 13021 (200)...
Turn 13022 (200)...
Turn 13023 (200)...
Turn 13024 (200)...
Turn 13025 (200)...
Turn 13026 (200)...
Turn 13027 (200)...
Turn 13028 (200)...
Turn 13029 (200)...
Turn 13030 (200)...
Turn 13031 (200)...
Turn 13032 (200)...
Turn 13033 (200)...
Turn 13034 (200)...
Turn 13035 (200)...
Turn 13036 (200)...
Turn 13037 (200)...
Turn 13038 (200)...
Turn 13039 (200)...
Turn 13040 (200)...
Turn 13041 (200)...
Turn 13042 (200)...
Turn 13043 (200)...
Turn 13044 (200)...
Turn 13045 (200)...
Turn 13046 (200)...
Turn 13047 (200)...
Turn 13048 (200)...
Turn 13049 (200)...
Turn 13050 (200)...
Turn 13051 (200)...
Turn 13052 (200)...
Turn 13053 (200)...
Turn 13054 (200)...
Turn 13055 (200)...
Turn 13056 (200)...
Turn 13057 (200)...
Turn 13058 (200)...
Turn 13059 (200)...
Turn 13060 (200)...
Turn 13061 (200)...
Turn 13062 (200)...
Turn 13063 (200)...
Turn 13064 (200)...
Turn 13065 (200)...
Turn 13066 (200)...
Turn 13067 (200)...
Turn 13068 (200)...
Turn 13069 (200)...
Turn 13070 (200)...
Turn 13071 (200)...
Turn 13072 (200)...
Turn 13073 (200)...
Turn 13074 (200)...
[HARNESS] t=43.6m research gather_capacity_basket
Turn 13075 (200)...
Turn 13076 (200)...
Turn 13077 (200)...
Turn 13078 (200)...
Turn 13079 (200)...
Turn 13080 (200)...
Turn 13081 (200)...
Turn 13082 (200)...
Turn 13083 (200)...
Turn 13084 (200)...
Turn 13085 (200)...
Turn 13086 (200)...
Turn 13087 (200)...
Turn 13088 (200)...
Turn 13089 (200)...
Turn 13090 (200)...
Turn 13091 (200)...
Turn 13092 (200)...
Turn 13093 (200)...
Turn 13094 (200)...
Turn 13095 (200)...
Turn 13096 (200)...
Turn 13097 (200)...
Turn 13098 (200)...
Turn 13099 (200)...
Turn 13100 (200)...
Turn 13101 (200)...
Turn 13102 (200)...
Turn 13103 (200)...
Turn 13104 (200)...
Turn 13105 (200)...
Turn 13106 (200)...
Turn 13107 (200)...
Turn 13108 (200)...
Turn 13109 (200)...
Turn 13110 (200)...
Turn 13111 (200)...
Turn 13112 (200)...
Turn 13113 (200)...
Turn 13114 (200)...
[WARNING] t=44m no placement for market at any CC — rings crowded or enemy too close
Turn 13115 (200)...
Turn 13116 (200)...
Turn 13117 (200)...
Turn 13118 (200)...
Turn 13119 (200)...
Turn 13120 (200)...
Turn 13121 (200)...
Turn 13122 (200)...
Turn 13123 (200)...
Turn 13124 (200)...
Turn 13125 (200)...
Turn 13126 (200)...
Turn 13127 (200)...
Turn 13128 (200)...
Turn 13129 (200)...
Turn 13130 (200)...
Turn 13131 (200)...
Turn 13132 (200)...
Turn 13133 (200)...
Turn 13134 (200)...
Turn 13135 (200)...
Turn 13136 (200)...
Turn 13137 (200)...
Turn 13138 (200)...
Turn 13139 (200)...
Turn 13140 (200)...
Turn 13141 (200)...
Turn 13142 (200)...
Turn 13143 (200)...
Turn 13144 (200)...
Turn 13145 (200)...
Turn 13146 (200)...
Turn 13147 (200)...
Turn 13148 (200)...
Turn 13149 (200)...
Turn 13150 (200)...
Turn 13151 (200)...
Turn 13152 (200)...
Turn 13153 (200)...
Turn 13154 (200)...
Turn 13155 (200)...
Turn 13156 (200)...
Turn 13157 (200)...
Turn 13158 (200)...
Turn 13159 (200)...
Turn 13160 (200)...
Turn 13161 (200)...
Turn 13162 (200)...
Turn 13163 (200)...
Turn 13164 (200)...
Turn 13165 (200)...
Turn 13166 (200)...
Turn 13167 (200)...
Turn 13168 (200)...
Turn 13169 (200)...
Turn 13170 (200)...
Turn 13171 (200)...
Turn 13172 (200)...
Turn 13173 (200)...
Turn 13174 (200)...
Turn 13175 (200)...
Turn 13176 (200)...
Turn 13177 (200)...
Turn 13178 (200)...
Turn 13179 (200)...
Turn 13180 (200)...
Turn 13181 (200)...
Turn 13182 (200)...
Turn 13183 (200)...
Turn 13184 (200)...
Turn 13185 (200)...
Turn 13186 (200)...
Turn 13187 (200)...
Turn 13188 (200)...
Turn 13189 (200)...
Turn 13190 (200)...
Turn 13191 (200)...
Turn 13192 (200)...
Turn 13193 (200)...
Turn 13194 (200)...
Turn 13195 (200)...
Turn 13196 (200)...
Turn 13197 (200)...
Turn 13198 (200)...
Turn 13199 (200)...
Turn 13200 (200)...
Turn 13201 (200)...
Turn 13202 (200)...
Turn 13203 (200)...
Turn 13204 (200)...
Turn 13205 (200)...
Turn 13206 (200)...
Turn 13207 (200)...
Turn 13208 (200)...
Turn 13209 (200)...
Turn 13210 (200)...
Turn 13211 (200)...
Turn 13212 (200)...
Turn 13213 (200)...
Turn 13214 (200)...
Turn 13215 (200)...
Turn 13216 (200)...
Turn 13217 (200)...
Turn 13218 (200)...
Turn 13219 (200)...
Turn 13220 (200)...
Turn 13221 (200)...
Turn 13222 (200)...
Turn 13223 (200)...
Turn 13224 (200)...
Turn 13225 (200)...
Turn 13226 (200)...
Turn 13227 (200)...
Turn 13228 (200)...
Turn 13229 (200)...
Turn 13230 (200)...
Turn 13231 (200)...
Turn 13232 (200)...
Turn 13233 (200)...
Turn 13234 (200)...
[DEFENSE] t=44.1m denying enemy foundation foundation|structures/rome/fortress at 489,449 (defenders=10, detachment=20, army=23)
Turn 13235 (200)...
Turn 13236 (200)...
Turn 13237 (200)...
Turn 13238 (200)...
Turn 13239 (200)...
[DEFENSE] t=44.1m denied enemy foundation at 489,449
[DEFENSE] t=44.1m swatting 5 leftover raiders at 521,410 (army=23)
Turn 13240 (200)...
Turn 13241 (200)...
Turn 13242 (200)...
Turn 13243 (200)...
Turn 13244 (200)...
[DEFENSE] t=44.2m denying enemy foundation foundation|structures/rome/defense_tower at 505,545 (defenders=0, detachment=8, army=23)
Turn 13245 (200)...
Turn 13246 (200)...
Turn 13247 (200)...
Turn 13248 (200)...
Turn 13249 (200)...
Turn 13250 (200)...
Turn 13251 (200)...
Turn 13252 (200)...
Turn 13253 (200)...
Turn 13254 (200)...
Turn 13255 (200)...
Turn 13256 (200)...
Turn 13257 (200)...
Turn 13258 (200)...
Turn 13259 (200)...
Turn 13260 (200)...
Turn 13261 (200)...
Turn 13262 (200)...
Turn 13263 (200)...
Turn 13264 (200)...
Turn 13265 (200)...
Turn 13266 (200)...
Turn 13267 (200)...
Turn 13268 (200)...
Turn 13269 (200)...
Turn 13270 (200)...
Turn 13271 (200)...
Turn 13272 (200)...
Turn 13273 (200)...
Turn 13274 (200)...
Turn 13275 (200)...
Turn 13276 (200)...
Turn 13277 (200)...
Turn 13278 (200)...
Turn 13279 (200)...
Turn 13280 (200)...
Turn 13281 (200)...
Turn 13282 (200)...
Turn 13283 (200)...
Turn 13284 (200)...
Turn 13285 (200)...
Turn 13286 (200)...
Turn 13287 (200)...
Turn 13288 (200)...
Turn 13289 (200)...
Turn 13290 (200)...
Turn 13291 (200)...
Turn 13292 (200)...
Turn 13293 (200)...
Turn 13294 (200)...
Turn 13295 (200)...
Turn 13296 (200)...
Turn 13297 (200)...
Turn 13298 (200)...
Turn 13299 (200)...
Turn 13300 (200)...
Turn 13301 (200)...
Turn 13302 (200)...
Turn 13303 (200)...
Turn 13304 (200)...
Turn 13305 (200)...
Turn 13306 (200)...
Turn 13307 (200)...
Turn 13308 (200)...
Turn 13309 (200)...
[HARNESS] t=44.4m metal pull-back: pulled 4, stuck 0 (served: 1 free, band: 2, in-terr far: 2, rejected full=0 region=0 enemy=0 cant=0)
Turn 13310 (200)...
Turn 13311 (200)...
Turn 13312 (200)...
Turn 13313 (200)...
Turn 13314 (200)...
Turn 13315 (200)...
Turn 13316 (200)...
Turn 13317 (200)...
Turn 13318 (200)...
Turn 13319 (200)...
Turn 13320 (200)...
Turn 13321 (200)...
Turn 13322 (200)...
Turn 13323 (200)...
Turn 13324 (200)...
Turn 13325 (200)...
Turn 13326 (200)...
Turn 13327 (200)...
Turn 13328 (200)...
Turn 13329 (200)...
Turn 13330 (200)...
Turn 13331 (200)...
Turn 13332 (200)...
Turn 13333 (200)...
Turn 13334 (200)...
Turn 13335 (200)...
Turn 13336 (200)...
Turn 13337 (200)...
Turn 13338 (200)...
Turn 13339 (200)...
Turn 13340 (200)...
Turn 13341 (200)...
Turn 13342 (200)...
Turn 13343 (200)...
Turn 13344 (200)...
Turn 13345 (200)...
Turn 13346 (200)...
Turn 13347 (200)...
Turn 13348 (200)...
Turn 13349 (200)...
Turn 13350 (200)...
Turn 13351 (200)...
Turn 13352 (200)...
Turn 13353 (200)...
Turn 13354 (200)...
Turn 13355 (200)...
Turn 13356 (200)...
Turn 13357 (200)...
Turn 13358 (200)...
Turn 13359 (200)...
Turn 13360 (200)...
Turn 13361 (200)...
Turn 13362 (200)...
Turn 13363 (200)...
Turn 13364 (200)...
Turn 13365 (200)...
Turn 13366 (200)...
Turn 13367 (200)...
Turn 13368 (200)...
Turn 13369 (200)...
Turn 13370 (200)...
Turn 13371 (200)...
Turn 13372 (200)...
Turn 13373 (200)...
Turn 13374 (200)...
Turn 13375 (200)...
Turn 13376 (200)...
Turn 13377 (200)...
Turn 13378 (200)...
Turn 13379 (200)...
Turn 13380 (200)...
Turn 13381 (200)...
Turn 13382 (200)...
Turn 13383 (200)...
Turn 13384 (200)...
Turn 13385 (200)...
Turn 13386 (200)...
Turn 13387 (200)...
Turn 13388 (200)...
Turn 13389 (200)...
Turn 13390 (200)...
Turn 13391 (200)...
Turn 13392 (200)...
Turn 13393 (200)...
Turn 13394 (200)...
Turn 13395 (200)...
Turn 13396 (200)...
Turn 13397 (200)...
Turn 13398 (200)...
Turn 13399 (200)...
[DEFENSE] t=44.7m denied enemy foundation at 505,545
[DEFENSE] t=44.7m wave of 21 at 163m of CC 644,452 — mustering melee=7 ranged=8 healers=5
Turn 13400 (200)...
Turn 13401 (200)...
Turn 13402 (200)...
Turn 13403 (200)...
Turn 13404 (200)...
Turn 13405 (200)...
Turn 13406 (200)...
Turn 13407 (200)...
Turn 13408 (200)...
Turn 13409 (200)...
Turn 13410 (200)...
Turn 13411 (200)...
Turn 13412 (200)...
Turn 13413 (200)...
Turn 13414 (200)...
Turn 13415 (200)...
Turn 13416 (200)...
Turn 13417 (200)...
Turn 13418 (200)...
Turn 13419 (200)...
Turn 13420 (200)...
Turn 13421 (200)...
Turn 13422 (200)...
Turn 13423 (200)...
Turn 13424 (200)...
Turn 13425 (200)...
Turn 13426 (200)...
Turn 13427 (200)...
Turn 13428 (200)...
Turn 13429 (200)...
Turn 13430 (200)...
Turn 13431 (200)...
Turn 13432 (200)...
Turn 13433 (200)...
Turn 13434 (200)...
[DEFENSE] t=44.8m engaging 9 enemies (siege=0) near CC 532,431 (army=16)
Turn 13435 (200)...
Turn 13436 (200)...
Turn 13437 (200)...
Turn 13438 (200)...
Turn 13439 (200)...
Turn 13440 (200)...
Turn 13441 (200)...
Turn 13442 (200)...
Turn 13443 (200)...
Turn 13444 (200)...
Turn 13445 (200)...
Turn 13446 (200)...
Turn 13447 (200)...
Turn 13448 (200)...
Turn 13449 (200)...
Turn 13450 (200)...
Turn 13451 (200)...
Turn 13452 (200)...
Turn 13453 (200)...
Turn 13454 (200)...
Turn 13455 (200)...
Turn 13456 (200)...
Turn 13457 (200)...
Turn 13458 (200)...
Turn 13459 (200)...
Turn 13460 (200)...
Turn 13461 (200)...
Turn 13462 (200)...
Turn 13463 (200)...
Turn 13464 (200)...
Turn 13465 (200)...
Turn 13466 (200)...
Turn 13467 (200)...
Turn 13468 (200)...
Turn 13469 (200)...
Turn 13470 (200)...
Turn 13471 (200)...
Turn 13472 (200)...
Turn 13473 (200)...
Turn 13474 (200)...
Turn 13475 (200)...
Turn 13476 (200)...
Turn 13477 (200)...
Turn 13478 (200)...
Turn 13479 (200)...
Turn 13480 (200)...
Turn 13481 (200)...
Turn 13482 (200)...
Turn 13483 (200)...
Turn 13484 (200)...
Turn 13485 (200)...
Turn 13486 (200)...
Turn 13487 (200)...
Turn 13488 (200)...
Turn 13489 (200)...
Turn 13490 (200)...
Turn 13491 (200)...
Turn 13492 (200)...
Turn 13493 (200)...
Turn 13494 (200)...
Turn 13495 (200)...
Turn 13496 (200)...
Turn 13497 (200)...
Turn 13498 (200)...
[KILN] time limit reached (45 in-game minutes), marking player 1 as won
[HARNESS] worker-efficiency player 1: gathered / theoretical / efficiency / tasked time; per-5min buckets
[HARNESS] bucket minutes:   0m   5m  10m  15m  20m  25m  30m  35m  40m
[HARNESS] wood   gathered= 35790 theoretical=  59178.7 efficiency=  60.5% tasked=1358.2min buckets=[  78   74   70   66   56   66   47   43   62]%
[HARNESS] stone  gathered=  1648 theoretical=   1996.1 efficiency=  82.6% tasked=  96.8min buckets=[   -   64   90   89   82    -   63   79   74]%
[HARNESS] metal  gathered=  1680 theoretical=   2023.6 efficiency=  83.0% tasked=  97.3min buckets=[   -   71   93    -    0    -   78   82   79]%
[HARNESS] field  gathered= 34866 theoretical=  34283.2 efficiency= 101.7% tasked=1077.1min buckets=[   -  102  103  101  102  103  102  102  101]%
[HARNESS] fruit  gathered=  2513 theoretical=   3501.1 efficiency=  71.8% tasked=  55.1min buckets=[  71   78    -    -    -    -    -    -    -]%
[HARNESS] woodR  gathered=     0 tasked=   0.0min
[HARNESS] stoneR gathered=     0 tasked=   0.0min
[HARNESS] metalR gathered=     0 tasked=   0.0min
[HARNESS] meat   gathered=   917 tasked=  21.0min
[HARNESS] utilization=50.0% (tasked 2684.5min of 5372.6min total worker-min)
{
	"playerID": 1,
	"playerState": "won",
	"statistics": {
		"unitsTrained": {
			"total": 716,
			"Cavalry": 0,
			"Champion": 5,
			"Civilian": 301,
			"Domestic": 0,
			"Hero": 0,
			"Infantry": 400,
			"Ship": 0,
			"Siege": 0,
			"Trader": 0,
			"Unit": 716,
			"Worker": 696
		},
		"unitsLost": {
			"total": 0,
			"Cavalry": 1,
			"Champion": 5,
			"Civilian": 141,
			"Hero": 0,
			"Infantry": 386,
			"Ship": 0,
			"Siege": 0,
			"Trader": 0,
			"Unit": 538,
			"Worker": 522
		},
		"unitsLostValue": 47700,
		"enemyUnitsKilled": {
			"total": 0,
			"Cavalry": 43,
			"Champion": 12,
			"Civilian": 6,
			"Hero": 0,
			"Infantry": 447,
			"Ship": 0,
			"Siege": 4,
			"Trader": 0,
			"Unit": 500,
			"Worker": 447
		},
		"enemyUnitsKilledValue": 55150,
		"unitsCaptured": {
			"total": 0,
			"Cavalry": 0,
			"Champion": 0,
			"Civilian": 0,
			"Hero": 0,
			"Infantry": 0,
			"Ship": 0,
			"Siege": 0,
			"Trader": 0,
			"Unit": 0,
			"Worker": 0
		},
		"unitsCapturedValue": 0,
		"buildingsConstructed": {
			"total": 108,
			"Economic": 26,
			"CivCentre": 0,
			"Fortress": 0,
			"House": 46,
			"Military": 4,
			"Outpost": 0,
			"Structure": 108,
			"Wonder": 0
		},
		"buildingsLost": {
			"total": 0,
			"Economic": 6,
			"CivCentre": 0,
			"Fortress": 0,
			"House": 3,
			"Military": 0,
			"Outpost": 0,
			"Structure": 13,
			"Wonder": 0
		},
		"buildingsLostValue": 1325,
		"enemyBuildingsDestroyed": {
			"total": 0,
			"Economic": 0,
			"CivCentre": 0,
			"Fortress": 0,
			"House": 0,
			"Military": 0,
			"Outpost": 0,
			"Structure": 0,
			"Wonder": 0
		},
		"enemyBuildingsDestroyedValue": 0,
		"buildingsCaptured": {
			"total": 0,
			"Economic": 0,
			"CivCentre": 0,
			"Fortress": 0,
			"House": 0,
			"Military": 0,
			"Outpost": 0,
			"Structure": 0,
			"Wonder": 0
		},
		"buildingsCapturedValue": 0,
		"resourcesCount": {
			"food": 696,
			"wood": 2969,
			"stone": 1071,
			"metal": 902
		},
		"resourcesGathered": {
			"vegetarianFood": 37414,
			"food": 38334,
			"wood": 35814,
			"stone": 1648,
			"metal": 1682
		},
		"resourcesUsed": {
			"food": 39350,
			"wood": 34634,
			"stone": 700,
			"metal": 1250
		},
		"resourcesSold": {
			"food": 0,
			"wood": 0,
			"stone": 0,
			"metal": 0
		},
		"resourcesBought": {
			"food": 0,
			"wood": 0,
			"stone": 0,
			"metal": 0
		},
		"tributesSent": 0,
		"tributesReceived": 0,
		"tradeIncome": 0,
		"treasuresCollected": 0,
		"lootCollected": 6207,
		"populationCount": 195,
		"percentMapExplored": 42,
		"teamPercentMapExplored": 42,
		"percentMapControlled": 16,
		"teamPercentMapControlled": 16,
		"peakPercentMapControlled": 16,
		"teamPeakPercentMapControlled": 16,
		"successfulBribes": 0,
		"failedBribes": 0
	}
}
{
	"playerID": 2,
	"playerState": "defeated",
	"statistics": {
		"unitsTrained": {
			"total": 580,
			"Cavalry": 45,
			"Champion": 18,
			"Civilian": 33,
			"Domestic": 0,
			"Hero": 0,
			"Infantry": 489,
			"Ship": 0,
			"Siege": 8,
			"Trader": 5,
			"Unit": 580,
			"Worker": 513
		},
		"unitsLost": {
			"total": 0,
			"Cavalry": 43,
			"Champion": 12,
			"Civilian": 6,
			"Hero": 0,
			"Infantry": 447,
			"Ship": 0,
			"Siege": 4,
			"Trader": 0,
			"Unit": 500,
			"Worker": 447
		},
		"unitsLostValue": 55150,
		"enemyUnitsKilled": {
			"total": 0,
			"Cavalry": 1,
			"Champion": 5,
			"Civilian": 141,
			"Hero": 0,
			"Infantry": 386,
			"Ship": 0,
			"Siege": 0,
			"Trader": 0,
			"Unit": 538,
			"Worker": 522
		},
		"enemyUnitsKilledValue": 47700,
		"unitsCaptured": {
			"total": 0,
			"Cavalry": 0,
			"Champion": 0,
			"Civilian": 0,
			"Hero": 0,
			"Infantry": 0,
			"Ship": 0,
			"Siege": 0,
			"Trader": 0,
			"Unit": 0,
			"Worker": 0
		},
		"unitsCapturedValue": 0,
		"buildingsConstructed": {
			"total": 58,
			"Economic": 11,
			"CivCentre": 2,
			"Fortress": 1,
			"House": 16,
			"Military": 7,
			"Outpost": 0,
			"Structure": 58,
			"Wonder": 0
		},
		"buildingsLost": {
			"total": 0,
			"Economic": 0,
			"CivCentre": 0,
			"Fortress": 0,
			"House": 0,
			"Military": 0,
			"Outpost": 0,
			"Structure": 0,
			"Wonder": 0
		},
		"buildingsLostValue": 0,
		"enemyBuildingsDestroyed": {
			"total": 0,
			"Economic": 4,
			"CivCentre": 0,
			"Fortress": 0,
			"House": 3,
			"Military": 0,
			"Outpost": 0,
			"Structure": 10,
			"Wonder": 0
		},
		"enemyBuildingsDestroyedValue": 1025,
		"buildingsCaptured": {
			"total": 0,
			"Economic": 2,
			"CivCentre": 0,
			"Fortress": 0,
			"House": 0,
			"Military": 0,
			"Outpost": 0,
			"Structure": 3,
			"Wonder": 0
		},
		"buildingsCapturedValue": 300,
		"resourcesCount": {
			"food": 845,
			"wood": 751,
			"stone": 588,
			"metal": 415
		},
		"resourcesGathered": {
			"vegetarianFood": 39286,
			"food": 41066,
			"wood": 43125,
			"stone": 6283,
			"metal": 11498
		},
		"resourcesUsed": {
			"food": 44820,
			"wood": 45975,
			"stone": 6630,
			"metal": 12120
		},
		"resourcesSold": {
			"food": 0,
			"wood": 800,
			"stone": 500,
			"metal": 800
		},
		"resourcesBought": {
			"food": 558,
			"wood": 464,
			"stone": 323,
			"metal": 326
		},
		"tributesSent": 0,
		"tributesReceived": 0,
		"tradeIncome": 2085,
		"treasuresCollected": 0,
		"lootCollected": 6053,
		"populationCount": 0,
		"percentMapExplored": 83,
		"teamPercentMapExplored": 83,
		"percentMapControlled": 0,
		"teamPercentMapControlled": 0,
		"peakPercentMapControlled": 64,
		"teamPeakPercentMapControlled": 64,
		"successfulBribes": 0,
		"failedBribes": 0
	}
}
Turn 13499 (200)...
FILES| Replay metadata written to '/home/louis/.local/share/kiln-runner/runs/b29df24d44c4a18025d455dc65899bb7/home/.local/share/0ad/replays/0.28.0/2026-09-10_0001/metadata.json'
TIMER TOTALS (7 clients)
-----------------------------------------------------
  xml_validation: 108.624 Mc (172x)
  tc_ShaderValidation: 0 c (0x)
  tc_pool_alloc: 0 c (0x)
  tc_transform: 0 c (0x)
  tc_plain_transform: 0 c (0x)
  tc_dds_transform: 0 c (0x)
  tc_png_decode: 0 c (0x)
-----------------------------------------------------
