FILES| Main log written to '/home/louis/.local/share/kiln-runner/runs/22a364f03401a5e1c7150aaa0bb5d419/home/.local/state/0ad/log/mainlog_1789025812_627755.html'
FILES| Interesting log written to '/home/louis/.local/share/kiln-runner/runs/22a364f03401a5e1c7150aaa0bb5d419/home/.local/state/0ad/log/interestinglog_1789025812_627755.html'
FILES| Replay written to '/home/louis/.local/share/kiln-runner/runs/22a364f03401a5e1c7150aaa0bb5d419/home/.local/share/0ad/replays/0.28.0/2026-09-10_0001'
Setting biome generic/temperate.
Creating playerbases... 0.007646s.
Creating bumps... 0.041737s.
Creating mountains... 0.012716s.
Creating forests... 0.039689s.
Creating dirt patches... 0.009036s.
Creating grass patches... 0.005108s.
Creating metal mines... 0.002251s.
Creating stone mines... 0.000805s.
Creating decoration... 0.004330s.
Creating food... 0.000527s.
Creating food... 0.000333s.
Creating straggler trees... 0.017347s.
Total map generation time: 0.143697s.
Total entities: 1750, Terrain entities: 1126, Textures: 9.
[KILN] in-game limit set to 45 minutes from harness.json
[HARNESS] brennus: loaded for player 1
GAME STARTED, ALL INIT COMPLETE
[HUNT] t=0.00m target gaia/fauna_chicken collect at 645,234 dist=38
[HARNESS] t=0.00m placement angle=135.0°
[HARNESS] t=0.0m phase=phase_village
[HARNESS] t=0m pop=9/20 idle=9 starved=0 gatherers food=0 wood=0 stone=0 metal=0 houses=0 fields=0 town=0 techs=0/10 rates wood=- grain=- fruit=- stone=- metal=- foodmix fruit=0 grain=0 meat=0 dist wood=-m grain=-m fruit=-m founds=0 failedSpots=0 fruitStock=200 enemyArmy=5 siege=0 enemyNear=516m army=0 gar=0 demob=0 terr=- stock 300/300/300/300
Turn 0 (200)...
Turn 1 (200)...
Turn 2 (200)...
Turn 3 (200)...
Turn 4 (200)...
[HARNESS] t=0.0m farmstead at 631,175 for next fruit patch 620,170 (stock 200)
Turn 5 (200)...
Turn 6 (200)...
Turn 7 (200)...
Turn 8 (200)...
Turn 9 (200)...
[HARNESS] t=0.0m storehouse at 615,242 for wood 607,236 (2 underserved + 2 frontier, mass 1000)
Turn 10 (200)...
Turn 11 (200)...
Turn 12 (200)...
Turn 13 (200)...
Turn 14 (200)...
[HARNESS] t=0.1m rush-building storehouse at 615,242 (8 wood choppers)
Turn 15 (200)...
Turn 16 (200)...
Turn 17 (200)...
Turn 18 (200)...
Turn 19 (200)...
[HARNESS] t=0.1m rush-building storehouse at 615,242 (8 wood choppers)
Turn 20 (200)...
Turn 21 (200)...
Turn 22 (200)...
Turn 23 (200)...
Turn 24 (200)...
[HARNESS] t=0.1m rush-building storehouse at 615,242 (8 wood choppers)
Turn 25 (200)...
Turn 26 (200)...
Turn 27 (200)...
Turn 28 (200)...
Turn 29 (200)...
[HUNT] t=0.10m adopted carcass resource|gaia/fauna_chicken at 645,234 mode=collect dropDist=38
[HUNT] t=0.10m carcass resource|gaia/fauna_chicken at 645,234 mode=collect inTerr=true dropDist=38
[HARNESS] t=0.1m rush-building storehouse at 615,242 (8 wood choppers)
Turn 30 (200)...
Turn 31 (200)...
Turn 32 (200)...
Turn 33 (200)...
Turn 34 (200)...
[HARNESS] t=0.1m rush-building storehouse at 615,242 (8 wood choppers)
Turn 35 (200)...
Turn 36 (200)...
Turn 37 (200)...
Turn 38 (200)...
Turn 39 (200)...
[HARNESS] t=0.1m rush-building storehouse at 615,242 (8 wood choppers)
Turn 40 (200)...
Turn 41 (200)...
Turn 42 (200)...
Turn 43 (200)...
Turn 44 (200)...
[HARNESS] t=0.2m rush-building storehouse at 615,242 (8 wood choppers)
Turn 45 (200)...
Turn 46 (200)...
Turn 47 (200)...
Turn 48 (200)...
Turn 49 (200)...
[HARNESS] t=0.2m rush-building storehouse at 615,242 (8 wood choppers)
Turn 50 (200)...
Turn 51 (200)...
Turn 52 (200)...
Turn 53 (200)...
Turn 54 (200)...
[HARNESS] t=0.2m rush-building storehouse at 615,242 (8 wood choppers)
Turn 55 (200)...
Turn 56 (200)...
Turn 57 (200)...
Turn 58 (200)...
Turn 59 (200)...
[HARNESS] t=0.2m rush-building storehouse at 615,242 (8 wood choppers)
Turn 60 (200)...
Turn 61 (200)...
Turn 62 (200)...
Turn 63 (200)...
Turn 64 (200)...
[HARNESS] t=0.2m rush-building storehouse at 615,242 (8 wood choppers)
Turn 65 (200)...
Turn 66 (200)...
Turn 67 (200)...
Turn 68 (200)...
Turn 69 (200)...
[HARNESS] t=0.2m rush-building storehouse at 615,242 (8 wood choppers)
Turn 70 (200)...
Turn 71 (200)...
Turn 72 (200)...
Turn 73 (200)...
Turn 74 (200)...
[HARNESS] t=0.3m rush-building storehouse at 615,242 (8 wood choppers)
Turn 75 (200)...
Turn 76 (200)...
Turn 77 (200)...
Turn 78 (200)...
Turn 79 (200)...
[HARNESS] t=0.3m rush-building storehouse at 615,242 (8 wood choppers)
Turn 80 (200)...
Turn 81 (200)...
Turn 82 (200)...
Turn 83 (200)...
Turn 84 (200)...
[HUNT] t=0.29m target gaia/fauna_chicken collect at 647,302 dist=40
[HARNESS] t=0.3m rush-building storehouse at 615,242 (8 wood choppers)
Turn 85 (200)...
Turn 86 (200)...
Turn 87 (200)...
Turn 88 (200)...
Turn 89 (200)...
[HARNESS] t=0.3m rush-building storehouse at 615,242 (8 wood choppers)
Turn 90 (200)...
Turn 91 (200)...
Turn 92 (200)...
Turn 93 (200)...
Turn 94 (200)...
Turn 95 (200)...
Turn 96 (200)...
Turn 97 (200)...
Turn 98 (200)...
Turn 99 (200)...
Turn 100 (200)...
Turn 101 (200)...
Turn 102 (200)...
Turn 103 (200)...
Turn 104 (200)...
Turn 105 (200)...
Turn 106 (200)...
Turn 107 (200)...
Turn 108 (200)...
Turn 109 (200)...
Turn 110 (200)...
Turn 111 (200)...
Turn 112 (200)...
Turn 113 (200)...
Turn 114 (200)...
[HUNT] t=0.39m adopted carcass resource|gaia/fauna_chicken at 647,302 mode=collect dropDist=20
[HUNT] t=0.39m carcass resource|gaia/fauna_chicken at 647,302 mode=collect inTerr=true dropDist=20
Turn 115 (200)...
Turn 116 (200)...
Turn 117 (200)...
Turn 118 (200)...
Turn 119 (200)...
Turn 120 (200)...
Turn 121 (200)...
Turn 122 (200)...
Turn 123 (200)...
Turn 124 (200)...
Turn 125 (200)...
Turn 126 (200)...
Turn 127 (200)...
Turn 128 (200)...
Turn 129 (200)...
Turn 130 (200)...
Turn 131 (200)...
Turn 132 (200)...
Turn 133 (200)...
Turn 134 (200)...
Turn 135 (200)...
Turn 136 (200)...
Turn 137 (200)...
Turn 138 (200)...
Turn 139 (200)...
Turn 140 (200)...
Turn 141 (200)...
Turn 142 (200)...
Turn 143 (200)...
Turn 144 (200)...
Turn 145 (200)...
Turn 146 (200)...
Turn 147 (200)...
Turn 148 (200)...
Turn 149 (200)...
Turn 150 (200)...
Turn 151 (200)...
Turn 152 (200)...
Turn 153 (200)...
Turn 154 (200)...
Turn 155 (200)...
Turn 156 (200)...
Turn 157 (200)...
Turn 158 (200)...
Turn 159 (200)...
Turn 160 (200)...
Turn 161 (200)...
Turn 162 (200)...
Turn 163 (200)...
Turn 164 (200)...
Turn 165 (200)...
Turn 166 (200)...
Turn 167 (200)...
Turn 168 (200)...
Turn 169 (200)...
[HUNT] t=0.57m target gaia/fauna_chicken collect at 644,303 dist=38
Turn 170 (200)...
Turn 171 (200)...
Turn 172 (200)...
Turn 173 (200)...
Turn 174 (200)...
Turn 175 (200)...
Turn 176 (200)...
Turn 177 (200)...
Turn 178 (200)...
Turn 179 (200)...
[HUNT] t=0.60m adopted carcass resource|gaia/fauna_chicken at 644,303 mode=collect dropDist=23
[HUNT] t=0.60m carcass resource|gaia/fauna_chicken at 644,303 mode=collect inTerr=true dropDist=23
Turn 180 (200)...
Turn 181 (200)...
Turn 182 (200)...
Turn 183 (200)...
Turn 184 (200)...
Turn 185 (200)...
Turn 186 (200)...
Turn 187 (200)...
Turn 188 (200)...
Turn 189 (200)...
Turn 190 (200)...
Turn 191 (200)...
Turn 192 (200)...
Turn 193 (200)...
Turn 194 (200)...
Turn 195 (200)...
Turn 196 (200)...
Turn 197 (200)...
Turn 198 (200)...
Turn 199 (200)...
Turn 200 (200)...
Turn 201 (200)...
Turn 202 (200)...
Turn 203 (200)...
Turn 204 (200)...
Turn 205 (200)...
Turn 206 (200)...
Turn 207 (200)...
Turn 208 (200)...
Turn 209 (200)...
Turn 210 (200)...
Turn 211 (200)...
Turn 212 (200)...
Turn 213 (200)...
Turn 214 (200)...
Turn 215 (200)...
Turn 216 (200)...
Turn 217 (200)...
Turn 218 (200)...
Turn 219 (200)...
Turn 220 (200)...
Turn 221 (200)...
Turn 222 (200)...
Turn 223 (200)...
Turn 224 (200)...
Turn 225 (200)...
Turn 226 (200)...
Turn 227 (200)...
Turn 228 (200)...
Turn 229 (200)...
Turn 230 (200)...
Turn 231 (200)...
Turn 232 (200)...
Turn 233 (200)...
Turn 234 (200)...
Turn 235 (200)...
Turn 236 (200)...
Turn 237 (200)...
Turn 238 (200)...
Turn 239 (200)...
[HUNT] t=0.80m target gaia/fauna_chicken collect at 635,305 dist=37
Turn 240 (200)...
Turn 241 (200)...
Turn 242 (200)...
Turn 243 (200)...
Turn 244 (200)...
Turn 245 (200)...
Turn 246 (200)...
Turn 247 (200)...
Turn 248 (200)...
Turn 249 (200)...
[HUNT] t=0.84m adopted carcass resource|gaia/fauna_chicken at 635,305 mode=collect dropDist=30
[HUNT] t=0.84m carcass resource|gaia/fauna_chicken at 635,305 mode=collect inTerr=true dropDist=30
Turn 250 (200)...
Turn 251 (200)...
Turn 252 (200)...
Turn 253 (200)...
Turn 254 (200)...
Turn 255 (200)...
Turn 256 (200)...
Turn 257 (200)...
Turn 258 (200)...
Turn 259 (200)...
Turn 260 (200)...
Turn 261 (200)...
Turn 262 (200)...
Turn 263 (200)...
Turn 264 (200)...
Turn 265 (200)...
Turn 266 (200)...
Turn 267 (200)...
Turn 268 (200)...
Turn 269 (200)...
Turn 270 (200)...
Turn 271 (200)...
Turn 272 (200)...
Turn 273 (200)...
Turn 274 (200)...
Turn 275 (200)...
Turn 276 (200)...
Turn 277 (200)...
Turn 278 (200)...
Turn 279 (200)...
Turn 280 (200)...
Turn 281 (200)...
Turn 282 (200)...
Turn 283 (200)...
Turn 284 (200)...
Turn 285 (200)...
Turn 286 (200)...
Turn 287 (200)...
Turn 288 (200)...
Turn 289 (200)...
Turn 290 (200)...
Turn 291 (200)...
Turn 292 (200)...
Turn 293 (200)...
Turn 294 (200)...
Turn 295 (200)...
Turn 296 (200)...
Turn 297 (200)...
Turn 298 (200)...
Turn 299 (200)...
Turn 300 (200)...
Turn 301 (200)...
Turn 302 (200)...
Turn 303 (200)...
Turn 304 (200)...
Turn 305 (200)...
Turn 306 (200)...
Turn 307 (200)...
Turn 308 (200)...
Turn 309 (200)...
Turn 310 (200)...
Turn 311 (200)...
Turn 312 (200)...
Turn 313 (200)...
Turn 314 (200)...
Turn 315 (200)...
Turn 316 (200)...
Turn 317 (200)...
Turn 318 (200)...
Turn 319 (200)...
[HUNT] t=1.07m target gaia/fauna_chicken collect at 636,313 dist=45
Turn 320 (200)...
Turn 321 (200)...
Turn 322 (200)...
Turn 323 (200)...
Turn 324 (200)...
Turn 325 (200)...
Turn 326 (200)...
Turn 327 (200)...
Turn 328 (200)...
Turn 329 (200)...
Turn 330 (200)...
Turn 331 (200)...
Turn 332 (200)...
Turn 333 (200)...
Turn 334 (200)...
[HUNT] t=1.12m adopted carcass resource|gaia/fauna_chicken at 636,313 mode=collect dropDist=35
[HUNT] t=1.12m carcass resource|gaia/fauna_chicken at 636,313 mode=collect inTerr=true dropDist=35
Turn 335 (200)...
Turn 336 (200)...
Turn 337 (200)...
Turn 338 (200)...
Turn 339 (200)...
Turn 340 (200)...
Turn 341 (200)...
Turn 342 (200)...
Turn 343 (200)...
Turn 344 (200)...
Turn 345 (200)...
Turn 346 (200)...
Turn 347 (200)...
Turn 348 (200)...
Turn 349 (200)...
Turn 350 (200)...
Turn 351 (200)...
Turn 352 (200)...
Turn 353 (200)...
Turn 354 (200)...
Turn 355 (200)...
Turn 356 (200)...
Turn 357 (200)...
Turn 358 (200)...
Turn 359 (200)...
Turn 360 (200)...
Turn 361 (200)...
Turn 362 (200)...
Turn 363 (200)...
Turn 364 (200)...
Turn 365 (200)...
Turn 366 (200)...
Turn 367 (200)...
Turn 368 (200)...
Turn 369 (200)...
Turn 370 (200)...
Turn 371 (200)...
Turn 372 (200)...
Turn 373 (200)...
Turn 374 (200)...
Turn 375 (200)...
Turn 376 (200)...
Turn 377 (200)...
Turn 378 (200)...
Turn 379 (200)...
Turn 380 (200)...
Turn 381 (200)...
Turn 382 (200)...
Turn 383 (200)...
Turn 384 (200)...
Turn 385 (200)...
Turn 386 (200)...
Turn 387 (200)...
Turn 388 (200)...
Turn 389 (200)...
Turn 390 (200)...
Turn 391 (200)...
Turn 392 (200)...
Turn 393 (200)...
Turn 394 (200)...
Turn 395 (200)...
Turn 396 (200)...
Turn 397 (200)...
Turn 398 (200)...
Turn 399 (200)...
Turn 400 (200)...
Turn 401 (200)...
Turn 402 (200)...
Turn 403 (200)...
Turn 404 (200)...
Turn 405 (200)...
Turn 406 (200)...
Turn 407 (200)...
Turn 408 (200)...
Turn 409 (200)...
Turn 410 (200)...
Turn 411 (200)...
Turn 412 (200)...
Turn 413 (200)...
Turn 414 (200)...
[HUNT] t=1.39m target gaia/fauna_chicken collect at 641,317 dist=51
Turn 415 (200)...
Turn 416 (200)...
Turn 417 (200)...
Turn 418 (200)...
Turn 419 (200)...
Turn 420 (200)...
Turn 421 (200)...
Turn 422 (200)...
Turn 423 (200)...
Turn 424 (200)...
[HUNT] t=1.42m adopted carcass resource|gaia/fauna_chicken at 642,318 mode=collect dropDist=37
[HUNT] t=1.42m carcass resource|gaia/fauna_chicken at 642,318 mode=collect inTerr=true dropDist=37
Turn 425 (200)...
Turn 426 (200)...
Turn 427 (200)...
Turn 428 (200)...
Turn 429 (200)...
Turn 430 (200)...
Turn 431 (200)...
Turn 432 (200)...
Turn 433 (200)...
Turn 434 (200)...
Turn 435 (200)...
Turn 436 (200)...
Turn 437 (200)...
Turn 438 (200)...
Turn 439 (200)...
Turn 440 (200)...
Turn 441 (200)...
Turn 442 (200)...
Turn 443 (200)...
Turn 444 (200)...
Turn 445 (200)...
Turn 446 (200)...
Turn 447 (200)...
Turn 448 (200)...
Turn 449 (200)...
Turn 450 (200)...
Turn 451 (200)...
Turn 452 (200)...
Turn 453 (200)...
Turn 454 (200)...
Turn 455 (200)...
Turn 456 (200)...
Turn 457 (200)...
Turn 458 (200)...
Turn 459 (200)...
Turn 460 (200)...
Turn 461 (200)...
Turn 462 (200)...
Turn 463 (200)...
Turn 464 (200)...
Turn 465 (200)...
Turn 466 (200)...
Turn 467 (200)...
Turn 468 (200)...
Turn 469 (200)...
Turn 470 (200)...
Turn 471 (200)...
Turn 472 (200)...
Turn 473 (200)...
Turn 474 (200)...
Turn 475 (200)...
Turn 476 (200)...
Turn 477 (200)...
Turn 478 (200)...
Turn 479 (200)...
Turn 480 (200)...
Turn 481 (200)...
Turn 482 (200)...
Turn 483 (200)...
Turn 484 (200)...
Turn 485 (200)...
Turn 486 (200)...
Turn 487 (200)...
Turn 488 (200)...
Turn 489 (200)...
Turn 490 (200)...
Turn 491 (200)...
Turn 492 (200)...
Turn 493 (200)...
Turn 494 (200)...
Turn 495 (200)...
Turn 496 (200)...
Turn 497 (200)...
Turn 498 (200)...
Turn 499 (200)...
[HUNT] t=1.67m target gaia/fauna_chicken collect at 643,230 dist=40
Turn 500 (200)...
Turn 501 (200)...
Turn 502 (200)...
Turn 503 (200)...
Turn 504 (200)...
Turn 505 (200)...
Turn 506 (200)...
Turn 507 (200)...
Turn 508 (200)...
Turn 509 (200)...
Turn 510 (200)...
Turn 511 (200)...
Turn 512 (200)...
Turn 513 (200)...
Turn 514 (200)...
Turn 515 (200)...
Turn 516 (200)...
Turn 517 (200)...
Turn 518 (200)...
Turn 519 (200)...
Turn 520 (200)...
Turn 521 (200)...
Turn 522 (200)...
Turn 523 (200)...
Turn 524 (200)...
Turn 525 (200)...
Turn 526 (200)...
Turn 527 (200)...
Turn 528 (200)...
Turn 529 (200)...
Turn 530 (200)...
Turn 531 (200)...
Turn 532 (200)...
Turn 533 (200)...
Turn 534 (200)...
[HUNT] t=1.79m adopted carcass resource|gaia/fauna_chicken at 643,230 mode=collect dropDist=40
[HUNT] t=1.79m carcass resource|gaia/fauna_chicken at 643,230 mode=collect inTerr=true dropDist=40
Turn 535 (200)...
Turn 536 (200)...
Turn 537 (200)...
Turn 538 (200)...
Turn 539 (200)...
Turn 540 (200)...
Turn 541 (200)...
Turn 542 (200)...
Turn 543 (200)...
Turn 544 (200)...
Turn 545 (200)...
Turn 546 (200)...
Turn 547 (200)...
Turn 548 (200)...
Turn 549 (200)...
Turn 550 (200)...
Turn 551 (200)...
Turn 552 (200)...
Turn 553 (200)...
Turn 554 (200)...
Turn 555 (200)...
Turn 556 (200)...
Turn 557 (200)...
Turn 558 (200)...
Turn 559 (200)...
Turn 560 (200)...
Turn 561 (200)...
Turn 562 (200)...
Turn 563 (200)...
Turn 564 (200)...
Turn 565 (200)...
Turn 566 (200)...
Turn 567 (200)...
Turn 568 (200)...
Turn 569 (200)...
Turn 570 (200)...
Turn 571 (200)...
Turn 572 (200)...
Turn 573 (200)...
Turn 574 (200)...
Turn 575 (200)...
Turn 576 (200)...
Turn 577 (200)...
Turn 578 (200)...
Turn 579 (200)...
[HARNESS] t=1.9m research gather_wicker_baskets
Turn 580 (200)...
Turn 581 (200)...
Turn 582 (200)...
Turn 583 (200)...
Turn 584 (200)...
Turn 585 (200)...
Turn 586 (200)...
Turn 587 (200)...
Turn 588 (200)...
Turn 589 (200)...
Turn 590 (200)...
Turn 591 (200)...
Turn 592 (200)...
Turn 593 (200)...
Turn 594 (200)...
Turn 595 (200)...
Turn 596 (200)...
Turn 597 (200)...
Turn 598 (200)...
Turn 599 (200)...
Turn 600 (200)...
Turn 601 (200)...
Turn 602 (200)...
Turn 603 (200)...
Turn 604 (200)...
Turn 605 (200)...
Turn 606 (200)...
Turn 607 (200)...
Turn 608 (200)...
Turn 609 (200)...
Turn 610 (200)...
Turn 611 (200)...
Turn 612 (200)...
Turn 613 (200)...
Turn 614 (200)...
[HUNT] t=2.05m target gaia/fauna_chicken collect at 634,233 dist=36
Turn 615 (200)...
Turn 616 (200)...
Turn 617 (200)...
Turn 618 (200)...
Turn 619 (200)...
Turn 620 (200)...
Turn 621 (200)...
Turn 622 (200)...
Turn 623 (200)...
Turn 624 (200)...
[HUNT] t=2.09m adopted carcass resource|gaia/fauna_chicken at 634,233 mode=collect dropDist=36
[HUNT] t=2.09m carcass resource|gaia/fauna_chicken at 634,233 mode=collect inTerr=true dropDist=36
Turn 625 (200)...
Turn 626 (200)...
Turn 627 (200)...
Turn 628 (200)...
Turn 629 (200)...
Turn 630 (200)...
Turn 631 (200)...
Turn 632 (200)...
Turn 633 (200)...
Turn 634 (200)...
Turn 635 (200)...
Turn 636 (200)...
Turn 637 (200)...
Turn 638 (200)...
Turn 639 (200)...
Turn 640 (200)...
Turn 641 (200)...
Turn 642 (200)...
Turn 643 (200)...
Turn 644 (200)...
Turn 645 (200)...
Turn 646 (200)...
Turn 647 (200)...
Turn 648 (200)...
Turn 649 (200)...
Turn 650 (200)...
Turn 651 (200)...
Turn 652 (200)...
Turn 653 (200)...
Turn 654 (200)...
Turn 655 (200)...
Turn 656 (200)...
Turn 657 (200)...
Turn 658 (200)...
Turn 659 (200)...
Turn 660 (200)...
Turn 661 (200)...
Turn 662 (200)...
Turn 663 (200)...
Turn 664 (200)...
Turn 665 (200)...
Turn 666 (200)...
Turn 667 (200)...
Turn 668 (200)...
Turn 669 (200)...
Turn 670 (200)...
Turn 671 (200)...
Turn 672 (200)...
Turn 673 (200)...
Turn 674 (200)...
Turn 675 (200)...
Turn 676 (200)...
Turn 677 (200)...
Turn 678 (200)...
Turn 679 (200)...
Turn 680 (200)...
Turn 681 (200)...
Turn 682 (200)...
Turn 683 (200)...
Turn 684 (200)...
Turn 685 (200)...
Turn 686 (200)...
Turn 687 (200)...
Turn 688 (200)...
Turn 689 (200)...
[HUNT] t=2.30m target gaia/fauna_chicken collect at 652,235 dist=40
Turn 690 (200)...
Turn 691 (200)...
Turn 692 (200)...
Turn 693 (200)...
Turn 694 (200)...
Turn 695 (200)...
Turn 696 (200)...
Turn 697 (200)...
Turn 698 (200)...
Turn 699 (200)...
Turn 700 (200)...
Turn 701 (200)...
Turn 702 (200)...
Turn 703 (200)...
Turn 704 (200)...
[HUNT] t=2.35m adopted carcass resource|gaia/fauna_chicken at 652,235 mode=collect dropDist=40
[HUNT] t=2.35m carcass resource|gaia/fauna_chicken at 652,235 mode=collect inTerr=true dropDist=40
Turn 705 (200)...
Turn 706 (200)...
Turn 707 (200)...
Turn 708 (200)...
Turn 709 (200)...
Turn 710 (200)...
Turn 711 (200)...
Turn 712 (200)...
Turn 713 (200)...
Turn 714 (200)...
Turn 715 (200)...
Turn 716 (200)...
Turn 717 (200)...
Turn 718 (200)...
Turn 719 (200)...
Turn 720 (200)...
Turn 721 (200)...
Turn 722 (200)...
Turn 723 (200)...
Turn 724 (200)...
Turn 725 (200)...
Turn 726 (200)...
Turn 727 (200)...
Turn 728 (200)...
Turn 729 (200)...
Turn 730 (200)...
Turn 731 (200)...
Turn 732 (200)...
Turn 733 (200)...
Turn 734 (200)...
Turn 735 (200)...
Turn 736 (200)...
Turn 737 (200)...
Turn 738 (200)...
Turn 739 (200)...
Turn 740 (200)...
Turn 741 (200)...
Turn 742 (200)...
Turn 743 (200)...
Turn 744 (200)...
Turn 745 (200)...
Turn 746 (200)...
Turn 747 (200)...
Turn 748 (200)...
Turn 749 (200)...
[HARNESS] t=3m pop=29/30 idle=0 starved=0 gatherers food=13 wood=10 stone=0 metal=0 houses=2 fields=0 town=0 techs=0/10 rates wood=75% grain=- fruit=89% stone=- metal=- foodmix fruit=735 grain=0 meat=280 dist wood=15m grain=-m fruit=4m founds=1 failedSpots=0 fruitStock=1021 enemyArmy=7 siege=0 enemyNear=433m army=0 gar=0 demob=0 terr=- stock 420/85/300/300
Turn 750 (200)...
Turn 751 (200)...
Turn 752 (200)...
Turn 753 (200)...
Turn 754 (200)...
Turn 755 (200)...
Turn 756 (200)...
Turn 757 (200)...
Turn 758 (200)...
Turn 759 (200)...
Turn 760 (200)...
Turn 761 (200)...
Turn 762 (200)...
Turn 763 (200)...
Turn 764 (200)...
Turn 765 (200)...
Turn 766 (200)...
Turn 767 (200)...
Turn 768 (200)...
Turn 769 (200)...
Turn 770 (200)...
Turn 771 (200)...
Turn 772 (200)...
Turn 773 (200)...
Turn 774 (200)...
Turn 775 (200)...
Turn 776 (200)...
Turn 777 (200)...
Turn 778 (200)...
Turn 779 (200)...
Turn 780 (200)...
Turn 781 (200)...
Turn 782 (200)...
Turn 783 (200)...
Turn 784 (200)...
[HUNT] t=2.62m target gaia/fauna_deer herd at 536,175 dist=131
Turn 785 (200)...
Turn 786 (200)...
Turn 787 (200)...
Turn 788 (200)...
Turn 789 (200)...
Turn 790 (200)...
Turn 791 (200)...
Turn 792 (200)...
Turn 793 (200)...
Turn 794 (200)...
Turn 795 (200)...
Turn 796 (200)...
Turn 797 (200)...
Turn 798 (200)...
Turn 799 (200)...
Turn 800 (200)...
Turn 801 (200)...
Turn 802 (200)...
Turn 803 (200)...
Turn 804 (200)...
Turn 805 (200)...
Turn 806 (200)...
Turn 807 (200)...
Turn 808 (200)...
Turn 809 (200)...
Turn 810 (200)...
Turn 811 (200)...
Turn 812 (200)...
Turn 813 (200)...
Turn 814 (200)...
Turn 815 (200)...
Turn 816 (200)...
Turn 817 (200)...
Turn 818 (200)...
Turn 819 (200)...
Turn 820 (200)...
Turn 821 (200)...
Turn 822 (200)...
Turn 823 (200)...
Turn 824 (200)...
Turn 825 (200)...
Turn 826 (200)...
Turn 827 (200)...
Turn 828 (200)...
Turn 829 (200)...
Turn 830 (200)...
Turn 831 (200)...
Turn 832 (200)...
Turn 833 (200)...
Turn 834 (200)...
Turn 835 (200)...
Turn 836 (200)...
Turn 837 (200)...
Turn 838 (200)...
Turn 839 (200)...
[HUNT] t=2.80m wounded gaia/fauna_deer at 529,169 dropDist=102
Turn 840 (200)...
Turn 841 (200)...
Turn 842 (200)...
Turn 843 (200)...
Turn 844 (200)...
Turn 845 (200)...
Turn 846 (200)...
Turn 847 (200)...
Turn 848 (200)...
Turn 849 (200)...
Turn 850 (200)...
Turn 851 (200)...
Turn 852 (200)...
Turn 853 (200)...
Turn 854 (200)...
Turn 855 (200)...
Turn 856 (200)...
Turn 857 (200)...
Turn 858 (200)...
Turn 859 (200)...
Turn 860 (200)...
Turn 861 (200)...
Turn 862 (200)...
Turn 863 (200)...
Turn 864 (200)...
Turn 865 (200)...
Turn 866 (200)...
Turn 867 (200)...
Turn 868 (200)...
Turn 869 (200)...
Turn 870 (200)...
Turn 871 (200)...
Turn 872 (200)...
Turn 873 (200)...
Turn 874 (200)...
Turn 875 (200)...
Turn 876 (200)...
Turn 877 (200)...
Turn 878 (200)...
Turn 879 (200)...
Turn 880 (200)...
Turn 881 (200)...
Turn 882 (200)...
Turn 883 (200)...
Turn 884 (200)...
Turn 885 (200)...
Turn 886 (200)...
Turn 887 (200)...
Turn 888 (200)...
Turn 889 (200)...
Turn 890 (200)...
Turn 891 (200)...
Turn 892 (200)...
Turn 893 (200)...
Turn 894 (200)...
Turn 895 (200)...
Turn 896 (200)...
Turn 897 (200)...
Turn 898 (200)...
Turn 899 (200)...
Turn 900 (200)...
Turn 901 (200)...
Turn 902 (200)...
Turn 903 (200)...
Turn 904 (200)...
[HUNT] t=3.02m kill gaia/fauna_deer at 608,176 dropDist=23 inTerr=true fleeing=true
Turn 905 (200)...
Turn 906 (200)...
Turn 907 (200)...
Turn 908 (200)...
Turn 909 (200)...
Turn 910 (200)...
Turn 911 (200)...
Turn 912 (200)...
Turn 913 (200)...
Turn 914 (200)...
Turn 915 (200)...
Turn 916 (200)...
Turn 917 (200)...
Turn 918 (200)...
Turn 919 (200)...
Turn 920 (200)...
Turn 921 (200)...
Turn 922 (200)...
Turn 923 (200)...
Turn 924 (200)...
Turn 925 (200)...
Turn 926 (200)...
Turn 927 (200)...
Turn 928 (200)...
Turn 929 (200)...
Turn 930 (200)...
Turn 931 (200)...
Turn 932 (200)...
Turn 933 (200)...
Turn 934 (200)...
Turn 935 (200)...
Turn 936 (200)...
Turn 937 (200)...
Turn 938 (200)...
Turn 939 (200)...
Turn 940 (200)...
Turn 941 (200)...
Turn 942 (200)...
Turn 943 (200)...
Turn 944 (200)...
Turn 945 (200)...
Turn 946 (200)...
Turn 947 (200)...
Turn 948 (200)...
Turn 949 (200)...
Turn 950 (200)...
Turn 951 (200)...
Turn 952 (200)...
Turn 953 (200)...
Turn 954 (200)...
Turn 955 (200)...
Turn 956 (200)...
Turn 957 (200)...
Turn 958 (200)...
Turn 959 (200)...
Turn 960 (200)...
Turn 961 (200)...
Turn 962 (200)...
Turn 963 (200)...
Turn 964 (200)...
Turn 965 (200)...
Turn 966 (200)...
Turn 967 (200)...
Turn 968 (200)...
Turn 969 (200)...
[HARNESS] t=3.2m wood storehouse gated at 614,208 (mass 474, ccDist 61m)
[HARNESS] t=3.2m farmstead at 667,200 for fruit 656,195 (3 underserved)
Turn 970 (200)...
Turn 971 (200)...
Turn 972 (200)...
Turn 973 (200)...
Turn 974 (200)...
Turn 975 (200)...
Turn 976 (200)...
Turn 977 (200)...
Turn 978 (200)...
Turn 979 (200)...
Turn 980 (200)...
Turn 981 (200)...
Turn 982 (200)...
Turn 983 (200)...
Turn 984 (200)...
Turn 985 (200)...
Turn 986 (200)...
Turn 987 (200)...
Turn 988 (200)...
Turn 989 (200)...
Turn 990 (200)...
Turn 991 (200)...
Turn 992 (200)...
Turn 993 (200)...
Turn 994 (200)...
Turn 995 (200)...
Turn 996 (200)...
Turn 997 (200)...
Turn 998 (200)...
Turn 999 (200)...
Turn 1000 (200)...
Turn 1001 (200)...
Turn 1002 (200)...
Turn 1003 (200)...
Turn 1004 (200)...
Turn 1005 (200)...
Turn 1006 (200)...
Turn 1007 (200)...
Turn 1008 (200)...
Turn 1009 (200)...
[HUNT] t=3.37m adopted carcass resource|gaia/fauna_deer at 618,167 mode=herd dropDist=15
[HUNT] t=3.37m carcass resource|gaia/fauna_deer at 618,167 mode=herd inTerr=true dropDist=15
[HUNT] t=3.37m target gaia/fauna_deer herd at 531,180 dist=131
Turn 1010 (200)...
Turn 1011 (200)...
Turn 1012 (200)...
Turn 1013 (200)...
Turn 1014 (200)...
Turn 1015 (200)...
Turn 1016 (200)...
Turn 1017 (200)...
Turn 1018 (200)...
Turn 1019 (200)...
Turn 1020 (200)...
Turn 1021 (200)...
Turn 1022 (200)...
Turn 1023 (200)...
Turn 1024 (200)...
Turn 1025 (200)...
Turn 1026 (200)...
Turn 1027 (200)...
Turn 1028 (200)...
Turn 1029 (200)...
Turn 1030 (200)...
Turn 1031 (200)...
Turn 1032 (200)...
Turn 1033 (200)...
Turn 1034 (200)...
Turn 1035 (200)...
Turn 1036 (200)...
Turn 1037 (200)...
Turn 1038 (200)...
Turn 1039 (200)...
[HARNESS] t=3.5m farmstead at 526,290 for next fruit patch 515,285 (stock 399)
Turn 1040 (200)...
Turn 1041 (200)...
Turn 1042 (200)...
Turn 1043 (200)...
Turn 1044 (200)...
[HUNT] t=3.49m wounded gaia/fauna_deer at 533,178 dropDist=98
Turn 1045 (200)...
Turn 1046 (200)...
Turn 1047 (200)...
Turn 1048 (200)...
Turn 1049 (200)...
Turn 1050 (200)...
Turn 1051 (200)...
Turn 1052 (200)...
Turn 1053 (200)...
Turn 1054 (200)...
Turn 1055 (200)...
Turn 1056 (200)...
Turn 1057 (200)...
Turn 1058 (200)...
Turn 1059 (200)...
Turn 1060 (200)...
Turn 1061 (200)...
Turn 1062 (200)...
Turn 1063 (200)...
Turn 1064 (200)...
Turn 1065 (200)...
Turn 1066 (200)...
Turn 1067 (200)...
Turn 1068 (200)...
Turn 1069 (200)...
Turn 1070 (200)...
Turn 1071 (200)...
Turn 1072 (200)...
Turn 1073 (200)...
Turn 1074 (200)...
Turn 1075 (200)...
Turn 1076 (200)...
Turn 1077 (200)...
Turn 1078 (200)...
Turn 1079 (200)...
Turn 1080 (200)...
Turn 1081 (200)...
Turn 1082 (200)...
Turn 1083 (200)...
Turn 1084 (200)...
Turn 1085 (200)...
Turn 1086 (200)...
Turn 1087 (200)...
Turn 1088 (200)...
Turn 1089 (200)...
Turn 1090 (200)...
Turn 1091 (200)...
Turn 1092 (200)...
Turn 1093 (200)...
Turn 1094 (200)...
Turn 1095 (200)...
Turn 1096 (200)...
Turn 1097 (200)...
Turn 1098 (200)...
Turn 1099 (200)...
Turn 1100 (200)...
Turn 1101 (200)...
Turn 1102 (200)...
Turn 1103 (200)...
Turn 1104 (200)...
Turn 1105 (200)...
Turn 1106 (200)...
Turn 1107 (200)...
Turn 1108 (200)...
Turn 1109 (200)...
[HUNT] t=3.70m kill gaia/fauna_deer at 609,167 dropDist=23 inTerr=true fleeing=true
Turn 1110 (200)...
Turn 1111 (200)...
Turn 1112 (200)...
Turn 1113 (200)...
Turn 1114 (200)...
Turn 1115 (200)...
Turn 1116 (200)...
Turn 1117 (200)...
Turn 1118 (200)...
Turn 1119 (200)...
Turn 1120 (200)...
Turn 1121 (200)...
Turn 1122 (200)...
Turn 1123 (200)...
Turn 1124 (200)...
Turn 1125 (200)...
Turn 1126 (200)...
Turn 1127 (200)...
Turn 1128 (200)...
Turn 1129 (200)...
Turn 1130 (200)...
Turn 1131 (200)...
Turn 1132 (200)...
Turn 1133 (200)...
Turn 1134 (200)...
Turn 1135 (200)...
Turn 1136 (200)...
Turn 1137 (200)...
Turn 1138 (200)...
Turn 1139 (200)...
Turn 1140 (200)...
Turn 1141 (200)...
Turn 1142 (200)...
Turn 1143 (200)...
Turn 1144 (200)...
[HUNT] t=3.82m adopted carcass resource|gaia/fauna_deer at 628,163 mode=herd dropDist=12
[HUNT] t=3.82m carcass resource|gaia/fauna_deer at 628,163 mode=herd inTerr=true dropDist=12
[HUNT] t=3.82m target gaia/fauna_deer herd at 518,202 dist=128
Turn 1145 (200)...
Turn 1146 (200)...
Turn 1147 (200)...
Turn 1148 (200)...
Turn 1149 (200)...
Turn 1150 (200)...
Turn 1151 (200)...
Turn 1152 (200)...
Turn 1153 (200)...
Turn 1154 (200)...
Turn 1155 (200)...
Turn 1156 (200)...
Turn 1157 (200)...
Turn 1158 (200)...
Turn 1159 (200)...
Turn 1160 (200)...
Turn 1161 (200)...
Turn 1162 (200)...
Turn 1163 (200)...
Turn 1164 (200)...
Turn 1165 (200)...
Turn 1166 (200)...
Turn 1167 (200)...
Turn 1168 (200)...
Turn 1169 (200)...
Turn 1170 (200)...
Turn 1171 (200)...
Turn 1172 (200)...
Turn 1173 (200)...
Turn 1174 (200)...
Turn 1175 (200)...
Turn 1176 (200)...
Turn 1177 (200)...
Turn 1178 (200)...
Turn 1179 (200)...
Turn 1180 (200)...
Turn 1181 (200)...
Turn 1182 (200)...
Turn 1183 (200)...
Turn 1184 (200)...
Turn 1185 (200)...
Turn 1186 (200)...
Turn 1187 (200)...
Turn 1188 (200)...
Turn 1189 (200)...
[HUNT] t=3.97m wounded gaia/fauna_deer at 520,205 dropDist=85
Turn 1190 (200)...
Turn 1191 (200)...
Turn 1192 (200)...
Turn 1193 (200)...
Turn 1194 (200)...
Turn 1195 (200)...
Turn 1196 (200)...
Turn 1197 (200)...
Turn 1198 (200)...
Turn 1199 (200)...
Turn 1200 (200)...
Turn 1201 (200)...
Turn 1202 (200)...
Turn 1203 (200)...
Turn 1204 (200)...
Turn 1205 (200)...
Turn 1206 (200)...
Turn 1207 (200)...
Turn 1208 (200)...
Turn 1209 (200)...
Turn 1210 (200)...
Turn 1211 (200)...
Turn 1212 (200)...
Turn 1213 (200)...
Turn 1214 (200)...
Turn 1215 (200)...
Turn 1216 (200)...
Turn 1217 (200)...
Turn 1218 (200)...
Turn 1219 (200)...
Turn 1220 (200)...
Turn 1221 (200)...
Turn 1222 (200)...
Turn 1223 (200)...
Turn 1224 (200)...
Turn 1225 (200)...
Turn 1226 (200)...
Turn 1227 (200)...
Turn 1228 (200)...
Turn 1229 (200)...
Turn 1230 (200)...
Turn 1231 (200)...
Turn 1232 (200)...
Turn 1233 (200)...
Turn 1234 (200)...
Turn 1235 (200)...
Turn 1236 (200)...
Turn 1237 (200)...
Turn 1238 (200)...
Turn 1239 (200)...
Turn 1240 (200)...
Turn 1241 (200)...
Turn 1242 (200)...
Turn 1243 (200)...
Turn 1244 (200)...
[HUNT] t=4.15m kill gaia/fauna_deer at 530,270 dropDist=20 inTerr=true fleeing=true
Turn 1245 (200)...
Turn 1246 (200)...
Turn 1247 (200)...
Turn 1248 (200)...
Turn 1249 (200)...
Turn 1250 (200)...
Turn 1251 (200)...
Turn 1252 (200)...
Turn 1253 (200)...
Turn 1254 (200)...
Turn 1255 (200)...
Turn 1256 (200)...
Turn 1257 (200)...
Turn 1258 (200)...
Turn 1259 (200)...
Turn 1260 (200)...
Turn 1261 (200)...
Turn 1262 (200)...
Turn 1263 (200)...
Turn 1264 (200)...
Turn 1265 (200)...
Turn 1266 (200)...
Turn 1267 (200)...
Turn 1268 (200)...
Turn 1269 (200)...
Turn 1270 (200)...
Turn 1271 (200)...
Turn 1272 (200)...
Turn 1273 (200)...
Turn 1274 (200)...
Turn 1275 (200)...
Turn 1276 (200)...
Turn 1277 (200)...
Turn 1278 (200)...
Turn 1279 (200)...
[HUNT] t=4.27m adopted carcass resource|gaia/fauna_deer at 538,288 mode=herd dropDist=12
[HUNT] t=4.27m carcass resource|gaia/fauna_deer at 538,288 mode=herd inTerr=true dropDist=12
[HUNT] t=4.27m target gaia/fauna_deer herd at 521,195 dist=130
Turn 1280 (200)...
Turn 1281 (200)...
Turn 1282 (200)...
Turn 1283 (200)...
Turn 1284 (200)...
Turn 1285 (200)...
Turn 1286 (200)...
Turn 1287 (200)...
Turn 1288 (200)...
Turn 1289 (200)...
Turn 1290 (200)...
Turn 1291 (200)...
Turn 1292 (200)...
Turn 1293 (200)...
Turn 1294 (200)...
Turn 1295 (200)...
Turn 1296 (200)...
Turn 1297 (200)...
Turn 1298 (200)...
Turn 1299 (200)...
Turn 1300 (200)...
Turn 1301 (200)...
Turn 1302 (200)...
Turn 1303 (200)...
Turn 1304 (200)...
Turn 1305 (200)...
Turn 1306 (200)...
Turn 1307 (200)...
Turn 1308 (200)...
Turn 1309 (200)...
Turn 1310 (200)...
Turn 1311 (200)...
Turn 1312 (200)...
Turn 1313 (200)...
Turn 1314 (200)...
Turn 1315 (200)...
Turn 1316 (200)...
Turn 1317 (200)...
Turn 1318 (200)...
Turn 1319 (200)...
Turn 1320 (200)...
Turn 1321 (200)...
Turn 1322 (200)...
Turn 1323 (200)...
Turn 1324 (200)...
[HUNT] t=4.42m wounded gaia/fauna_deer at 520,198 dropDist=92
Turn 1325 (200)...
Turn 1326 (200)...
Turn 1327 (200)...
Turn 1328 (200)...
Turn 1329 (200)...
Turn 1330 (200)...
Turn 1331 (200)...
Turn 1332 (200)...
Turn 1333 (200)...
Turn 1334 (200)...
Turn 1335 (200)...
Turn 1336 (200)...
Turn 1337 (200)...
Turn 1338 (200)...
Turn 1339 (200)...
Turn 1340 (200)...
Turn 1341 (200)...
Turn 1342 (200)...
Turn 1343 (200)...
Turn 1344 (200)...
Turn 1345 (200)...
Turn 1346 (200)...
Turn 1347 (200)...
Turn 1348 (200)...
Turn 1349 (200)...
Turn 1350 (200)...
Turn 1351 (200)...
Turn 1352 (200)...
Turn 1353 (200)...
Turn 1354 (200)...
Turn 1355 (200)...
Turn 1356 (200)...
Turn 1357 (200)...
Turn 1358 (200)...
Turn 1359 (200)...
Turn 1360 (200)...
Turn 1361 (200)...
Turn 1362 (200)...
Turn 1363 (200)...
Turn 1364 (200)...
Turn 1365 (200)...
Turn 1366 (200)...
Turn 1367 (200)...
Turn 1368 (200)...
Turn 1369 (200)...
Turn 1370 (200)...
Turn 1371 (200)...
Turn 1372 (200)...
Turn 1373 (200)...
Turn 1374 (200)...
Turn 1375 (200)...
Turn 1376 (200)...
Turn 1377 (200)...
Turn 1378 (200)...
Turn 1379 (200)...
Turn 1380 (200)...
Turn 1381 (200)...
Turn 1382 (200)...
Turn 1383 (200)...
Turn 1384 (200)...
Turn 1385 (200)...
Turn 1386 (200)...
Turn 1387 (200)...
Turn 1388 (200)...
Turn 1389 (200)...
[HUNT] t=4.64m kill gaia/fauna_deer at 527,273 dropDist=17 inTerr=true fleeing=true
Turn 1390 (200)...
Turn 1391 (200)...
Turn 1392 (200)...
Turn 1393 (200)...
Turn 1394 (200)...
Turn 1395 (200)...
Turn 1396 (200)...
Turn 1397 (200)...
Turn 1398 (200)...
Turn 1399 (200)...
Turn 1400 (200)...
Turn 1401 (200)...
Turn 1402 (200)...
Turn 1403 (200)...
Turn 1404 (200)...
Turn 1405 (200)...
Turn 1406 (200)...
Turn 1407 (200)...
Turn 1408 (200)...
Turn 1409 (200)...
Turn 1410 (200)...
Turn 1411 (200)...
Turn 1412 (200)...
Turn 1413 (200)...
Turn 1414 (200)...
Turn 1415 (200)...
Turn 1416 (200)...
Turn 1417 (200)...
Turn 1418 (200)...
Turn 1419 (200)...
Turn 1420 (200)...
Turn 1421 (200)...
Turn 1422 (200)...
Turn 1423 (200)...
Turn 1424 (200)...
Turn 1425 (200)...
Turn 1426 (200)...
Turn 1427 (200)...
Turn 1428 (200)...
Turn 1429 (200)...
Turn 1430 (200)...
Turn 1431 (200)...
Turn 1432 (200)...
Turn 1433 (200)...
Turn 1434 (200)...
Turn 1435 (200)...
Turn 1436 (200)...
Turn 1437 (200)...
Turn 1438 (200)...
Turn 1439 (200)...
Turn 1440 (200)...
Turn 1441 (200)...
Turn 1442 (200)...
Turn 1443 (200)...
Turn 1444 (200)...
[HUNT] t=4.82m adopted carcass resource|gaia/fauna_deer at 550,295 mode=herd dropDist=25
[HUNT] t=4.82m carcass resource|gaia/fauna_deer at 550,295 mode=herd inTerr=true dropDist=25
[HUNT] t=4.82m target gaia/fauna_deer herd at 500,186 dist=152
Turn 1445 (200)...
Turn 1446 (200)...
Turn 1447 (200)...
Turn 1448 (200)...
Turn 1449 (200)...
Turn 1450 (200)...
Turn 1451 (200)...
Turn 1452 (200)...
Turn 1453 (200)...
Turn 1454 (200)...
Turn 1455 (200)...
Turn 1456 (200)...
Turn 1457 (200)...
Turn 1458 (200)...
Turn 1459 (200)...
Turn 1460 (200)...
Turn 1461 (200)...
Turn 1462 (200)...
Turn 1463 (200)...
Turn 1464 (200)...
Turn 1465 (200)...
Turn 1466 (200)...
Turn 1467 (200)...
Turn 1468 (200)...
Turn 1469 (200)...
Turn 1470 (200)...
Turn 1471 (200)...
Turn 1472 (200)...
Turn 1473 (200)...
Turn 1474 (200)...
Turn 1475 (200)...
Turn 1476 (200)...
Turn 1477 (200)...
Turn 1478 (200)...
Turn 1479 (200)...
Turn 1480 (200)...
Turn 1481 (200)...
Turn 1482 (200)...
Turn 1483 (200)...
Turn 1484 (200)...
Turn 1485 (200)...
Turn 1486 (200)...
Turn 1487 (200)...
Turn 1488 (200)...
Turn 1489 (200)...
[HUNT] t=4.97m wounded gaia/fauna_deer at 503,188 dropDist=105
Turn 1490 (200)...
Turn 1491 (200)...
Turn 1492 (200)...
Turn 1493 (200)...
Turn 1494 (200)...
Turn 1495 (200)...
Turn 1496 (200)...
Turn 1497 (200)...
Turn 1498 (200)...
Turn 1499 (200)...
[HARNESS] t=5m pop=54/60 idle=2 starved=0 gatherers food=25 wood=22 stone=0 metal=0 houses=8 fields=2 town=0 techs=1/10 rates wood=58% grain=50% fruit=55% stone=- metal=- foodmix fruit=1294 grain=10 meat=353 dist wood=55m grain=0m fruit=0m founds=2 failedSpots=0 fruitStock=74 enemyArmy=19 siege=0 enemyNear=425m army=0 gar=0 demob=0 terr=- stock 969/46/300/300
[WARNING] t=5m lumberjacks work at mean 55m from the nearest dropsite (>40m) — wood storehouse coverage is failing
Turn 1500 (200)...
Turn 1501 (200)...
Turn 1502 (200)...
Turn 1503 (200)...
Turn 1504 (200)...
Turn 1505 (200)...
Turn 1506 (200)...
Turn 1507 (200)...
Turn 1508 (200)...
Turn 1509 (200)...
Turn 1510 (200)...
Turn 1511 (200)...
Turn 1512 (200)...
Turn 1513 (200)...
Turn 1514 (200)...
Turn 1515 (200)...
Turn 1516 (200)...
Turn 1517 (200)...
Turn 1518 (200)...
Turn 1519 (200)...
Turn 1520 (200)...
Turn 1521 (200)...
Turn 1522 (200)...
Turn 1523 (200)...
Turn 1524 (200)...
Turn 1525 (200)...
Turn 1526 (200)...
Turn 1527 (200)...
Turn 1528 (200)...
Turn 1529 (200)...
Turn 1530 (200)...
Turn 1531 (200)...
Turn 1532 (200)...
Turn 1533 (200)...
Turn 1534 (200)...
Turn 1535 (200)...
Turn 1536 (200)...
Turn 1537 (200)...
Turn 1538 (200)...
Turn 1539 (200)...
Turn 1540 (200)...
Turn 1541 (200)...
Turn 1542 (200)...
Turn 1543 (200)...
Turn 1544 (200)...
Turn 1545 (200)...
Turn 1546 (200)...
Turn 1547 (200)...
Turn 1548 (200)...
Turn 1549 (200)...
[HARNESS] t=5.2m wood storehouse gated at 534,253 (mass 373, ccDist 96m)
[HARNESS] t=5.2m wood storehouse gated at 561,284 (mass 306, ccDist 69m)
Turn 1550 (200)...
Turn 1551 (200)...
Turn 1552 (200)...
Turn 1553 (200)...
Turn 1554 (200)...
[HUNT] t=5.19m adopted carcass resource|gaia/fauna_deer at 524,257 mode=herd dropDist=33
[HUNT] t=5.19m carcass resource|gaia/fauna_deer at 524,257 mode=herd inTerr=true dropDist=33
[HUNT] t=5.19m target gaia/fauna_deer herd at 524,166 dist=146
Turn 1555 (200)...
Turn 1556 (200)...
Turn 1557 (200)...
Turn 1558 (200)...
Turn 1559 (200)...
Turn 1560 (200)...
Turn 1561 (200)...
Turn 1562 (200)...
Turn 1563 (200)...
Turn 1564 (200)...
Turn 1565 (200)...
Turn 1566 (200)...
Turn 1567 (200)...
Turn 1568 (200)...
Turn 1569 (200)...
Turn 1570 (200)...
Turn 1571 (200)...
Turn 1572 (200)...
Turn 1573 (200)...
Turn 1574 (200)...
Turn 1575 (200)...
Turn 1576 (200)...
Turn 1577 (200)...
Turn 1578 (200)...
Turn 1579 (200)...
Turn 1580 (200)...
Turn 1581 (200)...
Turn 1582 (200)...
Turn 1583 (200)...
Turn 1584 (200)...
Turn 1585 (200)...
Turn 1586 (200)...
Turn 1587 (200)...
Turn 1588 (200)...
Turn 1589 (200)...
[HUNT] t=5.30m wounded gaia/fauna_deer at 527,165 dropDist=105
Turn 1590 (200)...
Turn 1591 (200)...
Turn 1592 (200)...
Turn 1593 (200)...
Turn 1594 (200)...
Turn 1595 (200)...
Turn 1596 (200)...
Turn 1597 (200)...
Turn 1598 (200)...
Turn 1599 (200)...
Turn 1600 (200)...
Turn 1601 (200)...
Turn 1602 (200)...
Turn 1603 (200)...
Turn 1604 (200)...
[HARNESS] t=5.4m wood storehouse gated at 695,194 (mass 170, ccDist 100m)
[HARNESS] t=5.4m storehouse at 709,284 for wood 700,279 (5 underserved + 5 frontier, mass 1740)
Turn 1605 (200)...
Turn 1606 (200)...
Turn 1607 (200)...
Turn 1608 (200)...
Turn 1609 (200)...
[HARNESS] t=5.4m rush-building storehouse at 709,284 (8 wood choppers)
Turn 1610 (200)...
Turn 1611 (200)...
Turn 1612 (200)...
Turn 1613 (200)...
Turn 1614 (200)...
Turn 1615 (200)...
Turn 1616 (200)...
Turn 1617 (200)...
Turn 1618 (200)...
Turn 1619 (200)...
Turn 1620 (200)...
Turn 1621 (200)...
Turn 1622 (200)...
Turn 1623 (200)...
Turn 1624 (200)...
Turn 1625 (200)...
Turn 1626 (200)...
Turn 1627 (200)...
Turn 1628 (200)...
Turn 1629 (200)...
Turn 1630 (200)...
Turn 1631 (200)...
Turn 1632 (200)...
Turn 1633 (200)...
Turn 1634 (200)...
Turn 1635 (200)...
Turn 1636 (200)...
Turn 1637 (200)...
Turn 1638 (200)...
Turn 1639 (200)...
Turn 1640 (200)...
Turn 1641 (200)...
Turn 1642 (200)...
Turn 1643 (200)...
Turn 1644 (200)...
Turn 1645 (200)...
Turn 1646 (200)...
Turn 1647 (200)...
Turn 1648 (200)...
Turn 1649 (200)...
Turn 1650 (200)...
Turn 1651 (200)...
Turn 1652 (200)...
Turn 1653 (200)...
Turn 1654 (200)...
Turn 1655 (200)...
Turn 1656 (200)...
Turn 1657 (200)...
Turn 1658 (200)...
Turn 1659 (200)...
Turn 1660 (200)...
Turn 1661 (200)...
Turn 1662 (200)...
Turn 1663 (200)...
Turn 1664 (200)...
[HUNT] t=5.55m kill gaia/fauna_deer at 614,171 dropDist=18 inTerr=true fleeing=true
Turn 1665 (200)...
Turn 1666 (200)...
Turn 1667 (200)...
Turn 1668 (200)...
Turn 1669 (200)...
Turn 1670 (200)...
Turn 1671 (200)...
Turn 1672 (200)...
Turn 1673 (200)...
Turn 1674 (200)...
Turn 1675 (200)...
Turn 1676 (200)...
Turn 1677 (200)...
Turn 1678 (200)...
Turn 1679 (200)...
Turn 1680 (200)...
Turn 1681 (200)...
Turn 1682 (200)...
Turn 1683 (200)...
Turn 1684 (200)...
Turn 1685 (200)...
Turn 1686 (200)...
Turn 1687 (200)...
Turn 1688 (200)...
Turn 1689 (200)...
Turn 1690 (200)...
Turn 1691 (200)...
Turn 1692 (200)...
Turn 1693 (200)...
Turn 1694 (200)...
Turn 1695 (200)...
Turn 1696 (200)...
Turn 1697 (200)...
Turn 1698 (200)...
Turn 1699 (200)...
Turn 1700 (200)...
Turn 1701 (200)...
Turn 1702 (200)...
Turn 1703 (200)...
Turn 1704 (200)...
Turn 1705 (200)...
Turn 1706 (200)...
Turn 1707 (200)...
Turn 1708 (200)...
Turn 1709 (200)...
Turn 1710 (200)...
Turn 1711 (200)...
Turn 1712 (200)...
Turn 1713 (200)...
Turn 1714 (200)...
Turn 1715 (200)...
Turn 1716 (200)...
Turn 1717 (200)...
Turn 1718 (200)...
Turn 1719 (200)...
[HUNT] t=5.74m adopted carcass resource|gaia/fauna_deer at 644,172 mode=herd dropDist=13
[HUNT] t=5.74m carcass resource|gaia/fauna_deer at 644,172 mode=herd inTerr=true dropDist=13
[HUNT] t=5.74m target gaia/fauna_deer herd at 528,158 dist=148
Turn 1720 (200)...
Turn 1721 (200)...
Turn 1722 (200)...
Turn 1723 (200)...
Turn 1724 (200)...
Turn 1725 (200)...
Turn 1726 (200)...
Turn 1727 (200)...
Turn 1728 (200)...
Turn 1729 (200)...
Turn 1730 (200)...
Turn 1731 (200)...
Turn 1732 (200)...
Turn 1733 (200)...
Turn 1734 (200)...
Turn 1735 (200)...
Turn 1736 (200)...
Turn 1737 (200)...
Turn 1738 (200)...
Turn 1739 (200)...
Turn 1740 (200)...
Turn 1741 (200)...
Turn 1742 (200)...
Turn 1743 (200)...
Turn 1744 (200)...
Turn 1745 (200)...
Turn 1746 (200)...
Turn 1747 (200)...
Turn 1748 (200)...
Turn 1749 (200)...
Turn 1750 (200)...
Turn 1751 (200)...
Turn 1752 (200)...
Turn 1753 (200)...
Turn 1754 (200)...
Turn 1755 (200)...
Turn 1756 (200)...
Turn 1757 (200)...
Turn 1758 (200)...
Turn 1759 (200)...
Turn 1760 (200)...
Turn 1761 (200)...
Turn 1762 (200)...
Turn 1763 (200)...
Turn 1764 (200)...
Turn 1765 (200)...
Turn 1766 (200)...
Turn 1767 (200)...
Turn 1768 (200)...
Turn 1769 (200)...
Turn 1770 (200)...
Turn 1771 (200)...
Turn 1772 (200)...
Turn 1773 (200)...
Turn 1774 (200)...
[HUNT] t=5.92m wounded gaia/fauna_deer at 530,171 dropDist=101
Turn 1775 (200)...
Turn 1776 (200)...
Turn 1777 (200)...
Turn 1778 (200)...
Turn 1779 (200)...
Turn 1780 (200)...
Turn 1781 (200)...
Turn 1782 (200)...
Turn 1783 (200)...
Turn 1784 (200)...
Turn 1785 (200)...
Turn 1786 (200)...
Turn 1787 (200)...
Turn 1788 (200)...
Turn 1789 (200)...
Turn 1790 (200)...
Turn 1791 (200)...
Turn 1792 (200)...
Turn 1793 (200)...
Turn 1794 (200)...
Turn 1795 (200)...
Turn 1796 (200)...
Turn 1797 (200)...
Turn 1798 (200)...
Turn 1799 (200)...
Turn 1800 (200)...
Turn 1801 (200)...
Turn 1802 (200)...
Turn 1803 (200)...
Turn 1804 (200)...
Turn 1805 (200)...
Turn 1806 (200)...
Turn 1807 (200)...
Turn 1808 (200)...
Turn 1809 (200)...
Turn 1810 (200)...
Turn 1811 (200)...
Turn 1812 (200)...
Turn 1813 (200)...
Turn 1814 (200)...
Turn 1815 (200)...
Turn 1816 (200)...
Turn 1817 (200)...
Turn 1818 (200)...
Turn 1819 (200)...
Turn 1820 (200)...
Turn 1821 (200)...
Turn 1822 (200)...
Turn 1823 (200)...
Turn 1824 (200)...
Turn 1825 (200)...
Turn 1826 (200)...
Turn 1827 (200)...
Turn 1828 (200)...
Turn 1829 (200)...
Turn 1830 (200)...
Turn 1831 (200)...
Turn 1832 (200)...
Turn 1833 (200)...
Turn 1834 (200)...
Turn 1835 (200)...
Turn 1836 (200)...
Turn 1837 (200)...
Turn 1838 (200)...
Turn 1839 (200)...
[HUNT] t=6.14m kill gaia/fauna_deer at 609,170 dropDist=23 inTerr=true fleeing=true
Turn 1840 (200)...
Turn 1841 (200)...
Turn 1842 (200)...
Turn 1843 (200)...
Turn 1844 (200)...
Turn 1845 (200)...
Turn 1846 (200)...
Turn 1847 (200)...
Turn 1848 (200)...
Turn 1849 (200)...
Turn 1850 (200)...
Turn 1851 (200)...
Turn 1852 (200)...
Turn 1853 (200)...
Turn 1854 (200)...
Turn 1855 (200)...
Turn 1856 (200)...
Turn 1857 (200)...
Turn 1858 (200)...
Turn 1859 (200)...
Turn 1860 (200)...
Turn 1861 (200)...
Turn 1862 (200)...
Turn 1863 (200)...
Turn 1864 (200)...
Turn 1865 (200)...
Turn 1866 (200)...
Turn 1867 (200)...
Turn 1868 (200)...
Turn 1869 (200)...
Turn 1870 (200)...
Turn 1871 (200)...
Turn 1872 (200)...
Turn 1873 (200)...
Turn 1874 (200)...
[HUNT] t=6.25m adopted carcass resource|gaia/fauna_deer at 609,192 mode=herd dropDist=28
[HUNT] t=6.25m carcass resource|gaia/fauna_deer at 609,192 mode=herd inTerr=true dropDist=28
[HUNT] t=6.25m target gaia/fauna_sheep collect at 651,428 dist=162
Turn 1875 (200)...
Turn 1876 (200)...
Turn 1877 (200)...
Turn 1878 (200)...
Turn 1879 (200)...
Turn 1880 (200)...
Turn 1881 (200)...
Turn 1882 (200)...
Turn 1883 (200)...
Turn 1884 (200)...
Turn 1885 (200)...
Turn 1886 (200)...
Turn 1887 (200)...
Turn 1888 (200)...
Turn 1889 (200)...
Turn 1890 (200)...
Turn 1891 (200)...
Turn 1892 (200)...
Turn 1893 (200)...
Turn 1894 (200)...
Turn 1895 (200)...
Turn 1896 (200)...
Turn 1897 (200)...
Turn 1898 (200)...
Turn 1899 (200)...
Turn 1900 (200)...
Turn 1901 (200)...
Turn 1902 (200)...
Turn 1903 (200)...
Turn 1904 (200)...
[THREAT] t=6.4m enemy army=27 siege=0 nearest=390m from home CC
Turn 1905 (200)...
Turn 1906 (200)...
Turn 1907 (200)...
Turn 1908 (200)...
Turn 1909 (200)...
Turn 1910 (200)...
Turn 1911 (200)...
Turn 1912 (200)...
Turn 1913 (200)...
Turn 1914 (200)...
[HARNESS] t=6.4m research unlock_civilians_house_generic
Turn 1915 (200)...
Turn 1916 (200)...
Turn 1917 (200)...
Turn 1918 (200)...
Turn 1919 (200)...
Turn 1920 (200)...
Turn 1921 (200)...
Turn 1922 (200)...
Turn 1923 (200)...
Turn 1924 (200)...
Turn 1925 (200)...
Turn 1926 (200)...
Turn 1927 (200)...
Turn 1928 (200)...
Turn 1929 (200)...
Turn 1930 (200)...
Turn 1931 (200)...
Turn 1932 (200)...
Turn 1933 (200)...
Turn 1934 (200)...
Turn 1935 (200)...
Turn 1936 (200)...
Turn 1937 (200)...
Turn 1938 (200)...
Turn 1939 (200)...
Turn 1940 (200)...
Turn 1941 (200)...
Turn 1942 (200)...
Turn 1943 (200)...
Turn 1944 (200)...
Turn 1945 (200)...
Turn 1946 (200)...
Turn 1947 (200)...
Turn 1948 (200)...
Turn 1949 (200)...
Turn 1950 (200)...
Turn 1951 (200)...
Turn 1952 (200)...
Turn 1953 (200)...
Turn 1954 (200)...
Turn 1955 (200)...
Turn 1956 (200)...
Turn 1957 (200)...
Turn 1958 (200)...
Turn 1959 (200)...
Turn 1960 (200)...
Turn 1961 (200)...
Turn 1962 (200)...
Turn 1963 (200)...
Turn 1964 (200)...
[HUNT] t=6.55m adopted carcass resource|gaia/fauna_sheep at 651,428 mode=collect dropDist=144
[HUNT] t=6.55m carcass resource|gaia/fauna_sheep at 651,428 mode=collect inTerr=false dropDist=144
Turn 1965 (200)...
Turn 1966 (200)...
Turn 1967 (200)...
Turn 1968 (200)...
Turn 1969 (200)...
Turn 1970 (200)...
Turn 1971 (200)...
Turn 1972 (200)...
Turn 1973 (200)...
Turn 1974 (200)...
Turn 1975 (200)...
Turn 1976 (200)...
Turn 1977 (200)...
Turn 1978 (200)...
Turn 1979 (200)...
Turn 1980 (200)...
Turn 1981 (200)...
Turn 1982 (200)...
Turn 1983 (200)...
Turn 1984 (200)...
Turn 1985 (200)...
Turn 1986 (200)...
Turn 1987 (200)...
Turn 1988 (200)...
Turn 1989 (200)...
[HARNESS] t=6.6m stone pull-back: pulled 1, stuck 0 (served: 0 free, band: 1, in-terr far: 0, rejected full=0 region=0 enemy=0 cant=0)
Turn 1990 (200)...
Turn 1991 (200)...
Turn 1992 (200)...
Turn 1993 (200)...
Turn 1994 (200)...
[HARNESS] t=6.7m metal pull-back: pulled 1, stuck 0 (served: 0 free, band: 1, in-terr far: 4, rejected full=0 region=0 enemy=0 cant=0)
Turn 1995 (200)...
Turn 1996 (200)...
Turn 1997 (200)...
Turn 1998 (200)...
Turn 1999 (200)...
Turn 2000 (200)...
Turn 2001 (200)...
Turn 2002 (200)...
Turn 2003 (200)...
Turn 2004 (200)...
Turn 2005 (200)...
Turn 2006 (200)...
Turn 2007 (200)...
Turn 2008 (200)...
Turn 2009 (200)...
Turn 2010 (200)...
Turn 2011 (200)...
Turn 2012 (200)...
Turn 2013 (200)...
Turn 2014 (200)...
Turn 2015 (200)...
Turn 2016 (200)...
Turn 2017 (200)...
Turn 2018 (200)...
Turn 2019 (200)...
Turn 2020 (200)...
Turn 2021 (200)...
Turn 2022 (200)...
Turn 2023 (200)...
Turn 2024 (200)...
Turn 2025 (200)...
Turn 2026 (200)...
Turn 2027 (200)...
Turn 2028 (200)...
Turn 2029 (200)...
Turn 2030 (200)...
Turn 2031 (200)...
Turn 2032 (200)...
Turn 2033 (200)...
Turn 2034 (200)...
Turn 2035 (200)...
Turn 2036 (200)...
Turn 2037 (200)...
Turn 2038 (200)...
Turn 2039 (200)...
Turn 2040 (200)...
Turn 2041 (200)...
Turn 2042 (200)...
Turn 2043 (200)...
Turn 2044 (200)...
Turn 2045 (200)...
Turn 2046 (200)...
Turn 2047 (200)...
Turn 2048 (200)...
Turn 2049 (200)...
Turn 2050 (200)...
Turn 2051 (200)...
Turn 2052 (200)...
Turn 2053 (200)...
Turn 2054 (200)...
Turn 2055 (200)...
Turn 2056 (200)...
Turn 2057 (200)...
Turn 2058 (200)...
Turn 2059 (200)...
Turn 2060 (200)...
Turn 2061 (200)...
Turn 2062 (200)...
Turn 2063 (200)...
Turn 2064 (200)...
Turn 2065 (200)...
Turn 2066 (200)...
Turn 2067 (200)...
Turn 2068 (200)...
Turn 2069 (200)...
Turn 2070 (200)...
Turn 2071 (200)...
Turn 2072 (200)...
Turn 2073 (200)...
Turn 2074 (200)...
Turn 2075 (200)...
Turn 2076 (200)...
Turn 2077 (200)...
Turn 2078 (200)...
Turn 2079 (200)...
Turn 2080 (200)...
Turn 2081 (200)...
Turn 2082 (200)...
Turn 2083 (200)...
Turn 2084 (200)...
Turn 2085 (200)...
Turn 2086 (200)...
Turn 2087 (200)...
Turn 2088 (200)...
Turn 2089 (200)...
Turn 2090 (200)...
Turn 2091 (200)...
Turn 2092 (200)...
Turn 2093 (200)...
Turn 2094 (200)...
Turn 2095 (200)...
Turn 2096 (200)...
Turn 2097 (200)...
Turn 2098 (200)...
Turn 2099 (200)...
Turn 2100 (200)...
Turn 2101 (200)...
Turn 2102 (200)...
Turn 2103 (200)...
Turn 2104 (200)...
Turn 2105 (200)...
Turn 2106 (200)...
Turn 2107 (200)...
Turn 2108 (200)...
Turn 2109 (200)...
Turn 2110 (200)...
Turn 2111 (200)...
Turn 2112 (200)...
Turn 2113 (200)...
Turn 2114 (200)...
Turn 2115 (200)...
Turn 2116 (200)...
Turn 2117 (200)...
Turn 2118 (200)...
Turn 2119 (200)...
Turn 2120 (200)...
Turn 2121 (200)...
Turn 2122 (200)...
Turn 2123 (200)...
Turn 2124 (200)...
Turn 2125 (200)...
Turn 2126 (200)...
Turn 2127 (200)...
Turn 2128 (200)...
Turn 2129 (200)...
Turn 2130 (200)...
Turn 2131 (200)...
Turn 2132 (200)...
Turn 2133 (200)...
Turn 2134 (200)...
Turn 2135 (200)...
Turn 2136 (200)...
Turn 2137 (200)...
Turn 2138 (200)...
Turn 2139 (200)...
[HARNESS] t=7.1m stone pull-back: pulled 60, stuck 0 (served: 0 free, band: 1, in-terr far: 0, rejected full=0 region=0 enemy=0 cant=0)
Turn 2140 (200)...
Turn 2141 (200)...
Turn 2142 (200)...
Turn 2143 (200)...
Turn 2144 (200)...
[HARNESS] t=7.2m metal pull-back: pulled 43, stuck 0 (served: 0 free, band: 1, in-terr far: 4, rejected full=0 region=0 enemy=0 cant=0)
Turn 2145 (200)...
Turn 2146 (200)...
Turn 2147 (200)...
Turn 2148 (200)...
Turn 2149 (200)...
Turn 2150 (200)...
Turn 2151 (200)...
Turn 2152 (200)...
Turn 2153 (200)...
Turn 2154 (200)...
Turn 2155 (200)...
Turn 2156 (200)...
Turn 2157 (200)...
Turn 2158 (200)...
Turn 2159 (200)...
Turn 2160 (200)...
Turn 2161 (200)...
Turn 2162 (200)...
Turn 2163 (200)...
Turn 2164 (200)...
[HARNESS] t=7.2m research gather_farming_plows
Turn 2165 (200)...
Turn 2166 (200)...
Turn 2167 (200)...
Turn 2168 (200)...
Turn 2169 (200)...
Turn 2170 (200)...
Turn 2171 (200)...
Turn 2172 (200)...
Turn 2173 (200)...
Turn 2174 (200)...
Turn 2175 (200)...
Turn 2176 (200)...
Turn 2177 (200)...
Turn 2178 (200)...
Turn 2179 (200)...
Turn 2180 (200)...
Turn 2181 (200)...
Turn 2182 (200)...
Turn 2183 (200)...
Turn 2184 (200)...
Turn 2185 (200)...
Turn 2186 (200)...
Turn 2187 (200)...
Turn 2188 (200)...
Turn 2189 (200)...
Turn 2190 (200)...
Turn 2191 (200)...
Turn 2192 (200)...
Turn 2193 (200)...
Turn 2194 (200)...
Turn 2195 (200)...
Turn 2196 (200)...
Turn 2197 (200)...
Turn 2198 (200)...
Turn 2199 (200)...
Turn 2200 (200)...
Turn 2201 (200)...
Turn 2202 (200)...
Turn 2203 (200)...
Turn 2204 (200)...
Turn 2205 (200)...
Turn 2206 (200)...
Turn 2207 (200)...
Turn 2208 (200)...
Turn 2209 (200)...
Turn 2210 (200)...
Turn 2211 (200)...
Turn 2212 (200)...
Turn 2213 (200)...
Turn 2214 (200)...
Turn 2215 (200)...
Turn 2216 (200)...
Turn 2217 (200)...
Turn 2218 (200)...
Turn 2219 (200)...
[HARNESS] t=7.4m storehouse at 723,300 for wood 736,304 (7 underserved + 7 frontier, mass 3987)
Turn 2220 (200)...
Turn 2221 (200)...
Turn 2222 (200)...
Turn 2223 (200)...
Turn 2224 (200)...
[HARNESS] t=7.4m rush-building storehouse at 723,300 (8 wood choppers)
Turn 2225 (200)...
Turn 2226 (200)...
Turn 2227 (200)...
Turn 2228 (200)...
Turn 2229 (200)...
Turn 2230 (200)...
Turn 2231 (200)...
Turn 2232 (200)...
Turn 2233 (200)...
Turn 2234 (200)...
Turn 2235 (200)...
Turn 2236 (200)...
Turn 2237 (200)...
Turn 2238 (200)...
Turn 2239 (200)...
Turn 2240 (200)...
Turn 2241 (200)...
Turn 2242 (200)...
Turn 2243 (200)...
Turn 2244 (200)...
Turn 2245 (200)...
Turn 2246 (200)...
Turn 2247 (200)...
Turn 2248 (200)...
Turn 2249 (200)...
[HARNESS] t=8m pop=84/90 idle=0 starved=0 gatherers food=31 wood=36 stone=3 metal=3 houses=14 fields=4 town=0 techs=1/10 rates wood=58% grain=68% fruit=28% stone=- metal=43% foodmix fruit=132 grain=699 meat=429 dist wood=26m grain=0m fruit=-m founds=2 failedSpots=0 fruitStock=0 enemyArmy=33 siege=0 enemyNear=415m army=0 gar=0 demob=0 terr=- stock 37/54/302/112
Turn 2250 (200)...
Turn 2251 (200)...
Turn 2252 (200)...
Turn 2253 (200)...
Turn 2254 (200)...
Turn 2255 (200)...
Turn 2256 (200)...
Turn 2257 (200)...
Turn 2258 (200)...
Turn 2259 (200)...
Turn 2260 (200)...
Turn 2261 (200)...
Turn 2262 (200)...
Turn 2263 (200)...
Turn 2264 (200)...
Turn 2265 (200)...
Turn 2266 (200)...
Turn 2267 (200)...
Turn 2268 (200)...
Turn 2269 (200)...
Turn 2270 (200)...
Turn 2271 (200)...
Turn 2272 (200)...
Turn 2273 (200)...
Turn 2274 (200)...
Turn 2275 (200)...
Turn 2276 (200)...
Turn 2277 (200)...
Turn 2278 (200)...
Turn 2279 (200)...
[HARNESS] t=7.6m storehouse at 587,306 between stone 610,314 and metal 582,282 (14 underserved)
Turn 2280 (200)...
Turn 2281 (200)...
Turn 2282 (200)...
Turn 2283 (200)...
Turn 2284 (200)...
Turn 2285 (200)...
Turn 2286 (200)...
Turn 2287 (200)...
Turn 2288 (200)...
Turn 2289 (200)...
Turn 2290 (200)...
Turn 2291 (200)...
Turn 2292 (200)...
Turn 2293 (200)...
Turn 2294 (200)...
Turn 2295 (200)...
Turn 2296 (200)...
Turn 2297 (200)...
Turn 2298 (200)...
Turn 2299 (200)...
Turn 2300 (200)...
Turn 2301 (200)...
Turn 2302 (200)...
Turn 2303 (200)...
Turn 2304 (200)...
Turn 2305 (200)...
Turn 2306 (200)...
Turn 2307 (200)...
Turn 2308 (200)...
Turn 2309 (200)...
[HARNESS] t=7.7m defense stage on (town researched)
[DEFENSE] t=7.7m demobilizing 4 soldiers to gathering
[HARNESS] t=7.7m phase=phase_town_generic
Turn 2310 (200)...
Turn 2311 (200)...
Turn 2312 (200)...
Turn 2313 (200)...
Turn 2314 (200)...
Turn 2315 (200)...
Turn 2316 (200)...
Turn 2317 (200)...
Turn 2318 (200)...
Turn 2319 (200)...
Turn 2320 (200)...
Turn 2321 (200)...
Turn 2322 (200)...
Turn 2323 (200)...
Turn 2324 (200)...
Turn 2325 (200)...
Turn 2326 (200)...
Turn 2327 (200)...
Turn 2328 (200)...
Turn 2329 (200)...
Turn 2330 (200)...
Turn 2331 (200)...
Turn 2332 (200)...
Turn 2333 (200)...
Turn 2334 (200)...
Turn 2335 (200)...
Turn 2336 (200)...
Turn 2337 (200)...
Turn 2338 (200)...
Turn 2339 (200)...
Turn 2340 (200)...
Turn 2341 (200)...
Turn 2342 (200)...
Turn 2343 (200)...
Turn 2344 (200)...
Turn 2345 (200)...
Turn 2346 (200)...
Turn 2347 (200)...
Turn 2348 (200)...
Turn 2349 (200)...
Turn 2350 (200)...
Turn 2351 (200)...
Turn 2352 (200)...
Turn 2353 (200)...
Turn 2354 (200)...
Turn 2355 (200)...
Turn 2356 (200)...
Turn 2357 (200)...
Turn 2358 (200)...
Turn 2359 (200)...
Turn 2360 (200)...
Turn 2361 (200)...
Turn 2362 (200)...
Turn 2363 (200)...
Turn 2364 (200)...
Turn 2365 (200)...
Turn 2366 (200)...
Turn 2367 (200)...
Turn 2368 (200)...
Turn 2369 (200)...
Turn 2370 (200)...
Turn 2371 (200)...
Turn 2372 (200)...
Turn 2373 (200)...
Turn 2374 (200)...
Turn 2375 (200)...
Turn 2376 (200)...
Turn 2377 (200)...
Turn 2378 (200)...
Turn 2379 (200)...
Turn 2380 (200)...
Turn 2381 (200)...
Turn 2382 (200)...
Turn 2383 (200)...
Turn 2384 (200)...
Turn 2385 (200)...
Turn 2386 (200)...
Turn 2387 (200)...
Turn 2388 (200)...
Turn 2389 (200)...
Turn 2390 (200)...
Turn 2391 (200)...
Turn 2392 (200)...
Turn 2393 (200)...
Turn 2394 (200)...
Turn 2395 (200)...
Turn 2396 (200)...
Turn 2397 (200)...
Turn 2398 (200)...
Turn 2399 (200)...
Turn 2400 (200)...
Turn 2401 (200)...
Turn 2402 (200)...
Turn 2403 (200)...
Turn 2404 (200)...
Turn 2405 (200)...
Turn 2406 (200)...
Turn 2407 (200)...
Turn 2408 (200)...
Turn 2409 (200)...
Turn 2410 (200)...
Turn 2411 (200)...
Turn 2412 (200)...
Turn 2413 (200)...
Turn 2414 (200)...
Turn 2415 (200)...
Turn 2416 (200)...
Turn 2417 (200)...
Turn 2418 (200)...
Turn 2419 (200)...
Turn 2420 (200)...
Turn 2421 (200)...
Turn 2422 (200)...
Turn 2423 (200)...
Turn 2424 (200)...
Turn 2425 (200)...
Turn 2426 (200)...
Turn 2427 (200)...
Turn 2428 (200)...
Turn 2429 (200)...
Turn 2430 (200)...
Turn 2431 (200)...
Turn 2432 (200)...
Turn 2433 (200)...
Turn 2434 (200)...
Turn 2435 (200)...
Turn 2436 (200)...
Turn 2437 (200)...
Turn 2438 (200)...
Turn 2439 (200)...
Turn 2440 (200)...
Turn 2441 (200)...
Turn 2442 (200)...
Turn 2443 (200)...
Turn 2444 (200)...
Turn 2445 (200)...
Turn 2446 (200)...
Turn 2447 (200)...
Turn 2448 (200)...
Turn 2449 (200)...
Turn 2450 (200)...
Turn 2451 (200)...
Turn 2452 (200)...
Turn 2453 (200)...
Turn 2454 (200)...
Turn 2455 (200)...
Turn 2456 (200)...
Turn 2457 (200)...
Turn 2458 (200)...
Turn 2459 (200)...
Turn 2460 (200)...
Turn 2461 (200)...
Turn 2462 (200)...
Turn 2463 (200)...
Turn 2464 (200)...
[HARNESS] t=8.2m defense building barracks
Turn 2465 (200)...
Turn 2466 (200)...
Turn 2467 (200)...
Turn 2468 (200)...
Turn 2469 (200)...
Turn 2470 (200)...
Turn 2471 (200)...
Turn 2472 (200)...
Turn 2473 (200)...
Turn 2474 (200)...
Turn 2475 (200)...
Turn 2476 (200)...
Turn 2477 (200)...
Turn 2478 (200)...
Turn 2479 (200)...
[HUNT] t=8.27m target gaia/fauna_sheep collect at 640,436 dist=169
Turn 2480 (200)...
Turn 2481 (200)...
Turn 2482 (200)...
Turn 2483 (200)...
Turn 2484 (200)...
Turn 2485 (200)...
Turn 2486 (200)...
Turn 2487 (200)...
Turn 2488 (200)...
Turn 2489 (200)...
Turn 2490 (200)...
Turn 2491 (200)...
Turn 2492 (200)...
Turn 2493 (200)...
Turn 2494 (200)...
Turn 2495 (200)...
Turn 2496 (200)...
Turn 2497 (200)...
Turn 2498 (200)...
Turn 2499 (200)...
[HUNT] t=8.34m adopted carcass resource|gaia/fauna_sheep at 638,436 mode=collect dropDist=153
[HUNT] t=8.34m carcass resource|gaia/fauna_sheep at 638,436 mode=collect inTerr=true dropDist=153
Turn 2500 (200)...
Turn 2501 (200)...
Turn 2502 (200)...
Turn 2503 (200)...
Turn 2504 (200)...
Turn 2505 (200)...
Turn 2506 (200)...
Turn 2507 (200)...
Turn 2508 (200)...
Turn 2509 (200)...
Turn 2510 (200)...
Turn 2511 (200)...
Turn 2512 (200)...
Turn 2513 (200)...
Turn 2514 (200)...
Turn 2515 (200)...
Turn 2516 (200)...
Turn 2517 (200)...
Turn 2518 (200)...
Turn 2519 (200)...
Turn 2520 (200)...
Turn 2521 (200)...
Turn 2522 (200)...
Turn 2523 (200)...
Turn 2524 (200)...
Turn 2525 (200)...
Turn 2526 (200)...
Turn 2527 (200)...
Turn 2528 (200)...
Turn 2529 (200)...
Turn 2530 (200)...
Turn 2531 (200)...
Turn 2532 (200)...
Turn 2533 (200)...
Turn 2534 (200)...
Turn 2535 (200)...
Turn 2536 (200)...
Turn 2537 (200)...
Turn 2538 (200)...
Turn 2539 (200)...
[HARNESS] t=8.5m defense building barracks
Turn 2540 (200)...
Turn 2541 (200)...
Turn 2542 (200)...
Turn 2543 (200)...
Turn 2544 (200)...
Turn 2545 (200)...
Turn 2546 (200)...
Turn 2547 (200)...
Turn 2548 (200)...
Turn 2549 (200)...
Turn 2550 (200)...
Turn 2551 (200)...
Turn 2552 (200)...
Turn 2553 (200)...
Turn 2554 (200)...
Turn 2555 (200)...
Turn 2556 (200)...
Turn 2557 (200)...
Turn 2558 (200)...
Turn 2559 (200)...
Turn 2560 (200)...
Turn 2561 (200)...
Turn 2562 (200)...
Turn 2563 (200)...
Turn 2564 (200)...
Turn 2565 (200)...
Turn 2566 (200)...
Turn 2567 (200)...
Turn 2568 (200)...
Turn 2569 (200)...
Turn 2570 (200)...
Turn 2571 (200)...
Turn 2572 (200)...
Turn 2573 (200)...
Turn 2574 (200)...
Turn 2575 (200)...
Turn 2576 (200)...
Turn 2577 (200)...
Turn 2578 (200)...
Turn 2579 (200)...
[HARNESS] t=8.6m storehouse at 717,325 for wood 726,330 (1 underserved + 1 frontier, mass 7795)
Turn 2580 (200)...
Turn 2581 (200)...
Turn 2582 (200)...
Turn 2583 (200)...
Turn 2584 (200)...
[HARNESS] t=8.6m rush-building storehouse at 717,325 (8 wood choppers)
Turn 2585 (200)...
Turn 2586 (200)...
Turn 2587 (200)...
Turn 2588 (200)...
Turn 2589 (200)...
Turn 2590 (200)...
Turn 2591 (200)...
Turn 2592 (200)...
Turn 2593 (200)...
Turn 2594 (200)...
Turn 2595 (200)...
Turn 2596 (200)...
Turn 2597 (200)...
Turn 2598 (200)...
Turn 2599 (200)...
Turn 2600 (200)...
Turn 2601 (200)...
Turn 2602 (200)...
Turn 2603 (200)...
Turn 2604 (200)...
Turn 2605 (200)...
Turn 2606 (200)...
Turn 2607 (200)...
Turn 2608 (200)...
Turn 2609 (200)...
Turn 2610 (200)...
Turn 2611 (200)...
Turn 2612 (200)...
Turn 2613 (200)...
Turn 2614 (200)...
Turn 2615 (200)...
Turn 2616 (200)...
Turn 2617 (200)...
Turn 2618 (200)...
Turn 2619 (200)...
Turn 2620 (200)...
Turn 2621 (200)...
Turn 2622 (200)...
Turn 2623 (200)...
Turn 2624 (200)...
Turn 2625 (200)...
Turn 2626 (200)...
Turn 2627 (200)...
Turn 2628 (200)...
Turn 2629 (200)...
Turn 2630 (200)...
Turn 2631 (200)...
Turn 2632 (200)...
Turn 2633 (200)...
Turn 2634 (200)...
Turn 2635 (200)...
Turn 2636 (200)...
Turn 2637 (200)...
Turn 2638 (200)...
Turn 2639 (200)...
Turn 2640 (200)...
Turn 2641 (200)...
Turn 2642 (200)...
Turn 2643 (200)...
Turn 2644 (200)...
Turn 2645 (200)...
Turn 2646 (200)...
Turn 2647 (200)...
Turn 2648 (200)...
Turn 2649 (200)...
Turn 2650 (200)...
Turn 2651 (200)...
Turn 2652 (200)...
Turn 2653 (200)...
Turn 2654 (200)...
Turn 2655 (200)...
Turn 2656 (200)...
Turn 2657 (200)...
Turn 2658 (200)...
Turn 2659 (200)...
Turn 2660 (200)...
Turn 2661 (200)...
Turn 2662 (200)...
Turn 2663 (200)...
Turn 2664 (200)...
Turn 2665 (200)...
Turn 2666 (200)...
Turn 2667 (200)...
Turn 2668 (200)...
Turn 2669 (200)...
Turn 2670 (200)...
Turn 2671 (200)...
Turn 2672 (200)...
Turn 2673 (200)...
Turn 2674 (200)...
Turn 2675 (200)...
Turn 2676 (200)...
Turn 2677 (200)...
Turn 2678 (200)...
Turn 2679 (200)...
Turn 2680 (200)...
Turn 2681 (200)...
Turn 2682 (200)...
Turn 2683 (200)...
Turn 2684 (200)...
Turn 2685 (200)...
Turn 2686 (200)...
Turn 2687 (200)...
Turn 2688 (200)...
Turn 2689 (200)...
Turn 2690 (200)...
Turn 2691 (200)...
Turn 2692 (200)...
Turn 2693 (200)...
Turn 2694 (200)...
Turn 2695 (200)...
Turn 2696 (200)...
Turn 2697 (200)...
Turn 2698 (200)...
Turn 2699 (200)...
Turn 2700 (200)...
Turn 2701 (200)...
Turn 2702 (200)...
Turn 2703 (200)...
Turn 2704 (200)...
Turn 2705 (200)...
Turn 2706 (200)...
Turn 2707 (200)...
Turn 2708 (200)...
Turn 2709 (200)...
Turn 2710 (200)...
Turn 2711 (200)...
Turn 2712 (200)...
Turn 2713 (200)...
Turn 2714 (200)...
Turn 2715 (200)...
Turn 2716 (200)...
Turn 2717 (200)...
Turn 2718 (200)...
Turn 2719 (200)...
Turn 2720 (200)...
Turn 2721 (200)...
Turn 2722 (200)...
Turn 2723 (200)...
Turn 2724 (200)...
Turn 2725 (200)...
Turn 2726 (200)...
Turn 2727 (200)...
Turn 2728 (200)...
Turn 2729 (200)...
Turn 2730 (200)...
Turn 2731 (200)...
Turn 2732 (200)...
Turn 2733 (200)...
Turn 2734 (200)...
Turn 2735 (200)...
Turn 2736 (200)...
Turn 2737 (200)...
Turn 2738 (200)...
Turn 2739 (200)...
Turn 2740 (200)...
Turn 2741 (200)...
Turn 2742 (200)...
Turn 2743 (200)...
Turn 2744 (200)...
Turn 2745 (200)...
Turn 2746 (200)...
Turn 2747 (200)...
Turn 2748 (200)...
Turn 2749 (200)...
[HARNESS] t=9.2m defense building barracks
Turn 2750 (200)...
Turn 2751 (200)...
Turn 2752 (200)...
Turn 2753 (200)...
Turn 2754 (200)...
Turn 2755 (200)...
Turn 2756 (200)...
Turn 2757 (200)...
Turn 2758 (200)...
Turn 2759 (200)...
[DEFENSE] t=9.2m demobilizing 1 soldiers to gathering
Turn 2760 (200)...
Turn 2761 (200)...
Turn 2762 (200)...
Turn 2763 (200)...
Turn 2764 (200)...
Turn 2765 (200)...
Turn 2766 (200)...
Turn 2767 (200)...
Turn 2768 (200)...
Turn 2769 (200)...
Turn 2770 (200)...
Turn 2771 (200)...
Turn 2772 (200)...
Turn 2773 (200)...
Turn 2774 (200)...
Turn 2775 (200)...
Turn 2776 (200)...
Turn 2777 (200)...
Turn 2778 (200)...
Turn 2779 (200)...
Turn 2780 (200)...
Turn 2781 (200)...
Turn 2782 (200)...
Turn 2783 (200)...
Turn 2784 (200)...
Turn 2785 (200)...
Turn 2786 (200)...
Turn 2787 (200)...
Turn 2788 (200)...
Turn 2789 (200)...
Turn 2790 (200)...
Turn 2791 (200)...
Turn 2792 (200)...
Turn 2793 (200)...
Turn 2794 (200)...
Turn 2795 (200)...
Turn 2796 (200)...
Turn 2797 (200)...
Turn 2798 (200)...
Turn 2799 (200)...
Turn 2800 (200)...
Turn 2801 (200)...
Turn 2802 (200)...
Turn 2803 (200)...
Turn 2804 (200)...
[DEFENSE] t=9.4m demobilizing 1 soldiers to gathering
Turn 2805 (200)...
Turn 2806 (200)...
Turn 2807 (200)...
Turn 2808 (200)...
Turn 2809 (200)...
Turn 2810 (200)...
Turn 2811 (200)...
Turn 2812 (200)...
Turn 2813 (200)...
Turn 2814 (200)...
Turn 2815 (200)...
Turn 2816 (200)...
Turn 2817 (200)...
Turn 2818 (200)...
Turn 2819 (200)...
Turn 2820 (200)...
Turn 2821 (200)...
Turn 2822 (200)...
Turn 2823 (200)...
Turn 2824 (200)...
Turn 2825 (200)...
Turn 2826 (200)...
Turn 2827 (200)...
Turn 2828 (200)...
Turn 2829 (200)...
Turn 2830 (200)...
Turn 2831 (200)...
Turn 2832 (200)...
Turn 2833 (200)...
Turn 2834 (200)...
Turn 2835 (200)...
Turn 2836 (200)...
Turn 2837 (200)...
Turn 2838 (200)...
Turn 2839 (200)...
Turn 2840 (200)...
Turn 2841 (200)...
Turn 2842 (200)...
Turn 2843 (200)...
Turn 2844 (200)...
Turn 2845 (200)...
Turn 2846 (200)...
Turn 2847 (200)...
Turn 2848 (200)...
Turn 2849 (200)...
Turn 2850 (200)...
Turn 2851 (200)...
Turn 2852 (200)...
Turn 2853 (200)...
Turn 2854 (200)...
Turn 2855 (200)...
Turn 2856 (200)...
Turn 2857 (200)...
Turn 2858 (200)...
Turn 2859 (200)...
[DEFENSE] t=9.5m demobilizing 1 soldiers to gathering
Turn 2860 (200)...
Turn 2861 (200)...
Turn 2862 (200)...
Turn 2863 (200)...
Turn 2864 (200)...
Turn 2865 (200)...
Turn 2866 (200)...
Turn 2867 (200)...
Turn 2868 (200)...
Turn 2869 (200)...
Turn 2870 (200)...
Turn 2871 (200)...
Turn 2872 (200)...
Turn 2873 (200)...
Turn 2874 (200)...
Turn 2875 (200)...
Turn 2876 (200)...
Turn 2877 (200)...
Turn 2878 (200)...
Turn 2879 (200)...
Turn 2880 (200)...
Turn 2881 (200)...
Turn 2882 (200)...
Turn 2883 (200)...
Turn 2884 (200)...
Turn 2885 (200)...
Turn 2886 (200)...
Turn 2887 (200)...
Turn 2888 (200)...
Turn 2889 (200)...
Turn 2890 (200)...
Turn 2891 (200)...
Turn 2892 (200)...
Turn 2893 (200)...
Turn 2894 (200)...
Turn 2895 (200)...
Turn 2896 (200)...
Turn 2897 (200)...
Turn 2898 (200)...
Turn 2899 (200)...
Turn 2900 (200)...
Turn 2901 (200)...
Turn 2902 (200)...
Turn 2903 (200)...
Turn 2904 (200)...
[DEFENSE] t=9.7m demobilizing 1 soldiers to gathering
Turn 2905 (200)...
Turn 2906 (200)...
Turn 2907 (200)...
Turn 2908 (200)...
Turn 2909 (200)...
Turn 2910 (200)...
Turn 2911 (200)...
Turn 2912 (200)...
Turn 2913 (200)...
Turn 2914 (200)...
Turn 2915 (200)...
Turn 2916 (200)...
Turn 2917 (200)...
Turn 2918 (200)...
Turn 2919 (200)...
Turn 2920 (200)...
Turn 2921 (200)...
Turn 2922 (200)...
Turn 2923 (200)...
Turn 2924 (200)...
Turn 2925 (200)...
Turn 2926 (200)...
Turn 2927 (200)...
Turn 2928 (200)...
Turn 2929 (200)...
Turn 2930 (200)...
Turn 2931 (200)...
Turn 2932 (200)...
Turn 2933 (200)...
Turn 2934 (200)...
[DEFENSE] t=9.8m demobilizing 1 soldiers to gathering
Turn 2935 (200)...
Turn 2936 (200)...
Turn 2937 (200)...
Turn 2938 (200)...
Turn 2939 (200)...
Turn 2940 (200)...
Turn 2941 (200)...
Turn 2942 (200)...
Turn 2943 (200)...
Turn 2944 (200)...
Turn 2945 (200)...
Turn 2946 (200)...
Turn 2947 (200)...
Turn 2948 (200)...
Turn 2949 (200)...
[DEFENSE] t=9.8m demobilizing 1 soldiers to gathering
Turn 2950 (200)...
Turn 2951 (200)...
Turn 2952 (200)...
Turn 2953 (200)...
Turn 2954 (200)...
Turn 2955 (200)...
Turn 2956 (200)...
Turn 2957 (200)...
Turn 2958 (200)...
Turn 2959 (200)...
Turn 2960 (200)...
Turn 2961 (200)...
Turn 2962 (200)...
Turn 2963 (200)...
Turn 2964 (200)...
Turn 2965 (200)...
Turn 2966 (200)...
Turn 2967 (200)...
Turn 2968 (200)...
Turn 2969 (200)...
Turn 2970 (200)...
Turn 2971 (200)...
Turn 2972 (200)...
Turn 2973 (200)...
Turn 2974 (200)...
Turn 2975 (200)...
Turn 2976 (200)...
Turn 2977 (200)...
Turn 2978 (200)...
Turn 2979 (200)...
[DEFENSE] t=9.9m demobilizing 1 soldiers to gathering
Turn 2980 (200)...
Turn 2981 (200)...
Turn 2982 (200)...
Turn 2983 (200)...
Turn 2984 (200)...
Turn 2985 (200)...
Turn 2986 (200)...
Turn 2987 (200)...
Turn 2988 (200)...
Turn 2989 (200)...
Turn 2990 (200)...
Turn 2991 (200)...
Turn 2992 (200)...
Turn 2993 (200)...
Turn 2994 (200)...
[DEFENSE] t=10.0m demobilizing 1 soldiers to gathering
Turn 2995 (200)...
Turn 2996 (200)...
Turn 2997 (200)...
Turn 2998 (200)...
Turn 2999 (200)...
[HARNESS] t=10m pop=116/125 idle=1 starved=0 gatherers food=43 wood=48 stone=7 metal=12 houses=21 fields=8 town=0 techs=2/10 rates wood=64% grain=75% fruit=- stone=78% metal=77% foodmix fruit=0 grain=1437 meat=120 dist wood=11m grain=0m fruit=-m founds=3 failedSpots=0 fruitStock=0 enemyArmy=55 siege=0 enemyNear=411m army=12 gar=0 demob=12 terr=- stock 20/62/549/449
Turn 3000 (200)...
Turn 3001 (200)...
Turn 3002 (200)...
Turn 3003 (200)...
Turn 3004 (200)...
Turn 3005 (200)...
Turn 3006 (200)...
Turn 3007 (200)...
Turn 3008 (200)...
Turn 3009 (200)...
Turn 3010 (200)...
Turn 3011 (200)...
Turn 3012 (200)...
Turn 3013 (200)...
Turn 3014 (200)...
Turn 3015 (200)...
Turn 3016 (200)...
Turn 3017 (200)...
Turn 3018 (200)...
Turn 3019 (200)...
Turn 3020 (200)...
Turn 3021 (200)...
Turn 3022 (200)...
Turn 3023 (200)...
Turn 3024 (200)...
[DEFENSE] t=10.1m demobilizing 1 soldiers to gathering
Turn 3025 (200)...
Turn 3026 (200)...
Turn 3027 (200)...
Turn 3028 (200)...
Turn 3029 (200)...
Turn 3030 (200)...
Turn 3031 (200)...
Turn 3032 (200)...
Turn 3033 (200)...
Turn 3034 (200)...
Turn 3035 (200)...
Turn 3036 (200)...
Turn 3037 (200)...
Turn 3038 (200)...
Turn 3039 (200)...
[DEFENSE] t=10.1m demobilizing 1 soldiers to gathering
Turn 3040 (200)...
Turn 3041 (200)...
Turn 3042 (200)...
Turn 3043 (200)...
Turn 3044 (200)...
Turn 3045 (200)...
Turn 3046 (200)...
Turn 3047 (200)...
Turn 3048 (200)...
Turn 3049 (200)...
Turn 3050 (200)...
Turn 3051 (200)...
Turn 3052 (200)...
Turn 3053 (200)...
Turn 3054 (200)...
Turn 3055 (200)...
Turn 3056 (200)...
Turn 3057 (200)...
Turn 3058 (200)...
Turn 3059 (200)...
Turn 3060 (200)...
Turn 3061 (200)...
Turn 3062 (200)...
Turn 3063 (200)...
Turn 3064 (200)...
[DEFENSE] t=10.2m demobilizing 1 soldiers to gathering
Turn 3065 (200)...
Turn 3066 (200)...
Turn 3067 (200)...
Turn 3068 (200)...
Turn 3069 (200)...
[DEFENSE] t=10.2m demobilizing 1 soldiers to gathering
Turn 3070 (200)...
Turn 3071 (200)...
Turn 3072 (200)...
Turn 3073 (200)...
Turn 3074 (200)...
Turn 3075 (200)...
Turn 3076 (200)...
Turn 3077 (200)...
Turn 3078 (200)...
Turn 3079 (200)...
Turn 3080 (200)...
Turn 3081 (200)...
Turn 3082 (200)...
Turn 3083 (200)...
Turn 3084 (200)...
[DEFENSE] t=10.3m demobilizing 1 soldiers to gathering
Turn 3085 (200)...
Turn 3086 (200)...
Turn 3087 (200)...
Turn 3088 (200)...
Turn 3089 (200)...
[HUNT] t=10.30m target gaia/fauna_sheep collect at 544,574 dist=317
Turn 3090 (200)...
Turn 3091 (200)...
Turn 3092 (200)...
Turn 3093 (200)...
Turn 3094 (200)...
Turn 3095 (200)...
Turn 3096 (200)...
Turn 3097 (200)...
Turn 3098 (200)...
Turn 3099 (200)...
Turn 3100 (200)...
Turn 3101 (200)...
Turn 3102 (200)...
Turn 3103 (200)...
Turn 3104 (200)...
Turn 3105 (200)...
Turn 3106 (200)...
Turn 3107 (200)...
Turn 3108 (200)...
Turn 3109 (200)...
Turn 3110 (200)...
Turn 3111 (200)...
Turn 3112 (200)...
Turn 3113 (200)...
Turn 3114 (200)...
[DEFENSE] t=10.4m demobilizing 1 soldiers to gathering
Turn 3115 (200)...
Turn 3116 (200)...
Turn 3117 (200)...
Turn 3118 (200)...
Turn 3119 (200)...
Turn 3120 (200)...
Turn 3121 (200)...
Turn 3122 (200)...
Turn 3123 (200)...
Turn 3124 (200)...
Turn 3125 (200)...
Turn 3126 (200)...
Turn 3127 (200)...
Turn 3128 (200)...
Turn 3129 (200)...
[DEFENSE] t=10.4m retraining surge on: muster toward 61 (enemy army=61)
[DEFENSE] t=10.4m demobilizing 1 soldiers to gathering
Turn 3130 (200)...
Turn 3131 (200)...
Turn 3132 (200)...
Turn 3133 (200)...
Turn 3134 (200)...
Turn 3135 (200)...
Turn 3136 (200)...
Turn 3137 (200)...
Turn 3138 (200)...
Turn 3139 (200)...
Turn 3140 (200)...
Turn 3141 (200)...
Turn 3142 (200)...
Turn 3143 (200)...
Turn 3144 (200)...
[DEFENSE] t=10.5m demobilizing 1 soldiers to gathering
Turn 3145 (200)...
Turn 3146 (200)...
Turn 3147 (200)...
Turn 3148 (200)...
Turn 3149 (200)...
[HUNT] t=10.50m adopted carcass resource|gaia/fauna_sheep at 544,574 mode=collect dropDist=285
[HUNT] t=10.50m carcass resource|gaia/fauna_sheep at 544,574 mode=collect inTerr=false dropDist=285
Turn 3150 (200)...
Turn 3151 (200)...
Turn 3152 (200)...
Turn 3153 (200)...
Turn 3154 (200)...
Turn 3155 (200)...
Turn 3156 (200)...
Turn 3157 (200)...
Turn 3158 (200)...
Turn 3159 (200)...
[DEFENSE] t=10.5m demobilizing 1 soldiers to gathering
Turn 3160 (200)...
Turn 3161 (200)...
Turn 3162 (200)...
Turn 3163 (200)...
Turn 3164 (200)...
Turn 3165 (200)...
Turn 3166 (200)...
Turn 3167 (200)...
Turn 3168 (200)...
Turn 3169 (200)...
Turn 3170 (200)...
Turn 3171 (200)...
Turn 3172 (200)...
Turn 3173 (200)...
Turn 3174 (200)...
[DEFENSE] t=10.6m demobilizing 1 soldiers to gathering
Turn 3175 (200)...
Turn 3176 (200)...
Turn 3177 (200)...
Turn 3178 (200)...
Turn 3179 (200)...
Turn 3180 (200)...
Turn 3181 (200)...
Turn 3182 (200)...
Turn 3183 (200)...
Turn 3184 (200)...
Turn 3185 (200)...
Turn 3186 (200)...
Turn 3187 (200)...
Turn 3188 (200)...
Turn 3189 (200)...
[DEFENSE] t=10.6m demobilizing 1 soldiers to gathering
Turn 3190 (200)...
Turn 3191 (200)...
Turn 3192 (200)...
Turn 3193 (200)...
Turn 3194 (200)...
Turn 3195 (200)...
Turn 3196 (200)...
Turn 3197 (200)...
Turn 3198 (200)...
Turn 3199 (200)...
Turn 3200 (200)...
Turn 3201 (200)...
Turn 3202 (200)...
Turn 3203 (200)...
Turn 3204 (200)...
Turn 3205 (200)...
Turn 3206 (200)...
Turn 3207 (200)...
Turn 3208 (200)...
Turn 3209 (200)...
Turn 3210 (200)...
Turn 3211 (200)...
Turn 3212 (200)...
Turn 3213 (200)...
Turn 3214 (200)...
Turn 3215 (200)...
Turn 3216 (200)...
Turn 3217 (200)...
Turn 3218 (200)...
Turn 3219 (200)...
[HARNESS] t=10.7m storehouse at 730,340 for wood 746,342 (0 underserved + 2 frontier, mass 5372)
Turn 3220 (200)...
Turn 3221 (200)...
Turn 3222 (200)...
Turn 3223 (200)...
Turn 3224 (200)...
[HARNESS] t=10.8m rush-building storehouse at 730,340 (8 wood choppers)
Turn 3225 (200)...
Turn 3226 (200)...
Turn 3227 (200)...
Turn 3228 (200)...
Turn 3229 (200)...
Turn 3230 (200)...
Turn 3231 (200)...
Turn 3232 (200)...
Turn 3233 (200)...
Turn 3234 (200)...
Turn 3235 (200)...
Turn 3236 (200)...
Turn 3237 (200)...
Turn 3238 (200)...
Turn 3239 (200)...
Turn 3240 (200)...
Turn 3241 (200)...
Turn 3242 (200)...
Turn 3243 (200)...
Turn 3244 (200)...
Turn 3245 (200)...
Turn 3246 (200)...
Turn 3247 (200)...
Turn 3248 (200)...
Turn 3249 (200)...
Turn 3250 (200)...
Turn 3251 (200)...
Turn 3252 (200)...
Turn 3253 (200)...
Turn 3254 (200)...
Turn 3255 (200)...
Turn 3256 (200)...
Turn 3257 (200)...
Turn 3258 (200)...
Turn 3259 (200)...
Turn 3260 (200)...
Turn 3261 (200)...
Turn 3262 (200)...
Turn 3263 (200)...
Turn 3264 (200)...
Turn 3265 (200)...
Turn 3266 (200)...
Turn 3267 (200)...
Turn 3268 (200)...
Turn 3269 (200)...
Turn 3270 (200)...
Turn 3271 (200)...
Turn 3272 (200)...
Turn 3273 (200)...
Turn 3274 (200)...
Turn 3275 (200)...
Turn 3276 (200)...
Turn 3277 (200)...
Turn 3278 (200)...
Turn 3279 (200)...
Turn 3280 (200)...
Turn 3281 (200)...
Turn 3282 (200)...
Turn 3283 (200)...
Turn 3284 (200)...
Turn 3285 (200)...
Turn 3286 (200)...
Turn 3287 (200)...
Turn 3288 (200)...
Turn 3289 (200)...
Turn 3290 (200)...
Turn 3291 (200)...
Turn 3292 (200)...
Turn 3293 (200)...
Turn 3294 (200)...
Turn 3295 (200)...
Turn 3296 (200)...
Turn 3297 (200)...
Turn 3298 (200)...
Turn 3299 (200)...
Turn 3300 (200)...
Turn 3301 (200)...
Turn 3302 (200)...
Turn 3303 (200)...
Turn 3304 (200)...
Turn 3305 (200)...
Turn 3306 (200)...
Turn 3307 (200)...
Turn 3308 (200)...
Turn 3309 (200)...
Turn 3310 (200)...
Turn 3311 (200)...
Turn 3312 (200)...
Turn 3313 (200)...
Turn 3314 (200)...
[DEFENSE] t=11.1m demobilizing 3 soldiers to gathering
Turn 3315 (200)...
Turn 3316 (200)...
Turn 3317 (200)...
Turn 3318 (200)...
Turn 3319 (200)...
Turn 3320 (200)...
Turn 3321 (200)...
Turn 3322 (200)...
Turn 3323 (200)...
Turn 3324 (200)...
Turn 3325 (200)...
Turn 3326 (200)...
Turn 3327 (200)...
Turn 3328 (200)...
Turn 3329 (200)...
Turn 3330 (200)...
Turn 3331 (200)...
Turn 3332 (200)...
Turn 3333 (200)...
Turn 3334 (200)...
Turn 3335 (200)...
Turn 3336 (200)...
Turn 3337 (200)...
Turn 3338 (200)...
Turn 3339 (200)...
[DEFENSE] t=11.1m remobilizing 26 soldiers
[DEFENSE] t=11.1m wave of 53 at 396m of CC 628,268 — mustering melee=12 ranged=14 healers=0
Turn 3340 (200)...
Turn 3341 (200)...
Turn 3342 (200)...
Turn 3343 (200)...
Turn 3344 (200)...
Turn 3345 (200)...
Turn 3346 (200)...
Turn 3347 (200)...
Turn 3348 (200)...
Turn 3349 (200)...
Turn 3350 (200)...
Turn 3351 (200)...
Turn 3352 (200)...
Turn 3353 (200)...
Turn 3354 (200)...
Turn 3355 (200)...
Turn 3356 (200)...
Turn 3357 (200)...
Turn 3358 (200)...
Turn 3359 (200)...
Turn 3360 (200)...
Turn 3361 (200)...
Turn 3362 (200)...
Turn 3363 (200)...
Turn 3364 (200)...
Turn 3365 (200)...
Turn 3366 (200)...
Turn 3367 (200)...
Turn 3368 (200)...
Turn 3369 (200)...
Turn 3370 (200)...
Turn 3371 (200)...
Turn 3372 (200)...
Turn 3373 (200)...
Turn 3374 (200)...
Turn 3375 (200)...
Turn 3376 (200)...
Turn 3377 (200)...
Turn 3378 (200)...
Turn 3379 (200)...
Turn 3380 (200)...
Turn 3381 (200)...
Turn 3382 (200)...
Turn 3383 (200)...
Turn 3384 (200)...
[THREAT] t=11.3m enemy army=69 siege=0 nearest=232m from home CC
Turn 3385 (200)...
Turn 3386 (200)...
Turn 3387 (200)...
Turn 3388 (200)...
Turn 3389 (200)...
Turn 3390 (200)...
Turn 3391 (200)...
Turn 3392 (200)...
Turn 3393 (200)...
Turn 3394 (200)...
Turn 3395 (200)...
Turn 3396 (200)...
Turn 3397 (200)...
Turn 3398 (200)...
Turn 3399 (200)...
Turn 3400 (200)...
Turn 3401 (200)...
Turn 3402 (200)...
Turn 3403 (200)...
Turn 3404 (200)...
Turn 3405 (200)...
Turn 3406 (200)...
Turn 3407 (200)...
Turn 3408 (200)...
Turn 3409 (200)...
Turn 3410 (200)...
Turn 3411 (200)...
Turn 3412 (200)...
Turn 3413 (200)...
Turn 3414 (200)...
Turn 3415 (200)...
Turn 3416 (200)...
Turn 3417 (200)...
Turn 3418 (200)...
Turn 3419 (200)...
Turn 3420 (200)...
Turn 3421 (200)...
Turn 3422 (200)...
Turn 3423 (200)...
Turn 3424 (200)...
Turn 3425 (200)...
Turn 3426 (200)...
Turn 3427 (200)...
Turn 3428 (200)...
Turn 3429 (200)...
Turn 3430 (200)...
Turn 3431 (200)...
Turn 3432 (200)...
Turn 3433 (200)...
Turn 3434 (200)...
Turn 3435 (200)...
Turn 3436 (200)...
Turn 3437 (200)...
Turn 3438 (200)...
Turn 3439 (200)...
Turn 3440 (200)...
Turn 3441 (200)...
Turn 3442 (200)...
Turn 3443 (200)...
Turn 3444 (200)...
Turn 3445 (200)...
Turn 3446 (200)...
Turn 3447 (200)...
Turn 3448 (200)...
Turn 3449 (200)...
[THREAT] t=11.5m enemy army=69 siege=0 nearest=144m from home CC
Turn 3450 (200)...
Turn 3451 (200)...
Turn 3452 (200)...
Turn 3453 (200)...
Turn 3454 (200)...
Turn 3455 (200)...
Turn 3456 (200)...
Turn 3457 (200)...
Turn 3458 (200)...
Turn 3459 (200)...
Turn 3460 (200)...
Turn 3461 (200)...
Turn 3462 (200)...
Turn 3463 (200)...
Turn 3464 (200)...
Turn 3465 (200)...
Turn 3466 (200)...
Turn 3467 (200)...
Turn 3468 (200)...
Turn 3469 (200)...
Turn 3470 (200)...
Turn 3471 (200)...
Turn 3472 (200)...
Turn 3473 (200)...
Turn 3474 (200)...
[THREAT] t=11.6m enemy army=69 siege=0 nearest=73m from home CC
Turn 3475 (200)...
Turn 3476 (200)...
Turn 3477 (200)...
Turn 3478 (200)...
Turn 3479 (200)...
Turn 3480 (200)...
Turn 3481 (200)...
Turn 3482 (200)...
Turn 3483 (200)...
Turn 3484 (200)...
[DEFENSE] t=11.6m engaging 8 enemies (siege=0) near CC 533,296 (army=32)
Turn 3485 (200)...
Turn 3486 (200)...
Turn 3487 (200)...
Turn 3488 (200)...
Turn 3489 (200)...
Turn 3490 (200)...
Turn 3491 (200)...
Turn 3492 (200)...
Turn 3493 (200)...
Turn 3494 (200)...
[HARNESS] t=11.7m metal pull-back: pulled 34, stuck 1 (served: 1 free, band: 0, in-terr far: 4, rejected full=0 region=0 enemy=1 cant=0)
Turn 3495 (200)...
Turn 3496 (200)...
Turn 3497 (200)...
Turn 3498 (200)...
Turn 3499 (200)...
[HARNESS] t=11.7m storehouse at 685,385 for mine 673,372 (3 underserved)
Turn 3500 (200)...
Turn 3501 (200)...
Turn 3502 (200)...
Turn 3503 (200)...
Turn 3504 (200)...
Turn 3505 (200)...
Turn 3506 (200)...
Turn 3507 (200)...
Turn 3508 (200)...
Turn 3509 (200)...
Turn 3510 (200)...
Turn 3511 (200)...
Turn 3512 (200)...
Turn 3513 (200)...
Turn 3514 (200)...
Turn 3515 (200)...
Turn 3516 (200)...
Turn 3517 (200)...
Turn 3518 (200)...
Turn 3519 (200)...
Turn 3520 (200)...
Turn 3521 (200)...
Turn 3522 (200)...
Turn 3523 (200)...
Turn 3524 (200)...
[DEFENSE] t=11.8m engaging 9 enemies (siege=0) near CC 542,291 (army=21)
Turn 3525 (200)...
Turn 3526 (200)...
Turn 3527 (200)...
Turn 3528 (200)...
Turn 3529 (200)...
Turn 3530 (200)...
Turn 3531 (200)...
Turn 3532 (200)...
Turn 3533 (200)...
Turn 3534 (200)...
Turn 3535 (200)...
Turn 3536 (200)...
Turn 3537 (200)...
Turn 3538 (200)...
Turn 3539 (200)...
Turn 3540 (200)...
Turn 3541 (200)...
Turn 3542 (200)...
Turn 3543 (200)...
Turn 3544 (200)...
Turn 3545 (200)...
Turn 3546 (200)...
Turn 3547 (200)...
Turn 3548 (200)...
Turn 3549 (200)...
Turn 3550 (200)...
Turn 3551 (200)...
Turn 3552 (200)...
Turn 3553 (200)...
Turn 3554 (200)...
Turn 3555 (200)...
Turn 3556 (200)...
Turn 3557 (200)...
Turn 3558 (200)...
Turn 3559 (200)...
Turn 3560 (200)...
Turn 3561 (200)...
Turn 3562 (200)...
Turn 3563 (200)...
Turn 3564 (200)...
Turn 3565 (200)...
Turn 3566 (200)...
Turn 3567 (200)...
Turn 3568 (200)...
Turn 3569 (200)...
Turn 3570 (200)...
Turn 3571 (200)...
Turn 3572 (200)...
Turn 3573 (200)...
Turn 3574 (200)...
Turn 3575 (200)...
Turn 3576 (200)...
Turn 3577 (200)...
Turn 3578 (200)...
Turn 3579 (200)...
Turn 3580 (200)...
Turn 3581 (200)...
Turn 3582 (200)...
Turn 3583 (200)...
Turn 3584 (200)...
Turn 3585 (200)...
Turn 3586 (200)...
Turn 3587 (200)...
Turn 3588 (200)...
Turn 3589 (200)...
Turn 3590 (200)...
Turn 3591 (200)...
Turn 3592 (200)...
Turn 3593 (200)...
Turn 3594 (200)...
Turn 3595 (200)...
Turn 3596 (200)...
Turn 3597 (200)...
Turn 3598 (200)...
Turn 3599 (200)...
Turn 3600 (200)...
Turn 3601 (200)...
Turn 3602 (200)...
Turn 3603 (200)...
Turn 3604 (200)...
Turn 3605 (200)...
Turn 3606 (200)...
Turn 3607 (200)...
Turn 3608 (200)...
Turn 3609 (200)...
Turn 3610 (200)...
Turn 3611 (200)...
Turn 3612 (200)...
Turn 3613 (200)...
Turn 3614 (200)...
Turn 3615 (200)...
Turn 3616 (200)...
Turn 3617 (200)...
Turn 3618 (200)...
Turn 3619 (200)...
Turn 3620 (200)...
Turn 3621 (200)...
Turn 3622 (200)...
Turn 3623 (200)...
Turn 3624 (200)...
Turn 3625 (200)...
Turn 3626 (200)...
Turn 3627 (200)...
Turn 3628 (200)...
Turn 3629 (200)...
Turn 3630 (200)...
Turn 3631 (200)...
Turn 3632 (200)...
Turn 3633 (200)...
Turn 3634 (200)...
Turn 3635 (200)...
Turn 3636 (200)...
Turn 3637 (200)...
Turn 3638 (200)...
Turn 3639 (200)...
Turn 3640 (200)...
Turn 3641 (200)...
Turn 3642 (200)...
Turn 3643 (200)...
Turn 3644 (200)...
Turn 3645 (200)...
Turn 3646 (200)...
Turn 3647 (200)...
Turn 3648 (200)...
Turn 3649 (200)...
Turn 3650 (200)...
Turn 3651 (200)...
Turn 3652 (200)...
Turn 3653 (200)...
Turn 3654 (200)...
Turn 3655 (200)...
Turn 3656 (200)...
Turn 3657 (200)...
Turn 3658 (200)...
Turn 3659 (200)...
Turn 3660 (200)...
Turn 3661 (200)...
Turn 3662 (200)...
Turn 3663 (200)...
Turn 3664 (200)...
Turn 3665 (200)...
Turn 3666 (200)...
Turn 3667 (200)...
Turn 3668 (200)...
Turn 3669 (200)...
Turn 3670 (200)...
Turn 3671 (200)...
Turn 3672 (200)...
Turn 3673 (200)...
Turn 3674 (200)...
Turn 3675 (200)...
Turn 3676 (200)...
Turn 3677 (200)...
Turn 3678 (200)...
Turn 3679 (200)...
Turn 3680 (200)...
Turn 3681 (200)...
Turn 3682 (200)...
Turn 3683 (200)...
Turn 3684 (200)...
Turn 3685 (200)...
Turn 3686 (200)...
Turn 3687 (200)...
Turn 3688 (200)...
Turn 3689 (200)...
Turn 3690 (200)...
Turn 3691 (200)...
Turn 3692 (200)...
Turn 3693 (200)...
Turn 3694 (200)...
Turn 3695 (200)...
Turn 3696 (200)...
Turn 3697 (200)...
Turn 3698 (200)...
Turn 3699 (200)...
Turn 3700 (200)...
Turn 3701 (200)...
Turn 3702 (200)...
Turn 3703 (200)...
Turn 3704 (200)...
Turn 3705 (200)...
Turn 3706 (200)...
Turn 3707 (200)...
Turn 3708 (200)...
Turn 3709 (200)...
Turn 3710 (200)...
Turn 3711 (200)...
Turn 3712 (200)...
Turn 3713 (200)...
Turn 3714 (200)...
Turn 3715 (200)...
Turn 3716 (200)...
Turn 3717 (200)...
Turn 3718 (200)...
Turn 3719 (200)...
Turn 3720 (200)...
Turn 3721 (200)...
Turn 3722 (200)...
Turn 3723 (200)...
Turn 3724 (200)...
Turn 3725 (200)...
Turn 3726 (200)...
Turn 3727 (200)...
Turn 3728 (200)...
Turn 3729 (200)...
Turn 3730 (200)...
Turn 3731 (200)...
Turn 3732 (200)...
Turn 3733 (200)...
Turn 3734 (200)...
Turn 3735 (200)...
Turn 3736 (200)...
Turn 3737 (200)...
Turn 3738 (200)...
Turn 3739 (200)...
Turn 3740 (200)...
Turn 3741 (200)...
Turn 3742 (200)...
Turn 3743 (200)...
Turn 3744 (200)...
Turn 3745 (200)...
Turn 3746 (200)...
Turn 3747 (200)...
Turn 3748 (200)...
Turn 3749 (200)...
[HARNESS] t=13m pop=150/175 idle=0 starved=0 gatherers food=30 wood=34 stone=0 metal=16 houses=31 fields=10 town=0 techs=2/10 rates wood=66% grain=82% fruit=- stone=82% metal=82% foodmix fruit=0 grain=2368 meat=60 dist wood=8m grain=11m fruit=-m founds=2 failedSpots=0 fruitStock=0 enemyArmy=47 siege=0 enemyNear=80m army=35 gar=0 demob=0 terr=- stock 6/54/695/772
Turn 3750 (200)...
Turn 3751 (200)...
Turn 3752 (200)...
Turn 3753 (200)...
Turn 3754 (200)...
Turn 3755 (200)...
Turn 3756 (200)...
Turn 3757 (200)...
Turn 3758 (200)...
Turn 3759 (200)...
Turn 3760 (200)...
Turn 3761 (200)...
Turn 3762 (200)...
Turn 3763 (200)...
Turn 3764 (200)...
Turn 3765 (200)...
Turn 3766 (200)...
Turn 3767 (200)...
Turn 3768 (200)...
Turn 3769 (200)...
Turn 3770 (200)...
Turn 3771 (200)...
Turn 3772 (200)...
Turn 3773 (200)...
Turn 3774 (200)...
Turn 3775 (200)...
Turn 3776 (200)...
Turn 3777 (200)...
Turn 3778 (200)...
Turn 3779 (200)...
Turn 3780 (200)...
Turn 3781 (200)...
Turn 3782 (200)...
Turn 3783 (200)...
Turn 3784 (200)...
Turn 3785 (200)...
Turn 3786 (200)...
Turn 3787 (200)...
Turn 3788 (200)...
Turn 3789 (200)...
Turn 3790 (200)...
Turn 3791 (200)...
Turn 3792 (200)...
Turn 3793 (200)...
Turn 3794 (200)...
Turn 3795 (200)...
Turn 3796 (200)...
Turn 3797 (200)...
Turn 3798 (200)...
Turn 3799 (200)...
Turn 3800 (200)...
Turn 3801 (200)...
Turn 3802 (200)...
Turn 3803 (200)...
Turn 3804 (200)...
Turn 3805 (200)...
Turn 3806 (200)...
Turn 3807 (200)...
Turn 3808 (200)...
Turn 3809 (200)...
Turn 3810 (200)...
Turn 3811 (200)...
Turn 3812 (200)...
Turn 3813 (200)...
Turn 3814 (200)...
Turn 3815 (200)...
Turn 3816 (200)...
Turn 3817 (200)...
Turn 3818 (200)...
Turn 3819 (200)...
[HARNESS] t=12.7m defense building temple
Turn 3820 (200)...
Turn 3821 (200)...
Turn 3822 (200)...
Turn 3823 (200)...
Turn 3824 (200)...
Turn 3825 (200)...
Turn 3826 (200)...
Turn 3827 (200)...
Turn 3828 (200)...
Turn 3829 (200)...
Turn 3830 (200)...
Turn 3831 (200)...
Turn 3832 (200)...
Turn 3833 (200)...
Turn 3834 (200)...
Turn 3835 (200)...
Turn 3836 (200)...
Turn 3837 (200)...
Turn 3838 (200)...
Turn 3839 (200)...
[HARNESS] t=12.8m tower at 642,279 for CC 628,268
Turn 3840 (200)...
Turn 3841 (200)...
Turn 3842 (200)...
Turn 3843 (200)...
Turn 3844 (200)...
Turn 3845 (200)...
Turn 3846 (200)...
Turn 3847 (200)...
Turn 3848 (200)...
Turn 3849 (200)...
Turn 3850 (200)...
Turn 3851 (200)...
Turn 3852 (200)...
Turn 3853 (200)...
Turn 3854 (200)...
Turn 3855 (200)...
Turn 3856 (200)...
Turn 3857 (200)...
Turn 3858 (200)...
Turn 3859 (200)...
Turn 3860 (200)...
Turn 3861 (200)...
Turn 3862 (200)...
Turn 3863 (200)...
Turn 3864 (200)...
[DEFENSE] t=12.9m demobilizing 37 soldiers to gathering
Turn 3865 (200)...
Turn 3866 (200)...
Turn 3867 (200)...
Turn 3868 (200)...
Turn 3869 (200)...
Turn 3870 (200)...
Turn 3871 (200)...
Turn 3872 (200)...
Turn 3873 (200)...
Turn 3874 (200)...
[HARNESS] t=12.9m tower at 575,296 for CC 628,268
Turn 3875 (200)...
Turn 3876 (200)...
Turn 3877 (200)...
Turn 3878 (200)...
Turn 3879 (200)...
Turn 3880 (200)...
Turn 3881 (200)...
Turn 3882 (200)...
Turn 3883 (200)...
Turn 3884 (200)...
Turn 3885 (200)...
Turn 3886 (200)...
Turn 3887 (200)...
Turn 3888 (200)...
Turn 3889 (200)...
Turn 3890 (200)...
Turn 3891 (200)...
Turn 3892 (200)...
Turn 3893 (200)...
Turn 3894 (200)...
Turn 3895 (200)...
Turn 3896 (200)...
Turn 3897 (200)...
Turn 3898 (200)...
Turn 3899 (200)...
Turn 3900 (200)...
Turn 3901 (200)...
Turn 3902 (200)...
Turn 3903 (200)...
Turn 3904 (200)...
Turn 3905 (200)...
Turn 3906 (200)...
Turn 3907 (200)...
Turn 3908 (200)...
Turn 3909 (200)...
[HARNESS] t=13.0m tower at 590,211 for CC 628,268
Turn 3910 (200)...
Turn 3911 (200)...
Turn 3912 (200)...
Turn 3913 (200)...
Turn 3914 (200)...
Turn 3915 (200)...
Turn 3916 (200)...
Turn 3917 (200)...
Turn 3918 (200)...
Turn 3919 (200)...
Turn 3920 (200)...
Turn 3921 (200)...
Turn 3922 (200)...
Turn 3923 (200)...
Turn 3924 (200)...
Turn 3925 (200)...
Turn 3926 (200)...
Turn 3927 (200)...
Turn 3928 (200)...
Turn 3929 (200)...
[DEFENSE] t=13.1m demobilizing 1 soldiers to gathering
Turn 3930 (200)...
Turn 3931 (200)...
Turn 3932 (200)...
Turn 3933 (200)...
Turn 3934 (200)...
Turn 3935 (200)...
Turn 3936 (200)...
Turn 3937 (200)...
Turn 3938 (200)...
Turn 3939 (200)...
Turn 3940 (200)...
Turn 3941 (200)...
Turn 3942 (200)...
Turn 3943 (200)...
Turn 3944 (200)...
Turn 3945 (200)...
Turn 3946 (200)...
Turn 3947 (200)...
Turn 3948 (200)...
Turn 3949 (200)...
Turn 3950 (200)...
Turn 3951 (200)...
Turn 3952 (200)...
Turn 3953 (200)...
Turn 3954 (200)...
Turn 3955 (200)...
Turn 3956 (200)...
Turn 3957 (200)...
Turn 3958 (200)...
Turn 3959 (200)...
Turn 3960 (200)...
Turn 3961 (200)...
Turn 3962 (200)...
Turn 3963 (200)...
Turn 3964 (200)...
Turn 3965 (200)...
Turn 3966 (200)...
Turn 3967 (200)...
Turn 3968 (200)...
Turn 3969 (200)...
Turn 3970 (200)...
Turn 3971 (200)...
Turn 3972 (200)...
Turn 3973 (200)...
Turn 3974 (200)...
[DEFENSE] t=13.3m demobilizing 1 soldiers to gathering
Turn 3975 (200)...
Turn 3976 (200)...
Turn 3977 (200)...
Turn 3978 (200)...
Turn 3979 (200)...
Turn 3980 (200)...
Turn 3981 (200)...
Turn 3982 (200)...
Turn 3983 (200)...
Turn 3984 (200)...
Turn 3985 (200)...
Turn 3986 (200)...
Turn 3987 (200)...
Turn 3988 (200)...
Turn 3989 (200)...
[HARNESS] t=13.3m tower at 691,234 for CC 628,268
Turn 3990 (200)...
Turn 3991 (200)...
Turn 3992 (200)...
Turn 3993 (200)...
Turn 3994 (200)...
Turn 3995 (200)...
Turn 3996 (200)...
Turn 3997 (200)...
Turn 3998 (200)...
Turn 3999 (200)...
Turn 4000 (200)...
Turn 4001 (200)...
Turn 4002 (200)...
Turn 4003 (200)...
Turn 4004 (200)...
[DEFENSE] t=13.4m demobilizing 1 soldiers to gathering
Turn 4005 (200)...
Turn 4006 (200)...
Turn 4007 (200)...
Turn 4008 (200)...
Turn 4009 (200)...
Turn 4010 (200)...
Turn 4011 (200)...
Turn 4012 (200)...
Turn 4013 (200)...
Turn 4014 (200)...
[HARNESS] t=13.4m tower at 628,344 for CC 628,268
Turn 4015 (200)...
Turn 4016 (200)...
Turn 4017 (200)...
Turn 4018 (200)...
Turn 4019 (200)...
[DEFENSE] t=13.4m demobilizing 1 soldiers to gathering
Turn 4020 (200)...
Turn 4021 (200)...
Turn 4022 (200)...
Turn 4023 (200)...
Turn 4024 (200)...
Turn 4025 (200)...
Turn 4026 (200)...
Turn 4027 (200)...
Turn 4028 (200)...
Turn 4029 (200)...
Turn 4030 (200)...
Turn 4031 (200)...
Turn 4032 (200)...
Turn 4033 (200)...
Turn 4034 (200)...
Turn 4035 (200)...
Turn 4036 (200)...
Turn 4037 (200)...
Turn 4038 (200)...
Turn 4039 (200)...
Turn 4040 (200)...
Turn 4041 (200)...
Turn 4042 (200)...
Turn 4043 (200)...
Turn 4044 (200)...
[HARNESS] t=13.5m farmstead at 527,292 for fields 543,289 (2 underserved)
Turn 4045 (200)...
Turn 4046 (200)...
Turn 4047 (200)...
Turn 4048 (200)...
Turn 4049 (200)...
[DEFENSE] t=13.5m demobilizing 1 soldiers to gathering
Turn 4050 (200)...
Turn 4051 (200)...
Turn 4052 (200)...
Turn 4053 (200)...
Turn 4054 (200)...
Turn 4055 (200)...
Turn 4056 (200)...
Turn 4057 (200)...
Turn 4058 (200)...
Turn 4059 (200)...
Turn 4060 (200)...
Turn 4061 (200)...
Turn 4062 (200)...
Turn 4063 (200)...
Turn 4064 (200)...
Turn 4065 (200)...
Turn 4066 (200)...
Turn 4067 (200)...
Turn 4068 (200)...
Turn 4069 (200)...
Turn 4070 (200)...
Turn 4071 (200)...
Turn 4072 (200)...
Turn 4073 (200)...
Turn 4074 (200)...
[DEFENSE] t=13.6m demobilizing 1 soldiers to gathering
Turn 4075 (200)...
Turn 4076 (200)...
Turn 4077 (200)...
Turn 4078 (200)...
Turn 4079 (200)...
Turn 4080 (200)...
Turn 4081 (200)...
Turn 4082 (200)...
Turn 4083 (200)...
Turn 4084 (200)...
Turn 4085 (200)...
Turn 4086 (200)...
Turn 4087 (200)...
Turn 4088 (200)...
Turn 4089 (200)...
Turn 4090 (200)...
Turn 4091 (200)...
Turn 4092 (200)...
Turn 4093 (200)...
Turn 4094 (200)...
Turn 4095 (200)...
Turn 4096 (200)...
Turn 4097 (200)...
Turn 4098 (200)...
Turn 4099 (200)...
Turn 4100 (200)...
Turn 4101 (200)...
Turn 4102 (200)...
Turn 4103 (200)...
Turn 4104 (200)...
[HARNESS] t=13.7m storehouse at 668,337 for wood 660,330 (2 underserved + 2 frontier, mass 615)
Turn 4105 (200)...
Turn 4106 (200)...
Turn 4107 (200)...
Turn 4108 (200)...
Turn 4109 (200)...
[HARNESS] t=13.7m rush-building storehouse at 668,337 (8 wood choppers)
Turn 4110 (200)...
Turn 4111 (200)...
Turn 4112 (200)...
Turn 4113 (200)...
Turn 4114 (200)...
Turn 4115 (200)...
Turn 4116 (200)...
Turn 4117 (200)...
Turn 4118 (200)...
Turn 4119 (200)...
[DEFENSE] t=13.7m demobilizing 1 soldiers to gathering
Turn 4120 (200)...
Turn 4121 (200)...
Turn 4122 (200)...
Turn 4123 (200)...
Turn 4124 (200)...
Turn 4125 (200)...
Turn 4126 (200)...
Turn 4127 (200)...
Turn 4128 (200)...
Turn 4129 (200)...
Turn 4130 (200)...
Turn 4131 (200)...
Turn 4132 (200)...
Turn 4133 (200)...
Turn 4134 (200)...
Turn 4135 (200)...
Turn 4136 (200)...
Turn 4137 (200)...
Turn 4138 (200)...
Turn 4139 (200)...
Turn 4140 (200)...
Turn 4141 (200)...
Turn 4142 (200)...
Turn 4143 (200)...
Turn 4144 (200)...
Turn 4145 (200)...
Turn 4146 (200)...
Turn 4147 (200)...
Turn 4148 (200)...
Turn 4149 (200)...
[HARNESS] t=13.8m storehouse at 735,359 for wood 738,370 (3 underserved + 3 frontier, mass 3441)
Turn 4150 (200)...
Turn 4151 (200)...
Turn 4152 (200)...
Turn 4153 (200)...
Turn 4154 (200)...
[HARNESS] t=13.9m rush-building storehouse at 735,359 (8 wood choppers)
Turn 4155 (200)...
Turn 4156 (200)...
Turn 4157 (200)...
Turn 4158 (200)...
Turn 4159 (200)...
[DEFENSE] t=13.9m demobilizing 1 soldiers to gathering
Turn 4160 (200)...
Turn 4161 (200)...
Turn 4162 (200)...
Turn 4163 (200)...
Turn 4164 (200)...
[DEFENSE] t=13.9m demobilizing 1 soldiers to gathering
Turn 4165 (200)...
Turn 4166 (200)...
Turn 4167 (200)...
Turn 4168 (200)...
Turn 4169 (200)...
Turn 4170 (200)...
Turn 4171 (200)...
Turn 4172 (200)...
Turn 4173 (200)...
Turn 4174 (200)...
Turn 4175 (200)...
Turn 4176 (200)...
Turn 4177 (200)...
Turn 4178 (200)...
Turn 4179 (200)...
Turn 4180 (200)...
Turn 4181 (200)...
Turn 4182 (200)...
Turn 4183 (200)...
Turn 4184 (200)...
Turn 4185 (200)...
Turn 4186 (200)...
Turn 4187 (200)...
Turn 4188 (200)...
Turn 4189 (200)...
Turn 4190 (200)...
Turn 4191 (200)...
Turn 4192 (200)...
Turn 4193 (200)...
Turn 4194 (200)...
Turn 4195 (200)...
Turn 4196 (200)...
Turn 4197 (200)...
Turn 4198 (200)...
Turn 4199 (200)...
Turn 4200 (200)...
Turn 4201 (200)...
Turn 4202 (200)...
Turn 4203 (200)...
Turn 4204 (200)...
[DEFENSE] t=14.0m demobilizing 1 soldiers to gathering
Turn 4205 (200)...
Turn 4206 (200)...
Turn 4207 (200)...
Turn 4208 (200)...
Turn 4209 (200)...
[DEFENSE] t=14.0m demobilizing 1 soldiers to gathering
Turn 4210 (200)...
Turn 4211 (200)...
Turn 4212 (200)...
Turn 4213 (200)...
Turn 4214 (200)...
Turn 4215 (200)...
Turn 4216 (200)...
Turn 4217 (200)...
Turn 4218 (200)...
Turn 4219 (200)...
Turn 4220 (200)...
Turn 4221 (200)...
Turn 4222 (200)...
Turn 4223 (200)...
Turn 4224 (200)...
Turn 4225 (200)...
Turn 4226 (200)...
Turn 4227 (200)...
Turn 4228 (200)...
Turn 4229 (200)...
Turn 4230 (200)...
Turn 4231 (200)...
Turn 4232 (200)...
Turn 4233 (200)...
Turn 4234 (200)...
Turn 4235 (200)...
Turn 4236 (200)...
Turn 4237 (200)...
Turn 4238 (200)...
Turn 4239 (200)...
Turn 4240 (200)...
Turn 4241 (200)...
Turn 4242 (200)...
Turn 4243 (200)...
Turn 4244 (200)...
Turn 4245 (200)...
Turn 4246 (200)...
Turn 4247 (200)...
Turn 4248 (200)...
Turn 4249 (200)...
[DEFENSE] t=14.2m demobilizing 2 soldiers to gathering
Turn 4250 (200)...
Turn 4251 (200)...
Turn 4252 (200)...
Turn 4253 (200)...
Turn 4254 (200)...
[DEFENSE] t=14.2m demobilizing 1 soldiers to gathering
Turn 4255 (200)...
Turn 4256 (200)...
Turn 4257 (200)...
Turn 4258 (200)...
Turn 4259 (200)...
Turn 4260 (200)...
Turn 4261 (200)...
Turn 4262 (200)...
Turn 4263 (200)...
Turn 4264 (200)...
Turn 4265 (200)...
Turn 4266 (200)...
Turn 4267 (200)...
Turn 4268 (200)...
Turn 4269 (200)...
Turn 4270 (200)...
Turn 4271 (200)...
Turn 4272 (200)...
Turn 4273 (200)...
Turn 4274 (200)...
Turn 4275 (200)...
Turn 4276 (200)...
Turn 4277 (200)...
Turn 4278 (200)...
Turn 4279 (200)...
Turn 4280 (200)...
Turn 4281 (200)...
Turn 4282 (200)...
Turn 4283 (200)...
Turn 4284 (200)...
Turn 4285 (200)...
Turn 4286 (200)...
Turn 4287 (200)...
Turn 4288 (200)...
Turn 4289 (200)...
Turn 4290 (200)...
Turn 4291 (200)...
Turn 4292 (200)...
Turn 4293 (200)...
Turn 4294 (200)...
[DEFENSE] t=14.3m demobilizing 2 soldiers to gathering
Turn 4295 (200)...
Turn 4296 (200)...
Turn 4297 (200)...
Turn 4298 (200)...
Turn 4299 (200)...
[DEFENSE] t=14.3m demobilizing 1 soldiers to gathering
Turn 4300 (200)...
Turn 4301 (200)...
Turn 4302 (200)...
Turn 4303 (200)...
Turn 4304 (200)...
Turn 4305 (200)...
Turn 4306 (200)...
Turn 4307 (200)...
Turn 4308 (200)...
Turn 4309 (200)...
Turn 4310 (200)...
Turn 4311 (200)...
Turn 4312 (200)...
Turn 4313 (200)...
Turn 4314 (200)...
Turn 4315 (200)...
Turn 4316 (200)...
Turn 4317 (200)...
Turn 4318 (200)...
Turn 4319 (200)...
Turn 4320 (200)...
Turn 4321 (200)...
Turn 4322 (200)...
Turn 4323 (200)...
Turn 4324 (200)...
Turn 4325 (200)...
Turn 4326 (200)...
Turn 4327 (200)...
Turn 4328 (200)...
Turn 4329 (200)...
Turn 4330 (200)...
Turn 4331 (200)...
Turn 4332 (200)...
Turn 4333 (200)...
Turn 4334 (200)...
Turn 4335 (200)...
Turn 4336 (200)...
Turn 4337 (200)...
Turn 4338 (200)...
Turn 4339 (200)...
[DEFENSE] t=14.5m demobilizing 2 soldiers to gathering
Turn 4340 (200)...
Turn 4341 (200)...
Turn 4342 (200)...
Turn 4343 (200)...
Turn 4344 (200)...
[DEFENSE] t=14.5m demobilizing 1 soldiers to gathering
Turn 4345 (200)...
Turn 4346 (200)...
Turn 4347 (200)...
Turn 4348 (200)...
Turn 4349 (200)...
Turn 4350 (200)...
Turn 4351 (200)...
Turn 4352 (200)...
Turn 4353 (200)...
Turn 4354 (200)...
[HARNESS] t=14.5m storehouse at 690,356 for wood 698,350 (3 underserved + 3 frontier, mass 1194)
Turn 4355 (200)...
Turn 4356 (200)...
Turn 4357 (200)...
Turn 4358 (200)...
Turn 4359 (200)...
[HARNESS] t=14.5m rush-building storehouse at 690,356 (8 wood choppers)
Turn 4360 (200)...
Turn 4361 (200)...
Turn 4362 (200)...
Turn 4363 (200)...
Turn 4364 (200)...
Turn 4365 (200)...
Turn 4366 (200)...
Turn 4367 (200)...
Turn 4368 (200)...
Turn 4369 (200)...
Turn 4370 (200)...
Turn 4371 (200)...
Turn 4372 (200)...
Turn 4373 (200)...
Turn 4374 (200)...
Turn 4375 (200)...
Turn 4376 (200)...
Turn 4377 (200)...
Turn 4378 (200)...
Turn 4379 (200)...
Turn 4380 (200)...
Turn 4381 (200)...
Turn 4382 (200)...
Turn 4383 (200)...
Turn 4384 (200)...
Turn 4385 (200)...
Turn 4386 (200)...
Turn 4387 (200)...
Turn 4388 (200)...
Turn 4389 (200)...
[DEFENSE] t=14.6m demobilizing 1 soldiers to gathering
Turn 4390 (200)...
Turn 4391 (200)...
Turn 4392 (200)...
Turn 4393 (200)...
Turn 4394 (200)...
Turn 4395 (200)...
Turn 4396 (200)...
Turn 4397 (200)...
Turn 4398 (200)...
Turn 4399 (200)...
[HARNESS] t=14.7m storehouse at 569,366 for wood 578,358 (0 underserved + 2 frontier, mass 1764)
Turn 4400 (200)...
Turn 4401 (200)...
Turn 4402 (200)...
Turn 4403 (200)...
Turn 4404 (200)...
[HARNESS] t=14.7m rush-building storehouse at 569,366 (8 wood choppers)
Turn 4405 (200)...
Turn 4406 (200)...
Turn 4407 (200)...
Turn 4408 (200)...
Turn 4409 (200)...
Turn 4410 (200)...
Turn 4411 (200)...
Turn 4412 (200)...
Turn 4413 (200)...
Turn 4414 (200)...
[DEFENSE] t=14.7m demobilizing 1 soldiers to gathering
Turn 4415 (200)...
Turn 4416 (200)...
Turn 4417 (200)...
Turn 4418 (200)...
Turn 4419 (200)...
Turn 4420 (200)...
Turn 4421 (200)...
Turn 4422 (200)...
Turn 4423 (200)...
Turn 4424 (200)...
Turn 4425 (200)...
Turn 4426 (200)...
Turn 4427 (200)...
Turn 4428 (200)...
Turn 4429 (200)...
Turn 4430 (200)...
Turn 4431 (200)...
Turn 4432 (200)...
Turn 4433 (200)...
Turn 4434 (200)...
[DEFENSE] t=14.8m demobilizing 1 soldiers to gathering
Turn 4435 (200)...
Turn 4436 (200)...
Turn 4437 (200)...
Turn 4438 (200)...
Turn 4439 (200)...
Turn 4440 (200)...
Turn 4441 (200)...
Turn 4442 (200)...
Turn 4443 (200)...
Turn 4444 (200)...
Turn 4445 (200)...
Turn 4446 (200)...
Turn 4447 (200)...
Turn 4448 (200)...
Turn 4449 (200)...
[HARNESS] t=14.8m research gather_farming_harvester
Turn 4450 (200)...
Turn 4451 (200)...
Turn 4452 (200)...
Turn 4453 (200)...
Turn 4454 (200)...
Turn 4455 (200)...
Turn 4456 (200)...
Turn 4457 (200)...
Turn 4458 (200)...
Turn 4459 (200)...
Turn 4460 (200)...
Turn 4461 (200)...
Turn 4462 (200)...
Turn 4463 (200)...
Turn 4464 (200)...
Turn 4465 (200)...
Turn 4466 (200)...
Turn 4467 (200)...
Turn 4468 (200)...
Turn 4469 (200)...
Turn 4470 (200)...
Turn 4471 (200)...
Turn 4472 (200)...
Turn 4473 (200)...
Turn 4474 (200)...
Turn 4475 (200)...
Turn 4476 (200)...
Turn 4477 (200)...
Turn 4478 (200)...
Turn 4479 (200)...
[HARNESS] t=14.9m research gather_lumbering_ironaxes
Turn 4480 (200)...
Turn 4481 (200)...
Turn 4482 (200)...
Turn 4483 (200)...
Turn 4484 (200)...
Turn 4485 (200)...
Turn 4486 (200)...
Turn 4487 (200)...
Turn 4488 (200)...
Turn 4489 (200)...
Turn 4490 (200)...
Turn 4491 (200)...
Turn 4492 (200)...
Turn 4493 (200)...
Turn 4494 (200)...
Turn 4495 (200)...
Turn 4496 (200)...
Turn 4497 (200)...
Turn 4498 (200)...
Turn 4499 (200)...
[DEFENSE] t=15.0m remobilizing 60 soldiers
[DEFENSE] t=15.0m wave of 8 at 399m of CC 628,268 — mustering melee=18 ranged=42 healers=0
[HARNESS] t=15.0m building forge
[HARNESS] t=15m pop=197/215 idle=9 starved=0 gatherers food=58 wood=53 stone=2 metal=3 houses=39 fields=13 town=1 techs=2/10 rates wood=64% grain=75% fruit=- stone=84% metal=68% foodmix fruit=0 grain=2414 meat=0 dist wood=11m grain=4m fruit=-m founds=2 failedSpots=0 fruitStock=0 enemyArmy=48 siege=0 enemyNear=358m army=60 gar=0 demob=0 terr=- stock 45/245/719/970
Turn 4500 (200)...
Turn 4501 (200)...
Turn 4502 (200)...
Turn 4503 (200)...
Turn 4504 (200)...
Turn 4505 (200)...
Turn 4506 (200)...
Turn 4507 (200)...
Turn 4508 (200)...
Turn 4509 (200)...
Turn 4510 (200)...
Turn 4511 (200)...
Turn 4512 (200)...
Turn 4513 (200)...
Turn 4514 (200)...
Turn 4515 (200)...
Turn 4516 (200)...
Turn 4517 (200)...
Turn 4518 (200)...
Turn 4519 (200)...
Turn 4520 (200)...
Turn 4521 (200)...
Turn 4522 (200)...
Turn 4523 (200)...
Turn 4524 (200)...
Turn 4525 (200)...
Turn 4526 (200)...
Turn 4527 (200)...
Turn 4528 (200)...
Turn 4529 (200)...
Turn 4530 (200)...
Turn 4531 (200)...
Turn 4532 (200)...
Turn 4533 (200)...
Turn 4534 (200)...
Turn 4535 (200)...
Turn 4536 (200)...
Turn 4537 (200)...
Turn 4538 (200)...
Turn 4539 (200)...
[DEFENSE] t=15.1m demobilizing 60 soldiers to gathering
Turn 4540 (200)...
Turn 4541 (200)...
Turn 4542 (200)...
Turn 4543 (200)...
Turn 4544 (200)...
Turn 4545 (200)...
Turn 4546 (200)...
Turn 4547 (200)...
Turn 4548 (200)...
Turn 4549 (200)...
Turn 4550 (200)...
Turn 4551 (200)...
Turn 4552 (200)...
Turn 4553 (200)...
Turn 4554 (200)...
Turn 4555 (200)...
Turn 4556 (200)...
Turn 4557 (200)...
Turn 4558 (200)...
Turn 4559 (200)...
Turn 4560 (200)...
Turn 4561 (200)...
Turn 4562 (200)...
Turn 4563 (200)...
Turn 4564 (200)...
Turn 4565 (200)...
Turn 4566 (200)...
Turn 4567 (200)...
Turn 4568 (200)...
Turn 4569 (200)...
Turn 4570 (200)...
Turn 4571 (200)...
Turn 4572 (200)...
Turn 4573 (200)...
Turn 4574 (200)...
[HARNESS] t=15.3m storehouse at 726,378 for wood 726,388 (0 underserved + 2 frontier, mass 1527)
Turn 4575 (200)...
Turn 4576 (200)...
Turn 4577 (200)...
Turn 4578 (200)...
Turn 4579 (200)...
[HARNESS] t=15.3m rush-building storehouse at 726,378 (8 wood choppers)
Turn 4580 (200)...
Turn 4581 (200)...
Turn 4582 (200)...
Turn 4583 (200)...
Turn 4584 (200)...
Turn 4585 (200)...
Turn 4586 (200)...
Turn 4587 (200)...
Turn 4588 (200)...
Turn 4589 (200)...
Turn 4590 (200)...
Turn 4591 (200)...
Turn 4592 (200)...
Turn 4593 (200)...
Turn 4594 (200)...
Turn 4595 (200)...
Turn 4596 (200)...
Turn 4597 (200)...
Turn 4598 (200)...
Turn 4599 (200)...
Turn 4600 (200)...
Turn 4601 (200)...
Turn 4602 (200)...
Turn 4603 (200)...
Turn 4604 (200)...
[DEFENSE] t=15.4m remobilizing 60 soldiers
Turn 4605 (200)...
Turn 4606 (200)...
Turn 4607 (200)...
Turn 4608 (200)...
Turn 4609 (200)...
Turn 4610 (200)...
Turn 4611 (200)...
Turn 4612 (200)...
Turn 4613 (200)...
Turn 4614 (200)...
Turn 4615 (200)...
Turn 4616 (200)...
Turn 4617 (200)...
Turn 4618 (200)...
Turn 4619 (200)...
Turn 4620 (200)...
Turn 4621 (200)...
Turn 4622 (200)...
Turn 4623 (200)...
Turn 4624 (200)...
Turn 4625 (200)...
Turn 4626 (200)...
Turn 4627 (200)...
Turn 4628 (200)...
Turn 4629 (200)...
Turn 4630 (200)...
Turn 4631 (200)...
Turn 4632 (200)...
Turn 4633 (200)...
Turn 4634 (200)...
Turn 4635 (200)...
Turn 4636 (200)...
Turn 4637 (200)...
Turn 4638 (200)...
Turn 4639 (200)...
Turn 4640 (200)...
Turn 4641 (200)...
Turn 4642 (200)...
Turn 4643 (200)...
Turn 4644 (200)...
Turn 4645 (200)...
Turn 4646 (200)...
Turn 4647 (200)...
Turn 4648 (200)...
Turn 4649 (200)...
[DEFENSE] t=15.5m demobilizing 60 soldiers to gathering
Turn 4650 (200)...
Turn 4651 (200)...
Turn 4652 (200)...
Turn 4653 (200)...
Turn 4654 (200)...
Turn 4655 (200)...
Turn 4656 (200)...
Turn 4657 (200)...
Turn 4658 (200)...
Turn 4659 (200)...
Turn 4660 (200)...
Turn 4661 (200)...
Turn 4662 (200)...
Turn 4663 (200)...
Turn 4664 (200)...
Turn 4665 (200)...
Turn 4666 (200)...
Turn 4667 (200)...
Turn 4668 (200)...
Turn 4669 (200)...
Turn 4670 (200)...
Turn 4671 (200)...
Turn 4672 (200)...
Turn 4673 (200)...
Turn 4674 (200)...
Turn 4675 (200)...
Turn 4676 (200)...
Turn 4677 (200)...
Turn 4678 (200)...
Turn 4679 (200)...
Turn 4680 (200)...
Turn 4681 (200)...
Turn 4682 (200)...
Turn 4683 (200)...
Turn 4684 (200)...
[HARNESS] t=15.6m storehouse at 563,343 for wood 554,338 (0 underserved + 1 frontier, mass 1312)
Turn 4685 (200)...
Turn 4686 (200)...
Turn 4687 (200)...
Turn 4688 (200)...
Turn 4689 (200)...
[HARNESS] t=15.6m rush-building storehouse at 563,343 (8 wood choppers)
Turn 4690 (200)...
Turn 4691 (200)...
Turn 4692 (200)...
Turn 4693 (200)...
Turn 4694 (200)...
Turn 4695 (200)...
Turn 4696 (200)...
Turn 4697 (200)...
Turn 4698 (200)...
Turn 4699 (200)...
Turn 4700 (200)...
Turn 4701 (200)...
Turn 4702 (200)...
Turn 4703 (200)...
Turn 4704 (200)...
Turn 4705 (200)...
Turn 4706 (200)...
Turn 4707 (200)...
Turn 4708 (200)...
Turn 4709 (200)...
[HARNESS] t=15.7m farmstead at 548,218 for fields 560,200 (2 underserved)
Turn 4710 (200)...
Turn 4711 (200)...
Turn 4712 (200)...
Turn 4713 (200)...
Turn 4714 (200)...
Turn 4715 (200)...
Turn 4716 (200)...
Turn 4717 (200)...
Turn 4718 (200)...
Turn 4719 (200)...
Turn 4720 (200)...
Turn 4721 (200)...
Turn 4722 (200)...
Turn 4723 (200)...
Turn 4724 (200)...
Turn 4725 (200)...
Turn 4726 (200)...
Turn 4727 (200)...
Turn 4728 (200)...
Turn 4729 (200)...
[HARNESS] t=15.8m storehouse at 542,328 for wood 534,322 (0 underserved + 2 frontier, mass 958)
Turn 4730 (200)...
Turn 4731 (200)...
Turn 4732 (200)...
Turn 4733 (200)...
Turn 4734 (200)...
[HARNESS] t=15.8m rush-building storehouse at 542,328 (8 wood choppers)
Turn 4735 (200)...
Turn 4736 (200)...
Turn 4737 (200)...
Turn 4738 (200)...
Turn 4739 (200)...
Turn 4740 (200)...
Turn 4741 (200)...
Turn 4742 (200)...
Turn 4743 (200)...
Turn 4744 (200)...
Turn 4745 (200)...
Turn 4746 (200)...
Turn 4747 (200)...
Turn 4748 (200)...
Turn 4749 (200)...
Turn 4750 (200)...
Turn 4751 (200)...
Turn 4752 (200)...
Turn 4753 (200)...
Turn 4754 (200)...
Turn 4755 (200)...
Turn 4756 (200)...
Turn 4757 (200)...
Turn 4758 (200)...
Turn 4759 (200)...
Turn 4760 (200)...
Turn 4761 (200)...
Turn 4762 (200)...
Turn 4763 (200)...
Turn 4764 (200)...
Turn 4765 (200)...
Turn 4766 (200)...
Turn 4767 (200)...
Turn 4768 (200)...
Turn 4769 (200)...
Turn 4770 (200)...
Turn 4771 (200)...
Turn 4772 (200)...
Turn 4773 (200)...
Turn 4774 (200)...
Turn 4775 (200)...
Turn 4776 (200)...
Turn 4777 (200)...
Turn 4778 (200)...
Turn 4779 (200)...
[HARNESS] t=15.9m research gather_farming_training
Turn 4780 (200)...
Turn 4781 (200)...
Turn 4782 (200)...
Turn 4783 (200)...
Turn 4784 (200)...
Turn 4785 (200)...
Turn 4786 (200)...
Turn 4787 (200)...
Turn 4788 (200)...
Turn 4789 (200)...
Turn 4790 (200)...
Turn 4791 (200)...
Turn 4792 (200)...
Turn 4793 (200)...
Turn 4794 (200)...
Turn 4795 (200)...
Turn 4796 (200)...
Turn 4797 (200)...
Turn 4798 (200)...
Turn 4799 (200)...
Turn 4800 (200)...
Turn 4801 (200)...
Turn 4802 (200)...
Turn 4803 (200)...
Turn 4804 (200)...
Turn 4805 (200)...
Turn 4806 (200)...
Turn 4807 (200)...
Turn 4808 (200)...
Turn 4809 (200)...
Turn 4810 (200)...
Turn 4811 (200)...
Turn 4812 (200)...
Turn 4813 (200)...
Turn 4814 (200)...
Turn 4815 (200)...
Turn 4816 (200)...
Turn 4817 (200)...
Turn 4818 (200)...
Turn 4819 (200)...
[HARNESS] t=16.1m research pop_house_01
Turn 4820 (200)...
Turn 4821 (200)...
Turn 4822 (200)...
Turn 4823 (200)...
Turn 4824 (200)...
Turn 4825 (200)...
Turn 4826 (200)...
Turn 4827 (200)...
Turn 4828 (200)...
Turn 4829 (200)...
Turn 4830 (200)...
Turn 4831 (200)...
Turn 4832 (200)...
Turn 4833 (200)...
Turn 4834 (200)...
Turn 4835 (200)...
Turn 4836 (200)...
Turn 4837 (200)...
Turn 4838 (200)...
Turn 4839 (200)...
Turn 4840 (200)...
Turn 4841 (200)...
Turn 4842 (200)...
Turn 4843 (200)...
Turn 4844 (200)...
[HARNESS] t=16.2m storehouse at 637,401 for wood 640,392 (5 underserved + 6 frontier, mass 1190)
Turn 4845 (200)...
Turn 4846 (200)...
Turn 4847 (200)...
Turn 4848 (200)...
Turn 4849 (200)...
[HARNESS] t=16.2m rush-building storehouse at 637,401 (8 wood choppers)
Turn 4850 (200)...
Turn 4851 (200)...
Turn 4852 (200)...
Turn 4853 (200)...
Turn 4854 (200)...
[HARNESS] t=16.2m wood storehouse gated at 701,421 (mass 426, ccDist 169m)
[HARNESS] t=16.2m storehouse at 643,420 for wood 650,430 (0 underserved + 6 frontier, mass 4990)
Turn 4855 (200)...
Turn 4856 (200)...
Turn 4857 (200)...
Turn 4858 (200)...
Turn 4859 (200)...
[HARNESS] t=16.2m rush-building storehouse at 643,420 (8 wood choppers)
Turn 4860 (200)...
Turn 4861 (200)...
Turn 4862 (200)...
Turn 4863 (200)...
Turn 4864 (200)...
Turn 4865 (200)...
Turn 4866 (200)...
Turn 4867 (200)...
Turn 4868 (200)...
Turn 4869 (200)...
[HARNESS] t=16.2m farmstead at 619,377 for fields 614,352 (3 underserved)
Turn 4870 (200)...
Turn 4871 (200)...
Turn 4872 (200)...
Turn 4873 (200)...
Turn 4874 (200)...
Turn 4875 (200)...
Turn 4876 (200)...
Turn 4877 (200)...
Turn 4878 (200)...
Turn 4879 (200)...
Turn 4880 (200)...
Turn 4881 (200)...
Turn 4882 (200)...
Turn 4883 (200)...
Turn 4884 (200)...
Turn 4885 (200)...
Turn 4886 (200)...
Turn 4887 (200)...
Turn 4888 (200)...
Turn 4889 (200)...
Turn 4890 (200)...
Turn 4891 (200)...
Turn 4892 (200)...
Turn 4893 (200)...
Turn 4894 (200)...
Turn 4895 (200)...
Turn 4896 (200)...
Turn 4897 (200)...
Turn 4898 (200)...
Turn 4899 (200)...
[DEFENSE] t=16.3m demobilizing 3 soldiers to gathering
Turn 4900 (200)...
Turn 4901 (200)...
Turn 4902 (200)...
Turn 4903 (200)...
Turn 4904 (200)...
Turn 4905 (200)...
Turn 4906 (200)...
Turn 4907 (200)...
Turn 4908 (200)...
Turn 4909 (200)...
Turn 4910 (200)...
Turn 4911 (200)...
Turn 4912 (200)...
Turn 4913 (200)...
Turn 4914 (200)...
[HARNESS] t=16.4m research gather_capacity_basket
Turn 4915 (200)...
Turn 4916 (200)...
Turn 4917 (200)...
Turn 4918 (200)...
Turn 4919 (200)...
Turn 4920 (200)...
Turn 4921 (200)...
Turn 4922 (200)...
Turn 4923 (200)...
Turn 4924 (200)...
Turn 4925 (200)...
Turn 4926 (200)...
Turn 4927 (200)...
Turn 4928 (200)...
Turn 4929 (200)...
Turn 4930 (200)...
Turn 4931 (200)...
Turn 4932 (200)...
Turn 4933 (200)...
Turn 4934 (200)...
Turn 4935 (200)...
Turn 4936 (200)...
Turn 4937 (200)...
Turn 4938 (200)...
Turn 4939 (200)...
Turn 4940 (200)...
Turn 4941 (200)...
Turn 4942 (200)...
Turn 4943 (200)...
Turn 4944 (200)...
[HARNESS] t=16.5m building market
Turn 4945 (200)...
Turn 4946 (200)...
Turn 4947 (200)...
Turn 4948 (200)...
Turn 4949 (200)...
Turn 4950 (200)...
Turn 4951 (200)...
Turn 4952 (200)...
Turn 4953 (200)...
Turn 4954 (200)...
Turn 4955 (200)...
Turn 4956 (200)...
Turn 4957 (200)...
Turn 4958 (200)...
Turn 4959 (200)...
[DEFENSE] t=16.5m wave dispersed, muster disbanded
[HARNESS] t=16.5m building tavern
Turn 4960 (200)...
Turn 4961 (200)...
Turn 4962 (200)...
Turn 4963 (200)...
Turn 4964 (200)...
Turn 4965 (200)...
Turn 4966 (200)...
Turn 4967 (200)...
Turn 4968 (200)...
Turn 4969 (200)...
Turn 4970 (200)...
Turn 4971 (200)...
Turn 4972 (200)...
Turn 4973 (200)...
Turn 4974 (200)...
Turn 4975 (200)...
Turn 4976 (200)...
Turn 4977 (200)...
Turn 4978 (200)...
Turn 4979 (200)...
Turn 4980 (200)...
Turn 4981 (200)...
Turn 4982 (200)...
Turn 4983 (200)...
Turn 4984 (200)...
Turn 4985 (200)...
Turn 4986 (200)...
Turn 4987 (200)...
Turn 4988 (200)...
Turn 4989 (200)...
Turn 4990 (200)...
Turn 4991 (200)...
Turn 4992 (200)...
Turn 4993 (200)...
Turn 4994 (200)...
Turn 4995 (200)...
Turn 4996 (200)...
Turn 4997 (200)...
Turn 4998 (200)...
Turn 4999 (200)...
Turn 5000 (200)...
Turn 5001 (200)...
Turn 5002 (200)...
Turn 5003 (200)...
Turn 5004 (200)...
Turn 5005 (200)...
Turn 5006 (200)...
Turn 5007 (200)...
Turn 5008 (200)...
Turn 5009 (200)...
Turn 5010 (200)...
Turn 5011 (200)...
Turn 5012 (200)...
Turn 5013 (200)...
Turn 5014 (200)...
[DEFENSE] t=16.7m demobilizing 3 soldiers to gathering
Turn 5015 (200)...
Turn 5016 (200)...
Turn 5017 (200)...
Turn 5018 (200)...
Turn 5019 (200)...
[DEFENSE] t=16.7m demobilizing 3 soldiers to gathering
[HARNESS] t=16.7m storehouse at 523,377 for wood 515,371 (6 underserved + 7 frontier, mass 1998)
Turn 5020 (200)...
Turn 5021 (200)...
Turn 5022 (200)...
Turn 5023 (200)...
Turn 5024 (200)...
[HARNESS] t=16.8m rush-building storehouse at 523,377 (8 wood choppers)
Turn 5025 (200)...
Turn 5026 (200)...
Turn 5027 (200)...
Turn 5028 (200)...
Turn 5029 (200)...
[HARNESS] t=16.8m storehouse at 613,410 for wood 604,405 (7 underserved + 9 frontier, mass 850)
Turn 5030 (200)...
Turn 5031 (200)...
Turn 5032 (200)...
Turn 5033 (200)...
Turn 5034 (200)...
[HARNESS] t=16.8m rush-building storehouse at 613,410 (8 wood choppers)
Turn 5035 (200)...
Turn 5036 (200)...
Turn 5037 (200)...
Turn 5038 (200)...
Turn 5039 (200)...
Turn 5040 (200)...
Turn 5041 (200)...
Turn 5042 (200)...
Turn 5043 (200)...
Turn 5044 (200)...
Turn 5045 (200)...
Turn 5046 (200)...
Turn 5047 (200)...
Turn 5048 (200)...
Turn 5049 (200)...
Turn 5050 (200)...
Turn 5051 (200)...
Turn 5052 (200)...
Turn 5053 (200)...
Turn 5054 (200)...
Turn 5055 (200)...
Turn 5056 (200)...
Turn 5057 (200)...
Turn 5058 (200)...
Turn 5059 (200)...
Turn 5060 (200)...
Turn 5061 (200)...
Turn 5062 (200)...
Turn 5063 (200)...
Turn 5064 (200)...
Turn 5065 (200)...
Turn 5066 (200)...
Turn 5067 (200)...
Turn 5068 (200)...
Turn 5069 (200)...
Turn 5070 (200)...
Turn 5071 (200)...
Turn 5072 (200)...
Turn 5073 (200)...
Turn 5074 (200)...
Turn 5075 (200)...
Turn 5076 (200)...
Turn 5077 (200)...
Turn 5078 (200)...
Turn 5079 (200)...
Turn 5080 (200)...
Turn 5081 (200)...
Turn 5082 (200)...
Turn 5083 (200)...
Turn 5084 (200)...
Turn 5085 (200)...
Turn 5086 (200)...
Turn 5087 (200)...
Turn 5088 (200)...
Turn 5089 (200)...
Turn 5090 (200)...
Turn 5091 (200)...
Turn 5092 (200)...
Turn 5093 (200)...
Turn 5094 (200)...
Turn 5095 (200)...
Turn 5096 (200)...
Turn 5097 (200)...
Turn 5098 (200)...
Turn 5099 (200)...
Turn 5100 (200)...
Turn 5101 (200)...
Turn 5102 (200)...
Turn 5103 (200)...
Turn 5104 (200)...
Turn 5105 (200)...
Turn 5106 (200)...
Turn 5107 (200)...
Turn 5108 (200)...
Turn 5109 (200)...
Turn 5110 (200)...
Turn 5111 (200)...
Turn 5112 (200)...
Turn 5113 (200)...
Turn 5114 (200)...
Turn 5115 (200)...
Turn 5116 (200)...
Turn 5117 (200)...
Turn 5118 (200)...
Turn 5119 (200)...
Turn 5120 (200)...
Turn 5121 (200)...
Turn 5122 (200)...
Turn 5123 (200)...
Turn 5124 (200)...
Turn 5125 (200)...
Turn 5126 (200)...
Turn 5127 (200)...
Turn 5128 (200)...
Turn 5129 (200)...
Turn 5130 (200)...
Turn 5131 (200)...
Turn 5132 (200)...
Turn 5133 (200)...
Turn 5134 (200)...
Turn 5135 (200)...
Turn 5136 (200)...
Turn 5137 (200)...
Turn 5138 (200)...
Turn 5139 (200)...
[DEFENSE] t=17.1m demobilizing 3 soldiers to gathering
Turn 5140 (200)...
Turn 5141 (200)...
Turn 5142 (200)...
Turn 5143 (200)...
Turn 5144 (200)...
Turn 5145 (200)...
Turn 5146 (200)...
Turn 5147 (200)...
Turn 5148 (200)...
Turn 5149 (200)...
Turn 5150 (200)...
Turn 5151 (200)...
Turn 5152 (200)...
Turn 5153 (200)...
Turn 5154 (200)...
[HARNESS] t=17.2m research gather_lumbering_strongeraxes
Turn 5155 (200)...
Turn 5156 (200)...
Turn 5157 (200)...
Turn 5158 (200)...
Turn 5159 (200)...
Turn 5160 (200)...
Turn 5161 (200)...
Turn 5162 (200)...
Turn 5163 (200)...
Turn 5164 (200)...
Turn 5165 (200)...
Turn 5166 (200)...
Turn 5167 (200)...
Turn 5168 (200)...
Turn 5169 (200)...
Turn 5170 (200)...
Turn 5171 (200)...
Turn 5172 (200)...
Turn 5173 (200)...
Turn 5174 (200)...
Turn 5175 (200)...
Turn 5176 (200)...
Turn 5177 (200)...
Turn 5178 (200)...
Turn 5179 (200)...
Turn 5180 (200)...
Turn 5181 (200)...
Turn 5182 (200)...
Turn 5183 (200)...
Turn 5184 (200)...
Turn 5185 (200)...
Turn 5186 (200)...
Turn 5187 (200)...
Turn 5188 (200)...
Turn 5189 (200)...
Turn 5190 (200)...
Turn 5191 (200)...
Turn 5192 (200)...
Turn 5193 (200)...
Turn 5194 (200)...
[DEFENSE] t=17.3m demobilizing 3 soldiers to gathering
[HARNESS] t=17.3m barter 500 food -> metal
Turn 5195 (200)...
Turn 5196 (200)...
Turn 5197 (200)...
Turn 5198 (200)...
Turn 5199 (200)...
[HARNESS] t=17.3m barter 500 food -> stone
Turn 5200 (200)...
Turn 5201 (200)...
Turn 5202 (200)...
Turn 5203 (200)...
Turn 5204 (200)...
Turn 5205 (200)...
Turn 5206 (200)...
Turn 5207 (200)...
Turn 5208 (200)...
Turn 5209 (200)...
[WARNING] t=17m no placement for field at any CC — rings crowded or enemy too close
[HARNESS] t=17.4m barter 100 food -> stone
Turn 5210 (200)...
Turn 5211 (200)...
Turn 5212 (200)...
Turn 5213 (200)...
Turn 5214 (200)...
[HARNESS] t=17.4m barter 100 food -> metal
Turn 5215 (200)...
Turn 5216 (200)...
Turn 5217 (200)...
Turn 5218 (200)...
Turn 5219 (200)...
[HARNESS] t=17.4m barter 100 wood -> stone
Turn 5220 (200)...
Turn 5221 (200)...
Turn 5222 (200)...
Turn 5223 (200)...
Turn 5224 (200)...
[HARNESS] t=17.4m barter 100 wood -> metal
Turn 5225 (200)...
Turn 5226 (200)...
Turn 5227 (200)...
Turn 5228 (200)...
Turn 5229 (200)...
[HARNESS] t=17.4m barter 100 wood -> stone
Turn 5230 (200)...
Turn 5231 (200)...
Turn 5232 (200)...
Turn 5233 (200)...
Turn 5234 (200)...
[HARNESS] t=17.5m barter 100 wood -> metal
Turn 5235 (200)...
Turn 5236 (200)...
Turn 5237 (200)...
Turn 5238 (200)...
Turn 5239 (200)...
[HARNESS] t=17.5m barter 100 food -> stone
Turn 5240 (200)...
Turn 5241 (200)...
Turn 5242 (200)...
Turn 5243 (200)...
Turn 5244 (200)...
[HARNESS] t=17.5m barter 100 wood -> metal
Turn 5245 (200)...
Turn 5246 (200)...
Turn 5247 (200)...
Turn 5248 (200)...
Turn 5249 (200)...
[HARNESS] t=18m pop=244/300 idle=0 starved=0 gatherers food=107 wood=120 stone=0 metal=0 houses=50 fields=23 town=3 techs=7/10 rates wood=55% grain=69% fruit=- stone=60% metal=90% foodmix fruit=0 grain=4194 meat=0 dist wood=28m grain=2m fruit=-m founds=1 failedSpots=0 fruitStock=0 enemyArmy=86 siege=0 enemyNear=349m army=75 gar=0 demob=75 terr=- stock 558/556/583/618
Turn 5250 (200)...
Turn 5251 (200)...
Turn 5252 (200)...
Turn 5253 (200)...
Turn 5254 (200)...
Turn 5255 (200)...
Turn 5256 (200)...
Turn 5257 (200)...
Turn 5258 (200)...
Turn 5259 (200)...
[DEFENSE] t=17.5m demobilizing 3 soldiers to gathering
Turn 5260 (200)...
Turn 5261 (200)...
Turn 5262 (200)...
Turn 5263 (200)...
Turn 5264 (200)...
Turn 5265 (200)...
Turn 5266 (200)...
Turn 5267 (200)...
Turn 5268 (200)...
Turn 5269 (200)...
Turn 5270 (200)...
Turn 5271 (200)...
Turn 5272 (200)...
Turn 5273 (200)...
Turn 5274 (200)...
[HARNESS] t=17.6m barter 100 wood -> stone
Turn 5275 (200)...
Turn 5276 (200)...
Turn 5277 (200)...
Turn 5278 (200)...
Turn 5279 (200)...
[HARNESS] t=17.6m barter 100 food -> metal
Turn 5280 (200)...
Turn 5281 (200)...
Turn 5282 (200)...
Turn 5283 (200)...
Turn 5284 (200)...
[HARNESS] t=17.6m barter 100 food -> metal
Turn 5285 (200)...
Turn 5286 (200)...
Turn 5287 (200)...
Turn 5288 (200)...
Turn 5289 (200)...
[HARNESS] t=17.6m barter 100 wood -> stone
Turn 5290 (200)...
Turn 5291 (200)...
Turn 5292 (200)...
Turn 5293 (200)...
Turn 5294 (200)...
[HARNESS] t=17.7m barter 100 food -> metal
Turn 5295 (200)...
Turn 5296 (200)...
Turn 5297 (200)...
Turn 5298 (200)...
Turn 5299 (200)...
[HARNESS] t=17.7m barter 100 wood -> stone
Turn 5300 (200)...
Turn 5301 (200)...
Turn 5302 (200)...
Turn 5303 (200)...
Turn 5304 (200)...
Turn 5305 (200)...
Turn 5306 (200)...
Turn 5307 (200)...
Turn 5308 (200)...
Turn 5309 (200)...
Turn 5310 (200)...
Turn 5311 (200)...
Turn 5312 (200)...
Turn 5313 (200)...
Turn 5314 (200)...
[DEFENSE] t=17.7m demobilizing 3 soldiers to gathering
Turn 5315 (200)...
Turn 5316 (200)...
Turn 5317 (200)...
Turn 5318 (200)...
Turn 5319 (200)...
Turn 5320 (200)...
Turn 5321 (200)...
Turn 5322 (200)...
Turn 5323 (200)...
Turn 5324 (200)...
[HARNESS] t=17.8m barter 100 wood -> metal
Turn 5325 (200)...
Turn 5326 (200)...
Turn 5327 (200)...
Turn 5328 (200)...
Turn 5329 (200)...
Turn 5330 (200)...
Turn 5331 (200)...
Turn 5332 (200)...
Turn 5333 (200)...
Turn 5334 (200)...
Turn 5335 (200)...
Turn 5336 (200)...
Turn 5337 (200)...
Turn 5338 (200)...
Turn 5339 (200)...
Turn 5340 (200)...
Turn 5341 (200)...
Turn 5342 (200)...
Turn 5343 (200)...
Turn 5344 (200)...
Turn 5345 (200)...
Turn 5346 (200)...
Turn 5347 (200)...
Turn 5348 (200)...
Turn 5349 (200)...
Turn 5350 (200)...
Turn 5351 (200)...
Turn 5352 (200)...
Turn 5353 (200)...
Turn 5354 (200)...
Turn 5355 (200)...
Turn 5356 (200)...
Turn 5357 (200)...
Turn 5358 (200)...
Turn 5359 (200)...
Turn 5360 (200)...
Turn 5361 (200)...
Turn 5362 (200)...
Turn 5363 (200)...
Turn 5364 (200)...
Turn 5365 (200)...
Turn 5366 (200)...
Turn 5367 (200)...
Turn 5368 (200)...
Turn 5369 (200)...
Turn 5370 (200)...
Turn 5371 (200)...
Turn 5372 (200)...
Turn 5373 (200)...
Turn 5374 (200)...
[DEFENSE] t=17.9m demobilizing 3 soldiers to gathering
Turn 5375 (200)...
Turn 5376 (200)...
Turn 5377 (200)...
Turn 5378 (200)...
Turn 5379 (200)...
[DEFENSE] t=17.9m demobilizing 3 soldiers to gathering
Turn 5380 (200)...
Turn 5381 (200)...
Turn 5382 (200)...
Turn 5383 (200)...
Turn 5384 (200)...
Turn 5385 (200)...
Turn 5386 (200)...
Turn 5387 (200)...
Turn 5388 (200)...
Turn 5389 (200)...
Turn 5390 (200)...
Turn 5391 (200)...
Turn 5392 (200)...
Turn 5393 (200)...
Turn 5394 (200)...
Turn 5395 (200)...
Turn 5396 (200)...
Turn 5397 (200)...
Turn 5398 (200)...
Turn 5399 (200)...
Turn 5400 (200)...
Turn 5401 (200)...
Turn 5402 (200)...
Turn 5403 (200)...
Turn 5404 (200)...
Turn 5405 (200)...
Turn 5406 (200)...
Turn 5407 (200)...
Turn 5408 (200)...
Turn 5409 (200)...
Turn 5410 (200)...
Turn 5411 (200)...
Turn 5412 (200)...
Turn 5413 (200)...
Turn 5414 (200)...
Turn 5415 (200)...
Turn 5416 (200)...
Turn 5417 (200)...
Turn 5418 (200)...
Turn 5419 (200)...
Turn 5420 (200)...
Turn 5421 (200)...
Turn 5422 (200)...
Turn 5423 (200)...
Turn 5424 (200)...
Turn 5425 (200)...
Turn 5426 (200)...
Turn 5427 (200)...
Turn 5428 (200)...
Turn 5429 (200)...
Turn 5430 (200)...
Turn 5431 (200)...
Turn 5432 (200)...
Turn 5433 (200)...
Turn 5434 (200)...
[DEFENSE] t=18.1m demobilizing 3 soldiers to gathering
Turn 5435 (200)...
Turn 5436 (200)...
Turn 5437 (200)...
Turn 5438 (200)...
Turn 5439 (200)...
Turn 5440 (200)...
Turn 5441 (200)...
Turn 5442 (200)...
Turn 5443 (200)...
Turn 5444 (200)...
Turn 5445 (200)...
Turn 5446 (200)...
Turn 5447 (200)...
Turn 5448 (200)...
Turn 5449 (200)...
Turn 5450 (200)...
Turn 5451 (200)...
Turn 5452 (200)...
Turn 5453 (200)...
Turn 5454 (200)...
Turn 5455 (200)...
Turn 5456 (200)...
Turn 5457 (200)...
Turn 5458 (200)...
Turn 5459 (200)...
Turn 5460 (200)...
Turn 5461 (200)...
Turn 5462 (200)...
Turn 5463 (200)...
Turn 5464 (200)...
[DEFENSE] t=18.2m remobilizing 90 soldiers
[DEFENSE] t=18.2m wave of 81 at 398m of CC 628,268 — mustering melee=33 ranged=57 healers=2
Turn 5465 (200)...
Turn 5466 (200)...
Turn 5467 (200)...
Turn 5468 (200)...
Turn 5469 (200)...
Turn 5470 (200)...
Turn 5471 (200)...
Turn 5472 (200)...
Turn 5473 (200)...
Turn 5474 (200)...
Turn 5475 (200)...
Turn 5476 (200)...
Turn 5477 (200)...
Turn 5478 (200)...
Turn 5479 (200)...
Turn 5480 (200)...
Turn 5481 (200)...
Turn 5482 (200)...
Turn 5483 (200)...
Turn 5484 (200)...
Turn 5485 (200)...
Turn 5486 (200)...
Turn 5487 (200)...
Turn 5488 (200)...
Turn 5489 (200)...
Turn 5490 (200)...
Turn 5491 (200)...
Turn 5492 (200)...
Turn 5493 (200)...
Turn 5494 (200)...
Turn 5495 (200)...
Turn 5496 (200)...
Turn 5497 (200)...
Turn 5498 (200)...
Turn 5499 (200)...
Turn 5500 (200)...
Turn 5501 (200)...
Turn 5502 (200)...
Turn 5503 (200)...
Turn 5504 (200)...
[HARNESS] t=18.4m war stage on (city researched)
[HARNESS] t=18.4m defense building barracks
[HARNESS] t=18.4m research pop_house_02
[HARNESS] t=18.4m phase=phase_city_generic
Turn 5505 (200)...
Turn 5506 (200)...
Turn 5507 (200)...
Turn 5508 (200)...
Turn 5509 (200)...
[HARNESS] t=18.4m defense building arsenal
Turn 5510 (200)...
Turn 5511 (200)...
Turn 5512 (200)...
Turn 5513 (200)...
Turn 5514 (200)...
[HARNESS] t=18.4m defense building temple
Turn 5515 (200)...
Turn 5516 (200)...
Turn 5517 (200)...
Turn 5518 (200)...
Turn 5519 (200)...
[HARNESS] t=18.4m research soldier_attack_melee_01
Turn 5520 (200)...
Turn 5521 (200)...
Turn 5522 (200)...
Turn 5523 (200)...
Turn 5524 (200)...
[HARNESS] t=18.4m farmstead at 542,434 for next fruit patch 553,438 (stock 0)
Turn 5525 (200)...
Turn 5526 (200)...
Turn 5527 (200)...
Turn 5528 (200)...
Turn 5529 (200)...
[HARNESS] t=18.4m farmstead at 536,115 for next fruit patch 525,112 (stock 0)
Turn 5530 (200)...
Turn 5531 (200)...
Turn 5532 (200)...
Turn 5533 (200)...
Turn 5534 (200)...
Turn 5535 (200)...
Turn 5536 (200)...
Turn 5537 (200)...
Turn 5538 (200)...
Turn 5539 (200)...
[HARNESS] t=18.5m farmstead at 493,164 for next fruit patch 482,159 (stock 0)
Turn 5540 (200)...
Turn 5541 (200)...
Turn 5542 (200)...
Turn 5543 (200)...
Turn 5544 (200)...
Turn 5545 (200)...
Turn 5546 (200)...
Turn 5547 (200)...
Turn 5548 (200)...
Turn 5549 (200)...
Turn 5550 (200)...
Turn 5551 (200)...
Turn 5552 (200)...
Turn 5553 (200)...
Turn 5554 (200)...
Turn 5555 (200)...
Turn 5556 (200)...
Turn 5557 (200)...
Turn 5558 (200)...
Turn 5559 (200)...
Turn 5560 (200)...
Turn 5561 (200)...
Turn 5562 (200)...
Turn 5563 (200)...
Turn 5564 (200)...
Turn 5565 (200)...
Turn 5566 (200)...
Turn 5567 (200)...
Turn 5568 (200)...
Turn 5569 (200)...
Turn 5570 (200)...
Turn 5571 (200)...
Turn 5572 (200)...
Turn 5573 (200)...
Turn 5574 (200)...
Turn 5575 (200)...
Turn 5576 (200)...
Turn 5577 (200)...
Turn 5578 (200)...
Turn 5579 (200)...
Turn 5580 (200)...
Turn 5581 (200)...
Turn 5582 (200)...
Turn 5583 (200)...
Turn 5584 (200)...
[HARNESS] t=18.6m research soldier_attack_ranged_01
Turn 5585 (200)...
Turn 5586 (200)...
Turn 5587 (200)...
Turn 5588 (200)...
Turn 5589 (200)...
Turn 5590 (200)...
Turn 5591 (200)...
Turn 5592 (200)...
Turn 5593 (200)...
Turn 5594 (200)...
Turn 5595 (200)...
Turn 5596 (200)...
Turn 5597 (200)...
Turn 5598 (200)...
Turn 5599 (200)...
Turn 5600 (200)...
Turn 5601 (200)...
Turn 5602 (200)...
Turn 5603 (200)...
Turn 5604 (200)...
[HARNESS] t=18.7m research soldier_resistance_hack_01
Turn 5605 (200)...
Turn 5606 (200)...
Turn 5607 (200)...
Turn 5608 (200)...
Turn 5609 (200)...
Turn 5610 (200)...
Turn 5611 (200)...
Turn 5612 (200)...
Turn 5613 (200)...
Turn 5614 (200)...
Turn 5615 (200)...
Turn 5616 (200)...
Turn 5617 (200)...
Turn 5618 (200)...
Turn 5619 (200)...
[DEFENSE] t=18.7m engaging 8 enemies (siege=0) near CC 525,319 (army=105)
Turn 5620 (200)...
Turn 5621 (200)...
Turn 5622 (200)...
Turn 5623 (200)...
Turn 5624 (200)...
Turn 5625 (200)...
Turn 5626 (200)...
Turn 5627 (200)...
Turn 5628 (200)...
Turn 5629 (200)...
Turn 5630 (200)...
Turn 5631 (200)...
Turn 5632 (200)...
Turn 5633 (200)...
Turn 5634 (200)...
Turn 5635 (200)...
Turn 5636 (200)...
Turn 5637 (200)...
Turn 5638 (200)...
Turn 5639 (200)...
Turn 5640 (200)...
Turn 5641 (200)...
Turn 5642 (200)...
Turn 5643 (200)...
Turn 5644 (200)...
[HARNESS] t=18.8m expansion stage on (city researched, pop 300)
[HARNESS] t=18.8m storehouse at 648,459 for wood 642,470 (1 underserved + 1 frontier, mass 1890)
[HARNESS] expansion candidates: 8 of 19 lattice anchors yield a buildable spot
[HARNESS]   existing CC at 628,268
[HARNESS]   existing CC at 140,500
[HARNESS] expansion plan: 4 CCs, sim coverage 59.9% of 6407 passable tiles (bar 70%)
[HARNESS] t=18.8m population=300
Turn 5645 (200)...
Turn 5646 (200)...
Turn 5647 (200)...
Turn 5648 (200)...
Turn 5649 (200)...
[HARNESS] t=18.8m storehouse at 570,92 for mine 576,73 (5000 left)
Turn 5650 (200)...
Turn 5651 (200)...
Turn 5652 (200)...
Turn 5653 (200)...
Turn 5654 (200)...
Turn 5655 (200)...
Turn 5656 (200)...
Turn 5657 (200)...
Turn 5658 (200)...
Turn 5659 (200)...
Turn 5660 (200)...
Turn 5661 (200)...
Turn 5662 (200)...
Turn 5663 (200)...
Turn 5664 (200)...
Turn 5665 (200)...
Turn 5666 (200)...
Turn 5667 (200)...
Turn 5668 (200)...
Turn 5669 (200)...
Turn 5670 (200)...
Turn 5671 (200)...
Turn 5672 (200)...
Turn 5673 (200)...
Turn 5674 (200)...
Turn 5675 (200)...
Turn 5676 (200)...
Turn 5677 (200)...
Turn 5678 (200)...
Turn 5679 (200)...
Turn 5680 (200)...
Turn 5681 (200)...
Turn 5682 (200)...
Turn 5683 (200)...
Turn 5684 (200)...
Turn 5685 (200)...
Turn 5686 (200)...
Turn 5687 (200)...
Turn 5688 (200)...
Turn 5689 (200)...
Turn 5690 (200)...
Turn 5691 (200)...
Turn 5692 (200)...
Turn 5693 (200)...
Turn 5694 (200)...
Turn 5695 (200)...
Turn 5696 (200)...
Turn 5697 (200)...
Turn 5698 (200)...
Turn 5699 (200)...
[HARNESS] t=19.0m research soldier_resistance_pierce_01
Turn 5700 (200)...
Turn 5701 (200)...
Turn 5702 (200)...
Turn 5703 (200)...
Turn 5704 (200)...
Turn 5705 (200)...
Turn 5706 (200)...
Turn 5707 (200)...
Turn 5708 (200)...
Turn 5709 (200)...
Turn 5710 (200)...
Turn 5711 (200)...
Turn 5712 (200)...
Turn 5713 (200)...
Turn 5714 (200)...
Turn 5715 (200)...
Turn 5716 (200)...
Turn 5717 (200)...
Turn 5718 (200)...
Turn 5719 (200)...
Turn 5720 (200)...
Turn 5721 (200)...
Turn 5722 (200)...
Turn 5723 (200)...
Turn 5724 (200)...
Turn 5725 (200)...
Turn 5726 (200)...
Turn 5727 (200)...
Turn 5728 (200)...
Turn 5729 (200)...
Turn 5730 (200)...
Turn 5731 (200)...
Turn 5732 (200)...
Turn 5733 (200)...
Turn 5734 (200)...
[WARNING] t=19m no placement for arsenal at any CC — rings crowded or enemy too close
[HARNESS] t=19.1m defense building temple
Turn 5735 (200)...
Turn 5736 (200)...
Turn 5737 (200)...
Turn 5738 (200)...
Turn 5739 (200)...
Turn 5740 (200)...
Turn 5741 (200)...
Turn 5742 (200)...
Turn 5743 (200)...
Turn 5744 (200)...
Turn 5745 (200)...
Turn 5746 (200)...
Turn 5747 (200)...
Turn 5748 (200)...
Turn 5749 (200)...
Turn 5750 (200)...
Turn 5751 (200)...
Turn 5752 (200)...
Turn 5753 (200)...
Turn 5754 (200)...
Turn 5755 (200)...
Turn 5756 (200)...
Turn 5757 (200)...
Turn 5758 (200)...
Turn 5759 (200)...
Turn 5760 (200)...
Turn 5761 (200)...
Turn 5762 (200)...
Turn 5763 (200)...
Turn 5764 (200)...
Turn 5765 (200)...
Turn 5766 (200)...
Turn 5767 (200)...
Turn 5768 (200)...
Turn 5769 (200)...
Turn 5770 (200)...
Turn 5771 (200)...
Turn 5772 (200)...
Turn 5773 (200)...
Turn 5774 (200)...
Turn 5775 (200)...
Turn 5776 (200)...
Turn 5777 (200)...
Turn 5778 (200)...
Turn 5779 (200)...
Turn 5780 (200)...
Turn 5781 (200)...
Turn 5782 (200)...
Turn 5783 (200)...
Turn 5784 (200)...
Turn 5785 (200)...
Turn 5786 (200)...
Turn 5787 (200)...
Turn 5788 (200)...
Turn 5789 (200)...
Turn 5790 (200)...
Turn 5791 (200)...
Turn 5792 (200)...
Turn 5793 (200)...
Turn 5794 (200)...
Turn 5795 (200)...
Turn 5796 (200)...
Turn 5797 (200)...
Turn 5798 (200)...
Turn 5799 (200)...
Turn 5800 (200)...
Turn 5801 (200)...
Turn 5802 (200)...
Turn 5803 (200)...
Turn 5804 (200)...
Turn 5805 (200)...
Turn 5806 (200)...
Turn 5807 (200)...
Turn 5808 (200)...
Turn 5809 (200)...
Turn 5810 (200)...
Turn 5811 (200)...
Turn 5812 (200)...
Turn 5813 (200)...
Turn 5814 (200)...
Turn 5815 (200)...
Turn 5816 (200)...
Turn 5817 (200)...
Turn 5818 (200)...
Turn 5819 (200)...
Turn 5820 (200)...
Turn 5821 (200)...
Turn 5822 (200)...
Turn 5823 (200)...
Turn 5824 (200)...
Turn 5825 (200)...
Turn 5826 (200)...
Turn 5827 (200)...
Turn 5828 (200)...
Turn 5829 (200)...
Turn 5830 (200)...
Turn 5831 (200)...
Turn 5832 (200)...
Turn 5833 (200)...
Turn 5834 (200)...
Turn 5835 (200)...
Turn 5836 (200)...
Turn 5837 (200)...
Turn 5838 (200)...
Turn 5839 (200)...
Turn 5840 (200)...
Turn 5841 (200)...
Turn 5842 (200)...
Turn 5843 (200)...
Turn 5844 (200)...
Turn 5845 (200)...
Turn 5846 (200)...
Turn 5847 (200)...
Turn 5848 (200)...
Turn 5849 (200)...
Turn 5850 (200)...
Turn 5851 (200)...
Turn 5852 (200)...
Turn 5853 (200)...
Turn 5854 (200)...
Turn 5855 (200)...
Turn 5856 (200)...
Turn 5857 (200)...
Turn 5858 (200)...
Turn 5859 (200)...
Turn 5860 (200)...
Turn 5861 (200)...
Turn 5862 (200)...
Turn 5863 (200)...
Turn 5864 (200)...
Turn 5865 (200)...
Turn 5866 (200)...
Turn 5867 (200)...
Turn 5868 (200)...
Turn 5869 (200)...
Turn 5870 (200)...
Turn 5871 (200)...
Turn 5872 (200)...
Turn 5873 (200)...
Turn 5874 (200)...
Turn 5875 (200)...
Turn 5876 (200)...
Turn 5877 (200)...
Turn 5878 (200)...
Turn 5879 (200)...
Turn 5880 (200)...
Turn 5881 (200)...
Turn 5882 (200)...
Turn 5883 (200)...
Turn 5884 (200)...
Turn 5885 (200)...
Turn 5886 (200)...
Turn 5887 (200)...
Turn 5888 (200)...
Turn 5889 (200)...
Turn 5890 (200)...
Turn 5891 (200)...
Turn 5892 (200)...
Turn 5893 (200)...
Turn 5894 (200)...
Turn 5895 (200)...
Turn 5896 (200)...
Turn 5897 (200)...
Turn 5898 (200)...
Turn 5899 (200)...
Turn 5900 (200)...
Turn 5901 (200)...
Turn 5902 (200)...
Turn 5903 (200)...
Turn 5904 (200)...
Turn 5905 (200)...
Turn 5906 (200)...
Turn 5907 (200)...
Turn 5908 (200)...
Turn 5909 (200)...
Turn 5910 (200)...
Turn 5911 (200)...
Turn 5912 (200)...
Turn 5913 (200)...
Turn 5914 (200)...
Turn 5915 (200)...
Turn 5916 (200)...
Turn 5917 (200)...
Turn 5918 (200)...
Turn 5919 (200)...
Turn 5920 (200)...
Turn 5921 (200)...
Turn 5922 (200)...
Turn 5923 (200)...
Turn 5924 (200)...
Turn 5925 (200)...
Turn 5926 (200)...
Turn 5927 (200)...
Turn 5928 (200)...
Turn 5929 (200)...
Turn 5930 (200)...
Turn 5931 (200)...
Turn 5932 (200)...
Turn 5933 (200)...
Turn 5934 (200)...
Turn 5935 (200)...
Turn 5936 (200)...
Turn 5937 (200)...
Turn 5938 (200)...
Turn 5939 (200)...
[DEFENSE] t=19.8m denying enemy foundation foundation|structures/rome/civil_centre at 455,609 (defenders=0, detachment=8, army=105)
Turn 5940 (200)...
Turn 5941 (200)...
Turn 5942 (200)...
Turn 5943 (200)...
Turn 5944 (200)...
[HARNESS] t=19.8m farmstead at 486,127 for fruit 463,112 (7 underserved)
Turn 5945 (200)...
Turn 5946 (200)...
Turn 5947 (200)...
Turn 5948 (200)...
Turn 5949 (200)...
Turn 5950 (200)...
Turn 5951 (200)...
Turn 5952 (200)...
Turn 5953 (200)...
Turn 5954 (200)...
Turn 5955 (200)...
Turn 5956 (200)...
Turn 5957 (200)...
Turn 5958 (200)...
Turn 5959 (200)...
Turn 5960 (200)...
Turn 5961 (200)...
Turn 5962 (200)...
Turn 5963 (200)...
Turn 5964 (200)...
Turn 5965 (200)...
Turn 5966 (200)...
Turn 5967 (200)...
Turn 5968 (200)...
Turn 5969 (200)...
[HARNESS] t=19.9m corral at 563,288 for the tech tree
Turn 5970 (200)...
Turn 5971 (200)...
Turn 5972 (200)...
Turn 5973 (200)...
Turn 5974 (200)...
Turn 5975 (200)...
Turn 5976 (200)...
Turn 5977 (200)...
Turn 5978 (200)...
Turn 5979 (200)...
[HARNESS] t=19.9m wood storehouse gated at 572,142 (mass 174, ccDist 138m)
Turn 5980 (200)...
Turn 5981 (200)...
Turn 5982 (200)...
Turn 5983 (200)...
Turn 5984 (200)...
Turn 5985 (200)...
Turn 5986 (200)...
Turn 5987 (200)...
Turn 5988 (200)...
Turn 5989 (200)...
Turn 5990 (200)...
Turn 5991 (200)...
Turn 5992 (200)...
Turn 5993 (200)...
Turn 5994 (200)...
Turn 5995 (200)...
Turn 5996 (200)...
Turn 5997 (200)...
Turn 5998 (200)...
Turn 5999 (200)...
[HARNESS] t=20m pop=248/300 idle=69 starved=0 gatherers food=44 wood=43 stone=19 metal=14 houses=50 fields=27 town=5 techs=9/10 rates wood=54% grain=86% fruit=14% stone=81% metal=- foodmix fruit=99 grain=4738 meat=0 dist wood=26m grain=2m fruit=17m founds=4 failedSpots=0 fruitStock=1097 enemyArmy=59 siege=0 enemyNear=135m army=105 gar=0 demob=0 terr=23%(1518/6407) stock 37/262/530/375
Turn 6000 (200)...
Turn 6001 (200)...
Turn 6002 (200)...
Turn 6003 (200)...
Turn 6004 (200)...
Turn 6005 (200)...
Turn 6006 (200)...
Turn 6007 (200)...
Turn 6008 (200)...
Turn 6009 (200)...
Turn 6010 (200)...
Turn 6011 (200)...
Turn 6012 (200)...
Turn 6013 (200)...
Turn 6014 (200)...
Turn 6015 (200)...
Turn 6016 (200)...
Turn 6017 (200)...
Turn 6018 (200)...
Turn 6019 (200)...
[HARNESS] t=20.1m storehouse at 484,359 for wood 477,352 (6 underserved + 6 frontier, mass 1083)
Turn 6020 (200)...
Turn 6021 (200)...
Turn 6022 (200)...
Turn 6023 (200)...
Turn 6024 (200)...
[HARNESS] t=20.1m storehouse at 607,120 for wood 610,110 (2 underserved + 5 frontier, mass 2169)
Turn 6025 (200)...
Turn 6026 (200)...
Turn 6027 (200)...
Turn 6028 (200)...
Turn 6029 (200)...
Turn 6030 (200)...
Turn 6031 (200)...
Turn 6032 (200)...
Turn 6033 (200)...
Turn 6034 (200)...
Turn 6035 (200)...
Turn 6036 (200)...
Turn 6037 (200)...
Turn 6038 (200)...
Turn 6039 (200)...
Turn 6040 (200)...
Turn 6041 (200)...
Turn 6042 (200)...
Turn 6043 (200)...
Turn 6044 (200)...
Turn 6045 (200)...
Turn 6046 (200)...
Turn 6047 (200)...
Turn 6048 (200)...
Turn 6049 (200)...
Turn 6050 (200)...
Turn 6051 (200)...
Turn 6052 (200)...
Turn 6053 (200)...
Turn 6054 (200)...
Turn 6055 (200)...
Turn 6056 (200)...
Turn 6057 (200)...
Turn 6058 (200)...
Turn 6059 (200)...
Turn 6060 (200)...
Turn 6061 (200)...
Turn 6062 (200)...
Turn 6063 (200)...
Turn 6064 (200)...
Turn 6065 (200)...
Turn 6066 (200)...
Turn 6067 (200)...
Turn 6068 (200)...
Turn 6069 (200)...
Turn 6070 (200)...
Turn 6071 (200)...
Turn 6072 (200)...
Turn 6073 (200)...
Turn 6074 (200)...
Turn 6075 (200)...
Turn 6076 (200)...
Turn 6077 (200)...
Turn 6078 (200)...
Turn 6079 (200)...
Turn 6080 (200)...
Turn 6081 (200)...
Turn 6082 (200)...
Turn 6083 (200)...
Turn 6084 (200)...
Turn 6085 (200)...
Turn 6086 (200)...
Turn 6087 (200)...
Turn 6088 (200)...
Turn 6089 (200)...
[HARNESS] t=20.3m defense building arsenal
Turn 6090 (200)...
Turn 6091 (200)...
Turn 6092 (200)...
Turn 6093 (200)...
Turn 6094 (200)...
Turn 6095 (200)...
Turn 6096 (200)...
Turn 6097 (200)...
Turn 6098 (200)...
Turn 6099 (200)...
Turn 6100 (200)...
Turn 6101 (200)...
Turn 6102 (200)...
Turn 6103 (200)...
Turn 6104 (200)...
Turn 6105 (200)...
Turn 6106 (200)...
Turn 6107 (200)...
Turn 6108 (200)...
Turn 6109 (200)...
Turn 6110 (200)...
Turn 6111 (200)...
Turn 6112 (200)...
Turn 6113 (200)...
Turn 6114 (200)...
Turn 6115 (200)...
Turn 6116 (200)...
Turn 6117 (200)...
Turn 6118 (200)...
Turn 6119 (200)...
Turn 6120 (200)...
Turn 6121 (200)...
Turn 6122 (200)...
Turn 6123 (200)...
Turn 6124 (200)...
Turn 6125 (200)...
Turn 6126 (200)...
Turn 6127 (200)...
Turn 6128 (200)...
Turn 6129 (200)...
Turn 6130 (200)...
Turn 6131 (200)...
Turn 6132 (200)...
Turn 6133 (200)...
Turn 6134 (200)...
Turn 6135 (200)...
Turn 6136 (200)...
Turn 6137 (200)...
Turn 6138 (200)...
Turn 6139 (200)...
Turn 6140 (200)...
Turn 6141 (200)...
Turn 6142 (200)...
Turn 6143 (200)...
Turn 6144 (200)...
Turn 6145 (200)...
Turn 6146 (200)...
Turn 6147 (200)...
Turn 6148 (200)...
Turn 6149 (200)...
Turn 6150 (200)...
Turn 6151 (200)...
Turn 6152 (200)...
Turn 6153 (200)...
Turn 6154 (200)...
Turn 6155 (200)...
Turn 6156 (200)...
Turn 6157 (200)...
Turn 6158 (200)...
Turn 6159 (200)...
Turn 6160 (200)...
Turn 6161 (200)...
Turn 6162 (200)...
Turn 6163 (200)...
Turn 6164 (200)...
Turn 6165 (200)...
Turn 6166 (200)...
Turn 6167 (200)...
Turn 6168 (200)...
Turn 6169 (200)...
[HARNESS] t=20.6m research gather_farming_fertilizer
Turn 6170 (200)...
Turn 6171 (200)...
Turn 6172 (200)...
Turn 6173 (200)...
Turn 6174 (200)...
Turn 6175 (200)...
Turn 6176 (200)...
Turn 6177 (200)...
Turn 6178 (200)...
Turn 6179 (200)...
Turn 6180 (200)...
Turn 6181 (200)...
Turn 6182 (200)...
Turn 6183 (200)...
Turn 6184 (200)...
Turn 6185 (200)...
Turn 6186 (200)...
Turn 6187 (200)...
Turn 6188 (200)...
Turn 6189 (200)...
[HARNESS] t=20.6m farmstead at 585,447 for fruit 573,443 (5 underserved)
Turn 6190 (200)...
Turn 6191 (200)...
Turn 6192 (200)...
Turn 6193 (200)...
Turn 6194 (200)...
Turn 6195 (200)...
Turn 6196 (200)...
Turn 6197 (200)...
Turn 6198 (200)...
Turn 6199 (200)...
Turn 6200 (200)...
Turn 6201 (200)...
Turn 6202 (200)...
Turn 6203 (200)...
Turn 6204 (200)...
Turn 6205 (200)...
Turn 6206 (200)...
Turn 6207 (200)...
Turn 6208 (200)...
Turn 6209 (200)...
Turn 6210 (200)...
Turn 6211 (200)...
Turn 6212 (200)...
Turn 6213 (200)...
Turn 6214 (200)...
Turn 6215 (200)...
Turn 6216 (200)...
Turn 6217 (200)...
Turn 6218 (200)...
Turn 6219 (200)...
Turn 6220 (200)...
Turn 6221 (200)...
Turn 6222 (200)...
Turn 6223 (200)...
Turn 6224 (200)...
Turn 6225 (200)...
Turn 6226 (200)...
Turn 6227 (200)...
Turn 6228 (200)...
Turn 6229 (200)...
Turn 6230 (200)...
Turn 6231 (200)...
Turn 6232 (200)...
Turn 6233 (200)...
Turn 6234 (200)...
Turn 6235 (200)...
Turn 6236 (200)...
Turn 6237 (200)...
Turn 6238 (200)...
Turn 6239 (200)...
Turn 6240 (200)...
Turn 6241 (200)...
Turn 6242 (200)...
Turn 6243 (200)...
Turn 6244 (200)...
Turn 6245 (200)...
Turn 6246 (200)...
Turn 6247 (200)...
Turn 6248 (200)...
Turn 6249 (200)...
Turn 6250 (200)...
Turn 6251 (200)...
Turn 6252 (200)...
Turn 6253 (200)...
Turn 6254 (200)...
Turn 6255 (200)...
Turn 6256 (200)...
Turn 6257 (200)...
Turn 6258 (200)...
Turn 6259 (200)...
Turn 6260 (200)...
Turn 6261 (200)...
Turn 6262 (200)...
Turn 6263 (200)...
Turn 6264 (200)...
[HARNESS] t=20.9m research gather_animals_stockbreeding
Turn 6265 (200)...
Turn 6266 (200)...
Turn 6267 (200)...
Turn 6268 (200)...
Turn 6269 (200)...
Turn 6270 (200)...
Turn 6271 (200)...
Turn 6272 (200)...
Turn 6273 (200)...
Turn 6274 (200)...
Turn 6275 (200)...
Turn 6276 (200)...
Turn 6277 (200)...
Turn 6278 (200)...
Turn 6279 (200)...
Turn 6280 (200)...
Turn 6281 (200)...
Turn 6282 (200)...
Turn 6283 (200)...
Turn 6284 (200)...
Turn 6285 (200)...
Turn 6286 (200)...
Turn 6287 (200)...
Turn 6288 (200)...
Turn 6289 (200)...
Turn 6290 (200)...
Turn 6291 (200)...
Turn 6292 (200)...
Turn 6293 (200)...
Turn 6294 (200)...
[HARNESS] t=21.0m storehouse at 646,132 for wood 638,126 (0 underserved + 1 frontier, mass 1170)
Turn 6295 (200)...
Turn 6296 (200)...
Turn 6297 (200)...
Turn 6298 (200)...
Turn 6299 (200)...
Turn 6300 (200)...
Turn 6301 (200)...
Turn 6302 (200)...
Turn 6303 (200)...
Turn 6304 (200)...
Turn 6305 (200)...
Turn 6306 (200)...
Turn 6307 (200)...
Turn 6308 (200)...
Turn 6309 (200)...
Turn 6310 (200)...
Turn 6311 (200)...
Turn 6312 (200)...
Turn 6313 (200)...
Turn 6314 (200)...
[HARNESS] t=21.1m storehouse at 609,448 for wood 606,458 (0 underserved + 2 frontier, mass 1595)
Turn 6315 (200)...
Turn 6316 (200)...
Turn 6317 (200)...
Turn 6318 (200)...
Turn 6319 (200)...
Turn 6320 (200)...
Turn 6321 (200)...
Turn 6322 (200)...
Turn 6323 (200)...
Turn 6324 (200)...
Turn 6325 (200)...
Turn 6326 (200)...
Turn 6327 (200)...
Turn 6328 (200)...
Turn 6329 (200)...
Turn 6330 (200)...
Turn 6331 (200)...
Turn 6332 (200)...
Turn 6333 (200)...
Turn 6334 (200)...
Turn 6335 (200)...
Turn 6336 (200)...
Turn 6337 (200)...
Turn 6338 (200)...
Turn 6339 (200)...
Turn 6340 (200)...
Turn 6341 (200)...
Turn 6342 (200)...
Turn 6343 (200)...
Turn 6344 (200)...
Turn 6345 (200)...
Turn 6346 (200)...
Turn 6347 (200)...
Turn 6348 (200)...
Turn 6349 (200)...
Turn 6350 (200)...
Turn 6351 (200)...
Turn 6352 (200)...
Turn 6353 (200)...
Turn 6354 (200)...
Turn 6355 (200)...
Turn 6356 (200)...
Turn 6357 (200)...
Turn 6358 (200)...
Turn 6359 (200)...
Turn 6360 (200)...
Turn 6361 (200)...
Turn 6362 (200)...
Turn 6363 (200)...
Turn 6364 (200)...
Turn 6365 (200)...
Turn 6366 (200)...
Turn 6367 (200)...
Turn 6368 (200)...
Turn 6369 (200)...
Turn 6370 (200)...
Turn 6371 (200)...
Turn 6372 (200)...
Turn 6373 (200)...
Turn 6374 (200)...
Turn 6375 (200)...
Turn 6376 (200)...
Turn 6377 (200)...
Turn 6378 (200)...
Turn 6379 (200)...
Turn 6380 (200)...
Turn 6381 (200)...
Turn 6382 (200)...
Turn 6383 (200)...
Turn 6384 (200)...
[WARNING] t=21m no placement for arsenal at any CC — rings crowded or enemy too close
[DEFENSE] t=21.3m training a ram (1/6)
Turn 6385 (200)...
Turn 6386 (200)...
Turn 6387 (200)...
Turn 6388 (200)...
Turn 6389 (200)...
Turn 6390 (200)...
Turn 6391 (200)...
Turn 6392 (200)...
Turn 6393 (200)...
Turn 6394 (200)...
[HARNESS] expansion candidates: 6 of 19 lattice anchors yield a buildable spot
[HARNESS]   existing CC at 628,268
[HARNESS]   existing CC at 140,500
[HARNESS]   existing CC at 455,609
[HARNESS] expansion plan: 4 CCs, sim coverage 52.6% of 6407 passable tiles (bar 70%)
Turn 6395 (200)...
Turn 6396 (200)...
Turn 6397 (200)...
Turn 6398 (200)...
Turn 6399 (200)...
Turn 6400 (200)...
Turn 6401 (200)...
Turn 6402 (200)...
Turn 6403 (200)...
Turn 6404 (200)...
Turn 6405 (200)...
Turn 6406 (200)...
Turn 6407 (200)...
Turn 6408 (200)...
Turn 6409 (200)...
Turn 6410 (200)...
Turn 6411 (200)...
Turn 6412 (200)...
Turn 6413 (200)...
Turn 6414 (200)...
Turn 6415 (200)...
Turn 6416 (200)...
Turn 6417 (200)...
Turn 6418 (200)...
Turn 6419 (200)...
Turn 6420 (200)...
Turn 6421 (200)...
Turn 6422 (200)...
Turn 6423 (200)...
Turn 6424 (200)...
Turn 6425 (200)...
Turn 6426 (200)...
Turn 6427 (200)...
Turn 6428 (200)...
Turn 6429 (200)...
Turn 6430 (200)...
Turn 6431 (200)...
Turn 6432 (200)...
Turn 6433 (200)...
Turn 6434 (200)...
[DEFENSE] t=21.5m training a ram (2/6)
Turn 6435 (200)...
Turn 6436 (200)...
Turn 6437 (200)...
Turn 6438 (200)...
Turn 6439 (200)...
Turn 6440 (200)...
Turn 6441 (200)...
Turn 6442 (200)...
Turn 6443 (200)...
Turn 6444 (200)...
[HARNESS] t=21.5m storehouse at 468,378 for wood 466,390 (0 underserved + 1 frontier, mass 8648)
Turn 6445 (200)...
Turn 6446 (200)...
Turn 6447 (200)...
Turn 6448 (200)...
Turn 6449 (200)...
Turn 6450 (200)...
Turn 6451 (200)...
Turn 6452 (200)...
Turn 6453 (200)...
Turn 6454 (200)...
Turn 6455 (200)...
Turn 6456 (200)...
Turn 6457 (200)...
Turn 6458 (200)...
Turn 6459 (200)...
Turn 6460 (200)...
Turn 6461 (200)...
Turn 6462 (200)...
Turn 6463 (200)...
Turn 6464 (200)...
Turn 6465 (200)...
Turn 6466 (200)...
Turn 6467 (200)...
Turn 6468 (200)...
Turn 6469 (200)...
Turn 6470 (200)...
Turn 6471 (200)...
Turn 6472 (200)...
Turn 6473 (200)...
Turn 6474 (200)...
[HARNESS] t=21.6m farmstead at 464,288 for next fruit patch 453,283 (stock 542)
Turn 6475 (200)...
Turn 6476 (200)...
Turn 6477 (200)...
Turn 6478 (200)...
Turn 6479 (200)...
Turn 6480 (200)...
Turn 6481 (200)...
Turn 6482 (200)...
Turn 6483 (200)...
Turn 6484 (200)...
Turn 6485 (200)...
Turn 6486 (200)...
Turn 6487 (200)...
Turn 6488 (200)...
Turn 6489 (200)...
Turn 6490 (200)...
Turn 6491 (200)...
Turn 6492 (200)...
Turn 6493 (200)...
Turn 6494 (200)...
Turn 6495 (200)...
Turn 6496 (200)...
Turn 6497 (200)...
Turn 6498 (200)...
Turn 6499 (200)...
Turn 6500 (200)...
Turn 6501 (200)...
Turn 6502 (200)...
Turn 6503 (200)...
Turn 6504 (200)...
Turn 6505 (200)...
Turn 6506 (200)...
Turn 6507 (200)...
Turn 6508 (200)...
Turn 6509 (200)...
Turn 6510 (200)...
Turn 6511 (200)...
Turn 6512 (200)...
Turn 6513 (200)...
Turn 6514 (200)...
Turn 6515 (200)...
Turn 6516 (200)...
Turn 6517 (200)...
Turn 6518 (200)...
Turn 6519 (200)...
Turn 6520 (200)...
Turn 6521 (200)...
Turn 6522 (200)...
Turn 6523 (200)...
Turn 6524 (200)...
Turn 6525 (200)...
Turn 6526 (200)...
Turn 6527 (200)...
Turn 6528 (200)...
Turn 6529 (200)...
Turn 6530 (200)...
Turn 6531 (200)...
Turn 6532 (200)...
Turn 6533 (200)...
Turn 6534 (200)...
Turn 6535 (200)...
Turn 6536 (200)...
Turn 6537 (200)...
Turn 6538 (200)...
Turn 6539 (200)...
Turn 6540 (200)...
Turn 6541 (200)...
Turn 6542 (200)...
Turn 6543 (200)...
Turn 6544 (200)...
[DEFENSE] t=21.8m foundation denial abandoned at 455,609 (built=false, defenders=7, army=101)
Turn 6545 (200)...
Turn 6546 (200)...
Turn 6547 (200)...
Turn 6548 (200)...
Turn 6549 (200)...
Turn 6550 (200)...
Turn 6551 (200)...
Turn 6552 (200)...
Turn 6553 (200)...
Turn 6554 (200)...
Turn 6555 (200)...
Turn 6556 (200)...
Turn 6557 (200)...
Turn 6558 (200)...
Turn 6559 (200)...
Turn 6560 (200)...
Turn 6561 (200)...
Turn 6562 (200)...
Turn 6563 (200)...
Turn 6564 (200)...
Turn 6565 (200)...
Turn 6566 (200)...
Turn 6567 (200)...
Turn 6568 (200)...
Turn 6569 (200)...
Turn 6570 (200)...
Turn 6571 (200)...
Turn 6572 (200)...
Turn 6573 (200)...
Turn 6574 (200)...
Turn 6575 (200)...
Turn 6576 (200)...
Turn 6577 (200)...
Turn 6578 (200)...
Turn 6579 (200)...
Turn 6580 (200)...
Turn 6581 (200)...
Turn 6582 (200)...
Turn 6583 (200)...
Turn 6584 (200)...
Turn 6585 (200)...
Turn 6586 (200)...
Turn 6587 (200)...
Turn 6588 (200)...
Turn 6589 (200)...
Turn 6590 (200)...
Turn 6591 (200)...
Turn 6592 (200)...
Turn 6593 (200)...
Turn 6594 (200)...
Turn 6595 (200)...
Turn 6596 (200)...
Turn 6597 (200)...
Turn 6598 (200)...
Turn 6599 (200)...
[DEFENSE] t=22.0m training a ram (3/6)
[HARNESS] t=22.0m barter 500 stone -> wood
Turn 6600 (200)...
Turn 6601 (200)...
Turn 6602 (200)...
Turn 6603 (200)...
Turn 6604 (200)...
Turn 6605 (200)...
Turn 6606 (200)...
Turn 6607 (200)...
Turn 6608 (200)...
Turn 6609 (200)...
Turn 6610 (200)...
Turn 6611 (200)...
Turn 6612 (200)...
Turn 6613 (200)...
Turn 6614 (200)...
Turn 6615 (200)...
Turn 6616 (200)...
Turn 6617 (200)...
Turn 6618 (200)...
Turn 6619 (200)...
Turn 6620 (200)...
Turn 6621 (200)...
Turn 6622 (200)...
Turn 6623 (200)...
Turn 6624 (200)...
Turn 6625 (200)...
Turn 6626 (200)...
Turn 6627 (200)...
Turn 6628 (200)...
Turn 6629 (200)...
Turn 6630 (200)...
Turn 6631 (200)...
Turn 6632 (200)...
Turn 6633 (200)...
Turn 6634 (200)...
Turn 6635 (200)...
Turn 6636 (200)...
Turn 6637 (200)...
Turn 6638 (200)...
Turn 6639 (200)...
Turn 6640 (200)...
Turn 6641 (200)...
Turn 6642 (200)...
Turn 6643 (200)...
Turn 6644 (200)...
Turn 6645 (200)...
Turn 6646 (200)...
Turn 6647 (200)...
Turn 6648 (200)...
Turn 6649 (200)...
Turn 6650 (200)...
Turn 6651 (200)...
Turn 6652 (200)...
Turn 6653 (200)...
Turn 6654 (200)...
Turn 6655 (200)...
Turn 6656 (200)...
Turn 6657 (200)...
Turn 6658 (200)...
Turn 6659 (200)...
[HARNESS] t=22.2m research gather_mining_servants
Turn 6660 (200)...
Turn 6661 (200)...
Turn 6662 (200)...
Turn 6663 (200)...
Turn 6664 (200)...
[HARNESS] t=22.2m research gather_mining_wedgemallet
Turn 6665 (200)...
Turn 6666 (200)...
Turn 6667 (200)...
Turn 6668 (200)...
Turn 6669 (200)...
[HARNESS] t=22.2m research trader_health
Turn 6670 (200)...
Turn 6671 (200)...
Turn 6672 (200)...
Turn 6673 (200)...
Turn 6674 (200)...
Turn 6675 (200)...
Turn 6676 (200)...
Turn 6677 (200)...
Turn 6678 (200)...
Turn 6679 (200)...
[DEFENSE] t=22.3m training a ram (4/6)
[DEFENSE] t=22.3m raiding enemy CC 140,500 (defenders=66, army=106, rams=2)
Turn 6680 (200)...
Turn 6681 (200)...
Turn 6682 (200)...
Turn 6683 (200)...
Turn 6684 (200)...
[DEFENSE] t=22.3m raid contested: engaging 46 enemy unit(s) around the CC, rams keep battering (army=106, rams=2)
Turn 6685 (200)...
Turn 6686 (200)...
Turn 6687 (200)...
Turn 6688 (200)...
Turn 6689 (200)...
Turn 6690 (200)...
Turn 6691 (200)...
Turn 6692 (200)...
Turn 6693 (200)...
Turn 6694 (200)...
Turn 6695 (200)...
Turn 6696 (200)...
Turn 6697 (200)...
Turn 6698 (200)...
Turn 6699 (200)...
Turn 6700 (200)...
Turn 6701 (200)...
Turn 6702 (200)...
Turn 6703 (200)...
Turn 6704 (200)...
Turn 6705 (200)...
Turn 6706 (200)...
Turn 6707 (200)...
Turn 6708 (200)...
Turn 6709 (200)...
Turn 6710 (200)...
Turn 6711 (200)...
Turn 6712 (200)...
Turn 6713 (200)...
Turn 6714 (200)...
Turn 6715 (200)...
Turn 6716 (200)...
Turn 6717 (200)...
Turn 6718 (200)...
Turn 6719 (200)...
Turn 6720 (200)...
Turn 6721 (200)...
Turn 6722 (200)...
Turn 6723 (200)...
Turn 6724 (200)...
[WARNING] t=22.4m ram stuck at 555,323 — 451m from the raid target at 140,500 (wedged on an obstruction, nudging)
Turn 6725 (200)...
Turn 6726 (200)...
Turn 6727 (200)...
Turn 6728 (200)...
Turn 6729 (200)...
Turn 6730 (200)...
Turn 6731 (200)...
Turn 6732 (200)...
Turn 6733 (200)...
Turn 6734 (200)...
Turn 6735 (200)...
Turn 6736 (200)...
Turn 6737 (200)...
Turn 6738 (200)...
Turn 6739 (200)...
[HARNESS] t=22.5m wood storehouse gated at 457,314 (mass 168, ccDist 177m)
Turn 6740 (200)...
Turn 6741 (200)...
Turn 6742 (200)...
Turn 6743 (200)...
Turn 6744 (200)...
[HARNESS] t=22.5m storehouse at 633,460 for wood 630,470 (1 underserved + 2 frontier, mass 733)
Turn 6745 (200)...
Turn 6746 (200)...
Turn 6747 (200)...
Turn 6748 (200)...
Turn 6749 (200)...
[HARNESS] t=23m pop=297/300 idle=5 starved=0 gatherers food=64 wood=63 stone=22 metal=22 houses=50 fields=29 town=6 techs=10/10 rates wood=59% grain=80% fruit=36% stone=86% metal=75% foodmix fruit=2374 grain=2210 meat=0 dist wood=20m grain=2m fruit=2m founds=1 failedSpots=0 fruitStock=143 enemyArmy=85 siege=0 enemyNear=359m army=111 gar=0 demob=0 terr=24%(1547/6407) stock 1474/378/550/88
Turn 6750 (200)...
Turn 6751 (200)...
Turn 6752 (200)...
Turn 6753 (200)...
Turn 6754 (200)...
Turn 6755 (200)...
Turn 6756 (200)...
Turn 6757 (200)...
Turn 6758 (200)...
Turn 6759 (200)...
Turn 6760 (200)...
Turn 6761 (200)...
Turn 6762 (200)...
Turn 6763 (200)...
Turn 6764 (200)...
[DEFENSE] t=22.6m raid contested: engaging 48 enemy unit(s) around the CC, rams keep battering (army=111, rams=2)
Turn 6765 (200)...
Turn 6766 (200)...
Turn 6767 (200)...
Turn 6768 (200)...
Turn 6769 (200)...
Turn 6770 (200)...
Turn 6771 (200)...
Turn 6772 (200)...
Turn 6773 (200)...
Turn 6774 (200)...
Turn 6775 (200)...
Turn 6776 (200)...
Turn 6777 (200)...
Turn 6778 (200)...
Turn 6779 (200)...
Turn 6780 (200)...
Turn 6781 (200)...
Turn 6782 (200)...
Turn 6783 (200)...
Turn 6784 (200)...
Turn 6785 (200)...
Turn 6786 (200)...
Turn 6787 (200)...
Turn 6788 (200)...
Turn 6789 (200)...
Turn 6790 (200)...
Turn 6791 (200)...
Turn 6792 (200)...
Turn 6793 (200)...
Turn 6794 (200)...
Turn 6795 (200)...
Turn 6796 (200)...
Turn 6797 (200)...
Turn 6798 (200)...
Turn 6799 (200)...
Turn 6800 (200)...
Turn 6801 (200)...
Turn 6802 (200)...
Turn 6803 (200)...
Turn 6804 (200)...
Turn 6805 (200)...
Turn 6806 (200)...
Turn 6807 (200)...
Turn 6808 (200)...
Turn 6809 (200)...
Turn 6810 (200)...
Turn 6811 (200)...
Turn 6812 (200)...
Turn 6813 (200)...
Turn 6814 (200)...
Turn 6815 (200)...
Turn 6816 (200)...
Turn 6817 (200)...
Turn 6818 (200)...
Turn 6819 (200)...
Turn 6820 (200)...
Turn 6821 (200)...
Turn 6822 (200)...
Turn 6823 (200)...
Turn 6824 (200)...
[DEFENSE] t=22.8m raid contested: engaging 51 enemy unit(s) around the CC, rams keep battering (army=116, rams=3)
Turn 6825 (200)...
Turn 6826 (200)...
Turn 6827 (200)...
Turn 6828 (200)...
Turn 6829 (200)...
Turn 6830 (200)...
Turn 6831 (200)...
Turn 6832 (200)...
Turn 6833 (200)...
Turn 6834 (200)...
Turn 6835 (200)...
Turn 6836 (200)...
Turn 6837 (200)...
Turn 6838 (200)...
Turn 6839 (200)...
Turn 6840 (200)...
Turn 6841 (200)...
Turn 6842 (200)...
Turn 6843 (200)...
Turn 6844 (200)...
Turn 6845 (200)...
Turn 6846 (200)...
Turn 6847 (200)...
Turn 6848 (200)...
Turn 6849 (200)...
Turn 6850 (200)...
Turn 6851 (200)...
Turn 6852 (200)...
Turn 6853 (200)...
Turn 6854 (200)...
Turn 6855 (200)...
Turn 6856 (200)...
Turn 6857 (200)...
Turn 6858 (200)...
Turn 6859 (200)...
Turn 6860 (200)...
Turn 6861 (200)...
Turn 6862 (200)...
Turn 6863 (200)...
Turn 6864 (200)...
[DEFENSE] t=22.9m raid contested: engaging 50 enemy unit(s) around the CC, rams keep battering (army=115, rams=3)
[HARNESS] t=22.9m research gather_mining_serfs
Turn 6865 (200)...
Turn 6866 (200)...
Turn 6867 (200)...
Turn 6868 (200)...
Turn 6869 (200)...
[HARNESS] t=22.9m research gather_mining_shaftmining
Turn 6870 (200)...
Turn 6871 (200)...
Turn 6872 (200)...
Turn 6873 (200)...
Turn 6874 (200)...
[HARNESS] t=22.9m research gather_capacity_wheelbarrow
Turn 6875 (200)...
Turn 6876 (200)...
Turn 6877 (200)...
Turn 6878 (200)...
Turn 6879 (200)...
Turn 6880 (200)...
Turn 6881 (200)...
Turn 6882 (200)...
Turn 6883 (200)...
Turn 6884 (200)...
[DEFENSE] t=23.0m dismissing a civilian for army pop room (workers=170)
Turn 6885 (200)...
Turn 6886 (200)...
Turn 6887 (200)...
Turn 6888 (200)...
Turn 6889 (200)...
Turn 6890 (200)...
Turn 6891 (200)...
Turn 6892 (200)...
Turn 6893 (200)...
Turn 6894 (200)...
[DEFENSE] t=23.0m raid contested: engaging 45 enemy unit(s) around the CC, rams keep battering (army=112, rams=3)
Turn 6895 (200)...
Turn 6896 (200)...
Turn 6897 (200)...
Turn 6898 (200)...
Turn 6899 (200)...
Turn 6900 (200)...
Turn 6901 (200)...
Turn 6902 (200)...
Turn 6903 (200)...
Turn 6904 (200)...
Turn 6905 (200)...
Turn 6906 (200)...
Turn 6907 (200)...
Turn 6908 (200)...
Turn 6909 (200)...
[DEFENSE] t=23.0m training a ram (5/6)
Turn 6910 (200)...
Turn 6911 (200)...
Turn 6912 (200)...
Turn 6913 (200)...
Turn 6914 (200)...
Turn 6915 (200)...
Turn 6916 (200)...
Turn 6917 (200)...
Turn 6918 (200)...
Turn 6919 (200)...
Turn 6920 (200)...
Turn 6921 (200)...
Turn 6922 (200)...
Turn 6923 (200)...
Turn 6924 (200)...
[DEFENSE] t=23.1m raid contested: engaging 38 enemy unit(s) around the CC, rams keep battering (army=109, rams=3)
Turn 6925 (200)...
Turn 6926 (200)...
Turn 6927 (200)...
Turn 6928 (200)...
Turn 6929 (200)...
Turn 6930 (200)...
Turn 6931 (200)...
Turn 6932 (200)...
Turn 6933 (200)...
Turn 6934 (200)...
Turn 6935 (200)...
Turn 6936 (200)...
Turn 6937 (200)...
Turn 6938 (200)...
Turn 6939 (200)...
Turn 6940 (200)...
Turn 6941 (200)...
Turn 6942 (200)...
Turn 6943 (200)...
Turn 6944 (200)...
Turn 6945 (200)...
Turn 6946 (200)...
Turn 6947 (200)...
Turn 6948 (200)...
Turn 6949 (200)...
Turn 6950 (200)...
Turn 6951 (200)...
Turn 6952 (200)...
Turn 6953 (200)...
Turn 6954 (200)...
[DEFENSE] t=23.2m raid contested: engaging 25 enemy unit(s) around the CC, rams keep battering (army=105, rams=3)
Turn 6955 (200)...
Turn 6956 (200)...
Turn 6957 (200)...
Turn 6958 (200)...
Turn 6959 (200)...
Turn 6960 (200)...
Turn 6961 (200)...
Turn 6962 (200)...
Turn 6963 (200)...
Turn 6964 (200)...
Turn 6965 (200)...
Turn 6966 (200)...
Turn 6967 (200)...
Turn 6968 (200)...
Turn 6969 (200)...
Turn 6970 (200)...
Turn 6971 (200)...
Turn 6972 (200)...
Turn 6973 (200)...
Turn 6974 (200)...
Turn 6975 (200)...
Turn 6976 (200)...
Turn 6977 (200)...
Turn 6978 (200)...
Turn 6979 (200)...
Turn 6980 (200)...
Turn 6981 (200)...
Turn 6982 (200)...
Turn 6983 (200)...
Turn 6984 (200)...
[DEFENSE] t=23.3m raid contested: engaging 13 enemy unit(s) around the CC, rams keep battering (army=100, rams=4)
Turn 6985 (200)...
Turn 6986 (200)...
Turn 6987 (200)...
Turn 6988 (200)...
Turn 6989 (200)...
[DEFENSE] t=23.3m dismissing a civilian for army pop room (workers=170)
Turn 6990 (200)...
Turn 6991 (200)...
Turn 6992 (200)...
Turn 6993 (200)...
Turn 6994 (200)...
Turn 6995 (200)...
Turn 6996 (200)...
Turn 6997 (200)...
Turn 6998 (200)...
Turn 6999 (200)...
[WARNING] t=23m no placement for arsenal at any CC — rings crowded or enemy too close
Turn 7000 (200)...
Turn 7001 (200)...
Turn 7002 (200)...
Turn 7003 (200)...
Turn 7004 (200)...
Turn 7005 (200)...
Turn 7006 (200)...
Turn 7007 (200)...
Turn 7008 (200)...
Turn 7009 (200)...
[HARNESS] t=23.4m storehouse at 476,393 for wood 462,410 (0 underserved + 2 frontier, mass 10280)
Turn 7010 (200)...
Turn 7011 (200)...
Turn 7012 (200)...
Turn 7013 (200)...
Turn 7014 (200)...
Turn 7015 (200)...
Turn 7016 (200)...
Turn 7017 (200)...
Turn 7018 (200)...
Turn 7019 (200)...
Turn 7020 (200)...
Turn 7021 (200)...
Turn 7022 (200)...
Turn 7023 (200)...
Turn 7024 (200)...
Turn 7025 (200)...
Turn 7026 (200)...
Turn 7027 (200)...
Turn 7028 (200)...
Turn 7029 (200)...
Turn 7030 (200)...
Turn 7031 (200)...
Turn 7032 (200)...
Turn 7033 (200)...
Turn 7034 (200)...
Turn 7035 (200)...
Turn 7036 (200)...
Turn 7037 (200)...
Turn 7038 (200)...
Turn 7039 (200)...
Turn 7040 (200)...
Turn 7041 (200)...
Turn 7042 (200)...
Turn 7043 (200)...
Turn 7044 (200)...
Turn 7045 (200)...
Turn 7046 (200)...
Turn 7047 (200)...
Turn 7048 (200)...
Turn 7049 (200)...
Turn 7050 (200)...
Turn 7051 (200)...
Turn 7052 (200)...
Turn 7053 (200)...
Turn 7054 (200)...
Turn 7055 (200)...
Turn 7056 (200)...
Turn 7057 (200)...
Turn 7058 (200)...
Turn 7059 (200)...
Turn 7060 (200)...
Turn 7061 (200)...
Turn 7062 (200)...
Turn 7063 (200)...
Turn 7064 (200)...
[DEFENSE] t=23.6m raid contested: engaging 14 enemy unit(s) around the CC, rams keep battering (army=80, rams=4)
Turn 7065 (200)...
Turn 7066 (200)...
Turn 7067 (200)...
Turn 7068 (200)...
Turn 7069 (200)...
Turn 7070 (200)...
Turn 7071 (200)...
Turn 7072 (200)...
Turn 7073 (200)...
Turn 7074 (200)...
Turn 7075 (200)...
Turn 7076 (200)...
Turn 7077 (200)...
Turn 7078 (200)...
Turn 7079 (200)...
Turn 7080 (200)...
Turn 7081 (200)...
Turn 7082 (200)...
Turn 7083 (200)...
Turn 7084 (200)...
Turn 7085 (200)...
Turn 7086 (200)...
Turn 7087 (200)...
Turn 7088 (200)...
Turn 7089 (200)...
Turn 7090 (200)...
Turn 7091 (200)...
Turn 7092 (200)...
Turn 7093 (200)...
Turn 7094 (200)...
Turn 7095 (200)...
Turn 7096 (200)...
Turn 7097 (200)...
Turn 7098 (200)...
Turn 7099 (200)...
Turn 7100 (200)...
Turn 7101 (200)...
Turn 7102 (200)...
Turn 7103 (200)...
Turn 7104 (200)...
Turn 7105 (200)...
Turn 7106 (200)...
Turn 7107 (200)...
Turn 7108 (200)...
Turn 7109 (200)...
Turn 7110 (200)...
Turn 7111 (200)...
Turn 7112 (200)...
Turn 7113 (200)...
Turn 7114 (200)...
Turn 7115 (200)...
Turn 7116 (200)...
Turn 7117 (200)...
Turn 7118 (200)...
Turn 7119 (200)...
Turn 7120 (200)...
Turn 7121 (200)...
Turn 7122 (200)...
Turn 7123 (200)...
Turn 7124 (200)...
Turn 7125 (200)...
Turn 7126 (200)...
Turn 7127 (200)...
Turn 7128 (200)...
Turn 7129 (200)...
Turn 7130 (200)...
Turn 7131 (200)...
Turn 7132 (200)...
Turn 7133 (200)...
Turn 7134 (200)...
Turn 7135 (200)...
Turn 7136 (200)...
Turn 7137 (200)...
Turn 7138 (200)...
Turn 7139 (200)...
Turn 7140 (200)...
Turn 7141 (200)...
Turn 7142 (200)...
Turn 7143 (200)...
Turn 7144 (200)...
[HARNESS] expansion candidates: 6 of 19 lattice anchors yield a buildable spot
[HARNESS]   existing CC at 628,268
[HARNESS]   existing CC at 140,500
[HARNESS]   existing CC at 455,609
[HARNESS] expansion plan: 4 CCs, sim coverage 50.0% of 6407 passable tiles (bar 70%)
Turn 7145 (200)...
Turn 7146 (200)...
Turn 7147 (200)...
Turn 7148 (200)...
Turn 7149 (200)...
Turn 7150 (200)...
Turn 7151 (200)...
Turn 7152 (200)...
Turn 7153 (200)...
Turn 7154 (200)...
Turn 7155 (200)...
Turn 7156 (200)...
Turn 7157 (200)...
Turn 7158 (200)...
Turn 7159 (200)...
Turn 7160 (200)...
Turn 7161 (200)...
Turn 7162 (200)...
Turn 7163 (200)...
Turn 7164 (200)...
[DEFENSE] t=23.9m raid contested: engaging 12 enemy unit(s) around the CC, rams keep battering (army=91, rams=5)
Turn 7165 (200)...
Turn 7166 (200)...
Turn 7167 (200)...
Turn 7168 (200)...
Turn 7169 (200)...
Turn 7170 (200)...
Turn 7171 (200)...
Turn 7172 (200)...
Turn 7173 (200)...
Turn 7174 (200)...
Turn 7175 (200)...
Turn 7176 (200)...
Turn 7177 (200)...
Turn 7178 (200)...
Turn 7179 (200)...
Turn 7180 (200)...
Turn 7181 (200)...
Turn 7182 (200)...
Turn 7183 (200)...
Turn 7184 (200)...
Turn 7185 (200)...
Turn 7186 (200)...
Turn 7187 (200)...
Turn 7188 (200)...
Turn 7189 (200)...
Turn 7190 (200)...
Turn 7191 (200)...
Turn 7192 (200)...
Turn 7193 (200)...
Turn 7194 (200)...
Turn 7195 (200)...
Turn 7196 (200)...
Turn 7197 (200)...
Turn 7198 (200)...
Turn 7199 (200)...
Turn 7200 (200)...
Turn 7201 (200)...
Turn 7202 (200)...
Turn 7203 (200)...
Turn 7204 (200)...
[DEFENSE] t=24.0m raid contested: engaging 13 enemy unit(s) around the CC, rams keep battering (army=95, rams=5)
Turn 7205 (200)...
Turn 7206 (200)...
Turn 7207 (200)...
Turn 7208 (200)...
Turn 7209 (200)...
Turn 7210 (200)...
Turn 7211 (200)...
Turn 7212 (200)...
Turn 7213 (200)...
Turn 7214 (200)...
[HARNESS] t=24.1m research gather_mining_slaves
Turn 7215 (200)...
Turn 7216 (200)...
Turn 7217 (200)...
Turn 7218 (200)...
Turn 7219 (200)...
[HARNESS] t=24.1m research gather_mining_silvermining
Turn 7220 (200)...
Turn 7221 (200)...
Turn 7222 (200)...
Turn 7223 (200)...
Turn 7224 (200)...
[HARNESS] t=24.1m research gather_capacity_carts
Turn 7225 (200)...
Turn 7226 (200)...
Turn 7227 (200)...
Turn 7228 (200)...
Turn 7229 (200)...
[DEFENSE] t=24.1m training a ram (6/6)
Turn 7230 (200)...
Turn 7231 (200)...
Turn 7232 (200)...
Turn 7233 (200)...
Turn 7234 (200)...
[DEFENSE] t=24.1m raid contested: engaging 11 enemy unit(s) around the CC, rams keep battering (army=94, rams=5)
Turn 7235 (200)...
Turn 7236 (200)...
Turn 7237 (200)...
Turn 7238 (200)...
Turn 7239 (200)...
Turn 7240 (200)...
Turn 7241 (200)...
Turn 7242 (200)...
Turn 7243 (200)...
Turn 7244 (200)...
Turn 7245 (200)...
Turn 7246 (200)...
Turn 7247 (200)...
Turn 7248 (200)...
Turn 7249 (200)...
Turn 7250 (200)...
Turn 7251 (200)...
Turn 7252 (200)...
Turn 7253 (200)...
Turn 7254 (200)...
[DEFENSE] t=24.2m dismissing a civilian for army pop room (workers=169)
Turn 7255 (200)...
Turn 7256 (200)...
Turn 7257 (200)...
Turn 7258 (200)...
Turn 7259 (200)...
Turn 7260 (200)...
Turn 7261 (200)...
Turn 7262 (200)...
Turn 7263 (200)...
Turn 7264 (200)...
[DEFENSE] t=24.2m raid contested: engaging 6 enemy unit(s) around the CC, rams keep battering (army=98, rams=5)
Turn 7265 (200)...
Turn 7266 (200)...
Turn 7267 (200)...
Turn 7268 (200)...
Turn 7269 (200)...
Turn 7270 (200)...
Turn 7271 (200)...
Turn 7272 (200)...
Turn 7273 (200)...
Turn 7274 (200)...
[HARNESS] t=24.3m storehouse at 660,459 for wood 682,480 (0 underserved + 2 frontier, mass 542)
Turn 7275 (200)...
Turn 7276 (200)...
Turn 7277 (200)...
Turn 7278 (200)...
Turn 7279 (200)...
Turn 7280 (200)...
Turn 7281 (200)...
Turn 7282 (200)...
Turn 7283 (200)...
Turn 7284 (200)...
Turn 7285 (200)...
Turn 7286 (200)...
Turn 7287 (200)...
Turn 7288 (200)...
Turn 7289 (200)...
Turn 7290 (200)...
Turn 7291 (200)...
Turn 7292 (200)...
Turn 7293 (200)...
Turn 7294 (200)...
[DEFENSE] t=24.3m raid contested: engaging 3 enemy unit(s) around the CC, rams keep battering (army=102, rams=5)
Turn 7295 (200)...
Turn 7296 (200)...
Turn 7297 (200)...
Turn 7298 (200)...
Turn 7299 (200)...
[HARNESS] t=24.3m CC order at 664,575 (1/4, slot 1/3)
Turn 7300 (200)...
Turn 7301 (200)...
Turn 7302 (200)...
Turn 7303 (200)...
Turn 7304 (200)...
Turn 7305 (200)...
Turn 7306 (200)...
Turn 7307 (200)...
Turn 7308 (200)...
Turn 7309 (200)...
Turn 7310 (200)...
Turn 7311 (200)...
Turn 7312 (200)...
Turn 7313 (200)...
Turn 7314 (200)...
Turn 7315 (200)...
Turn 7316 (200)...
Turn 7317 (200)...
Turn 7318 (200)...
Turn 7319 (200)...
Turn 7320 (200)...
Turn 7321 (200)...
Turn 7322 (200)...
Turn 7323 (200)...
Turn 7324 (200)...
[DEFENSE] t=24.4m raid contest cleared: grinding the CC (army=101, rams=5)
Turn 7325 (200)...
Turn 7326 (200)...
Turn 7327 (200)...
Turn 7328 (200)...
Turn 7329 (200)...
Turn 7330 (200)...
Turn 7331 (200)...
Turn 7332 (200)...
Turn 7333 (200)...
Turn 7334 (200)...
Turn 7335 (200)...
Turn 7336 (200)...
Turn 7337 (200)...
Turn 7338 (200)...
Turn 7339 (200)...
Turn 7340 (200)...
Turn 7341 (200)...
Turn 7342 (200)...
Turn 7343 (200)...
Turn 7344 (200)...
Turn 7345 (200)...
Turn 7346 (200)...
Turn 7347 (200)...
Turn 7348 (200)...
Turn 7349 (200)...
Turn 7350 (200)...
Turn 7351 (200)...
Turn 7352 (200)...
Turn 7353 (200)...
Turn 7354 (200)...
Turn 7355 (200)...
Turn 7356 (200)...
Turn 7357 (200)...
Turn 7358 (200)...
Turn 7359 (200)...
Turn 7360 (200)...
Turn 7361 (200)...
Turn 7362 (200)...
Turn 7363 (200)...
Turn 7364 (200)...
[DEFENSE] t=24.6m raid contested: engaging 1 enemy unit(s) around the CC, rams keep battering (army=98, rams=5)
Turn 7365 (200)...
Turn 7366 (200)...
Turn 7367 (200)...
Turn 7368 (200)...
Turn 7369 (200)...
Turn 7370 (200)...
Turn 7371 (200)...
Turn 7372 (200)...
Turn 7373 (200)...
Turn 7374 (200)...
Turn 7375 (200)...
Turn 7376 (200)...
Turn 7377 (200)...
Turn 7378 (200)...
Turn 7379 (200)...
Turn 7380 (200)...
Turn 7381 (200)...
Turn 7382 (200)...
Turn 7383 (200)...
Turn 7384 (200)...
Turn 7385 (200)...
Turn 7386 (200)...
Turn 7387 (200)...
Turn 7388 (200)...
Turn 7389 (200)...
Turn 7390 (200)...
Turn 7391 (200)...
Turn 7392 (200)...
Turn 7393 (200)...
Turn 7394 (200)...
Turn 7395 (200)...
Turn 7396 (200)...
Turn 7397 (200)...
Turn 7398 (200)...
Turn 7399 (200)...
Turn 7400 (200)...
Turn 7401 (200)...
Turn 7402 (200)...
Turn 7403 (200)...
Turn 7404 (200)...
[DEFENSE] t=24.7m raid contest cleared: grinding the CC (army=97, rams=6)
Turn 7405 (200)...
Turn 7406 (200)...
Turn 7407 (200)...
Turn 7408 (200)...
Turn 7409 (200)...
Turn 7410 (200)...
Turn 7411 (200)...
Turn 7412 (200)...
Turn 7413 (200)...
Turn 7414 (200)...
Turn 7415 (200)...
Turn 7416 (200)...
Turn 7417 (200)...
Turn 7418 (200)...
Turn 7419 (200)...
Turn 7420 (200)...
Turn 7421 (200)...
Turn 7422 (200)...
Turn 7423 (200)...
Turn 7424 (200)...
Turn 7425 (200)...
Turn 7426 (200)...
Turn 7427 (200)...
Turn 7428 (200)...
Turn 7429 (200)...
Turn 7430 (200)...
Turn 7431 (200)...
Turn 7432 (200)...
Turn 7433 (200)...
Turn 7434 (200)...
Turn 7435 (200)...
Turn 7436 (200)...
Turn 7437 (200)...
Turn 7438 (200)...
Turn 7439 (200)...
Turn 7440 (200)...
Turn 7441 (200)...
Turn 7442 (200)...
Turn 7443 (200)...
Turn 7444 (200)...
[HARNESS] t=24.8m storehouse at 485,409 for wood 450,416 (0 underserved + 3 frontier, mass 6143)
Turn 7445 (200)...
Turn 7446 (200)...
Turn 7447 (200)...
Turn 7448 (200)...
Turn 7449 (200)...
[HARNESS] t=24.8m CC order at 388,27 (1/4, slot 2/3)
Turn 7450 (200)...
Turn 7451 (200)...
Turn 7452 (200)...
Turn 7453 (200)...
Turn 7454 (200)...
[HARNESS] t=24.9m CC order at 279,202 (1/4, slot 3/3)
Turn 7455 (200)...
Turn 7456 (200)...
Turn 7457 (200)...
Turn 7458 (200)...
Turn 7459 (200)...
Turn 7460 (200)...
Turn 7461 (200)...
Turn 7462 (200)...
Turn 7463 (200)...
Turn 7464 (200)...
Turn 7465 (200)...
Turn 7466 (200)...
Turn 7467 (200)...
Turn 7468 (200)...
Turn 7469 (200)...
Turn 7470 (200)...
Turn 7471 (200)...
Turn 7472 (200)...
Turn 7473 (200)...
Turn 7474 (200)...
Turn 7475 (200)...
Turn 7476 (200)...
Turn 7477 (200)...
Turn 7478 (200)...
Turn 7479 (200)...
Turn 7480 (200)...
Turn 7481 (200)...
Turn 7482 (200)...
Turn 7483 (200)...
Turn 7484 (200)...
Turn 7485 (200)...
Turn 7486 (200)...
Turn 7487 (200)...
Turn 7488 (200)...
Turn 7489 (200)...
Turn 7490 (200)...
Turn 7491 (200)...
Turn 7492 (200)...
Turn 7493 (200)...
Turn 7494 (200)...
Turn 7495 (200)...
Turn 7496 (200)...
Turn 7497 (200)...
Turn 7498 (200)...
Turn 7499 (200)...
[HARNESS] t=25m pop=297/300 idle=0 starved=0 gatherers food=62 wood=62 stone=22 metal=22 houses=50 fields=29 town=6 techs=10/10 rates wood=58% grain=86% fruit=39% stone=80% metal=68% foodmix fruit=176 grain=6468 meat=0 dist wood=52m grain=2m fruit=-m founds=3 failedSpots=0 fruitStock=0 enemyArmy=0 siege=0 enemyNear=320m army=95 gar=0 demob=0 terr=24%(1552/6407) stock 2573/1904/373/240
[WARNING] t=25m lumberjacks work at mean 52m from the nearest dropsite (>40m) — wood storehouse coverage is failing
Turn 7500 (200)...
Turn 7501 (200)...
Turn 7502 (200)...
Turn 7503 (200)...
Turn 7504 (200)...
Turn 7505 (200)...
Turn 7506 (200)...
Turn 7507 (200)...
Turn 7508 (200)...
Turn 7509 (200)...
Turn 7510 (200)...
Turn 7511 (200)...
Turn 7512 (200)...
Turn 7513 (200)...
Turn 7514 (200)...
[HARNESS] t=25.1m research health_civilians_01
Turn 7515 (200)...
Turn 7516 (200)...
Turn 7517 (200)...
Turn 7518 (200)...
Turn 7519 (200)...
Turn 7520 (200)...
Turn 7521 (200)...
Turn 7522 (200)...
Turn 7523 (200)...
Turn 7524 (200)...
Turn 7525 (200)...
Turn 7526 (200)...
Turn 7527 (200)...
Turn 7528 (200)...
Turn 7529 (200)...
[HARNESS] t=25.1m research trade_commercial_treaty
Turn 7530 (200)...
Turn 7531 (200)...
Turn 7532 (200)...
Turn 7533 (200)...
Turn 7534 (200)...
Turn 7535 (200)...
Turn 7536 (200)...
Turn 7537 (200)...
Turn 7538 (200)...
Turn 7539 (200)...
Turn 7540 (200)...
Turn 7541 (200)...
Turn 7542 (200)...
Turn 7543 (200)...
Turn 7544 (200)...
Turn 7545 (200)...
Turn 7546 (200)...
Turn 7547 (200)...
Turn 7548 (200)...
Turn 7549 (200)...
Turn 7550 (200)...
Turn 7551 (200)...
Turn 7552 (200)...
Turn 7553 (200)...
Turn 7554 (200)...
Turn 7555 (200)...
Turn 7556 (200)...
Turn 7557 (200)...
Turn 7558 (200)...
Turn 7559 (200)...
Turn 7560 (200)...
Turn 7561 (200)...
Turn 7562 (200)...
Turn 7563 (200)...
Turn 7564 (200)...
Turn 7565 (200)...
Turn 7566 (200)...
Turn 7567 (200)...
Turn 7568 (200)...
Turn 7569 (200)...
Turn 7570 (200)...
Turn 7571 (200)...
Turn 7572 (200)...
Turn 7573 (200)...
Turn 7574 (200)...
Turn 7575 (200)...
Turn 7576 (200)...
Turn 7577 (200)...
Turn 7578 (200)...
Turn 7579 (200)...
Turn 7580 (200)...
Turn 7581 (200)...
Turn 7582 (200)...
Turn 7583 (200)...
Turn 7584 (200)...
Turn 7585 (200)...
Turn 7586 (200)...
Turn 7587 (200)...
Turn 7588 (200)...
Turn 7589 (200)...
Turn 7590 (200)...
Turn 7591 (200)...
Turn 7592 (200)...
Turn 7593 (200)...
Turn 7594 (200)...
Turn 7595 (200)...
Turn 7596 (200)...
Turn 7597 (200)...
Turn 7598 (200)...
Turn 7599 (200)...
[WARNING] t=25m no placement for arsenal at any CC — rings crowded or enemy too close
Turn 7600 (200)...
Turn 7601 (200)...
Turn 7602 (200)...
Turn 7603 (200)...
Turn 7604 (200)...
Turn 7605 (200)...
Turn 7606 (200)...
Turn 7607 (200)...
Turn 7608 (200)...
Turn 7609 (200)...
Turn 7610 (200)...
Turn 7611 (200)...
Turn 7612 (200)...
Turn 7613 (200)...
Turn 7614 (200)...
Turn 7615 (200)...
Turn 7616 (200)...
Turn 7617 (200)...
Turn 7618 (200)...
Turn 7619 (200)...
Turn 7620 (200)...
Turn 7621 (200)...
Turn 7622 (200)...
Turn 7623 (200)...
Turn 7624 (200)...
Turn 7625 (200)...
Turn 7626 (200)...
Turn 7627 (200)...
Turn 7628 (200)...
Turn 7629 (200)...
Turn 7630 (200)...
Turn 7631 (200)...
Turn 7632 (200)...
Turn 7633 (200)...
Turn 7634 (200)...
Turn 7635 (200)...
Turn 7636 (200)...
Turn 7637 (200)...
Turn 7638 (200)...
Turn 7639 (200)...
Turn 7640 (200)...
Turn 7641 (200)...
Turn 7642 (200)...
Turn 7643 (200)...
Turn 7644 (200)...
Turn 7645 (200)...
Turn 7646 (200)...
Turn 7647 (200)...
Turn 7648 (200)...
Turn 7649 (200)...
Turn 7650 (200)...
Turn 7651 (200)...
Turn 7652 (200)...
Turn 7653 (200)...
Turn 7654 (200)...
[HARNESS] t=25.5m research trade_gain_01
Turn 7655 (200)...
Turn 7656 (200)...
Turn 7657 (200)...
Turn 7658 (200)...
Turn 7659 (200)...
Turn 7660 (200)...
Turn 7661 (200)...
Turn 7662 (200)...
Turn 7663 (200)...
Turn 7664 (200)...
Turn 7665 (200)...
Turn 7666 (200)...
Turn 7667 (200)...
Turn 7668 (200)...
Turn 7669 (200)...
Turn 7670 (200)...
Turn 7671 (200)...
Turn 7672 (200)...
Turn 7673 (200)...
Turn 7674 (200)...
Turn 7675 (200)...
Turn 7676 (200)...
Turn 7677 (200)...
Turn 7678 (200)...
Turn 7679 (200)...
Turn 7680 (200)...
Turn 7681 (200)...
Turn 7682 (200)...
Turn 7683 (200)...
Turn 7684 (200)...
[DEFENSE] t=25.6m raid contested: engaging 1 enemy unit(s) around the CC, rams keep battering (army=102, rams=6)
Turn 7685 (200)...
Turn 7686 (200)...
Turn 7687 (200)...
Turn 7688 (200)...
Turn 7689 (200)...
Turn 7690 (200)...
Turn 7691 (200)...
Turn 7692 (200)...
Turn 7693 (200)...
Turn 7694 (200)...
Turn 7695 (200)...
Turn 7696 (200)...
Turn 7697 (200)...
Turn 7698 (200)...
Turn 7699 (200)...
Turn 7700 (200)...
Turn 7701 (200)...
Turn 7702 (200)...
Turn 7703 (200)...
Turn 7704 (200)...
Turn 7705 (200)...
Turn 7706 (200)...
Turn 7707 (200)...
Turn 7708 (200)...
Turn 7709 (200)...
Turn 7710 (200)...
Turn 7711 (200)...
Turn 7712 (200)...
Turn 7713 (200)...
Turn 7714 (200)...
[DEFENSE] t=25.7m raid contested: engaging 17 enemy unit(s) around the CC, rams keep battering (army=106, rams=6)
Turn 7715 (200)...
Turn 7716 (200)...
Turn 7717 (200)...
Turn 7718 (200)...
Turn 7719 (200)...
[HARNESS] t=25.7m research soldier_attack_melee_02
[DEFENSE] t=25.7m razed enemy CC at 140,500
[DEFENSE] t=25.7m raiding enemy CC 455,609 (defenders=14, army=105, rams=6)
[DEFENSE] t=25.7m raid contested: engaging 10 enemy unit(s) around the CC, rams keep battering (army=105, rams=6)
Turn 7720 (200)...
Turn 7721 (200)...
Turn 7722 (200)...
Turn 7723 (200)...
Turn 7724 (200)...
Turn 7725 (200)...
Turn 7726 (200)...
Turn 7727 (200)...
Turn 7728 (200)...
Turn 7729 (200)...
[DEFENSE] t=25.8m dismissing a civilian for army pop room (workers=168)
Turn 7730 (200)...
Turn 7731 (200)...
Turn 7732 (200)...
Turn 7733 (200)...
Turn 7734 (200)...
Turn 7735 (200)...
Turn 7736 (200)...
Turn 7737 (200)...
Turn 7738 (200)...
Turn 7739 (200)...
Turn 7740 (200)...
Turn 7741 (200)...
Turn 7742 (200)...
Turn 7743 (200)...
Turn 7744 (200)...
Turn 7745 (200)...
Turn 7746 (200)...
Turn 7747 (200)...
Turn 7748 (200)...
Turn 7749 (200)...
Turn 7750 (200)...
Turn 7751 (200)...
Turn 7752 (200)...
Turn 7753 (200)...
Turn 7754 (200)...
Turn 7755 (200)...
Turn 7756 (200)...
Turn 7757 (200)...
Turn 7758 (200)...
Turn 7759 (200)...
Turn 7760 (200)...
Turn 7761 (200)...
Turn 7762 (200)...
Turn 7763 (200)...
Turn 7764 (200)...
Turn 7765 (200)...
Turn 7766 (200)...
Turn 7767 (200)...
Turn 7768 (200)...
Turn 7769 (200)...
Turn 7770 (200)...
Turn 7771 (200)...
Turn 7772 (200)...
Turn 7773 (200)...
Turn 7774 (200)...
Turn 7775 (200)...
Turn 7776 (200)...
Turn 7777 (200)...
Turn 7778 (200)...
Turn 7779 (200)...
Turn 7780 (200)...
Turn 7781 (200)...
Turn 7782 (200)...
Turn 7783 (200)...
Turn 7784 (200)...
Turn 7785 (200)...
Turn 7786 (200)...
Turn 7787 (200)...
Turn 7788 (200)...
Turn 7789 (200)...
[DEFENSE] t=26.0m raid contested: engaging 9 enemy unit(s) around the CC, rams keep battering (army=94, rams=6)
Turn 7790 (200)...
Turn 7791 (200)...
Turn 7792 (200)...
Turn 7793 (200)...
Turn 7794 (200)...
Turn 7795 (200)...
Turn 7796 (200)...
Turn 7797 (200)...
Turn 7798 (200)...
Turn 7799 (200)...
Turn 7800 (200)...
Turn 7801 (200)...
Turn 7802 (200)...
Turn 7803 (200)...
Turn 7804 (200)...
Turn 7805 (200)...
Turn 7806 (200)...
Turn 7807 (200)...
Turn 7808 (200)...
Turn 7809 (200)...
Turn 7810 (200)...
Turn 7811 (200)...
Turn 7812 (200)...
Turn 7813 (200)...
Turn 7814 (200)...
Turn 7815 (200)...
Turn 7816 (200)...
Turn 7817 (200)...
Turn 7818 (200)...
Turn 7819 (200)...
Turn 7820 (200)...
Turn 7821 (200)...
Turn 7822 (200)...
Turn 7823 (200)...
Turn 7824 (200)...
Turn 7825 (200)...
Turn 7826 (200)...
Turn 7827 (200)...
Turn 7828 (200)...
Turn 7829 (200)...
[HARNESS] t=26.1m tower at 674,590 for CC 664,575
[HARNESS] t=26.1m construct FAILED: structures/gaul/civil_centre at 388,27 (placementOK=false terrOwner=0)
[HARNESS] t=26.1m market at 651,600 for the trade routes
Turn 7830 (200)...
Turn 7831 (200)...
Turn 7832 (200)...
Turn 7833 (200)...
Turn 7834 (200)...
[HARNESS] t=26.1m tower at 618,556 for CC 664,575
Turn 7835 (200)...
Turn 7836 (200)...
Turn 7837 (200)...
Turn 7838 (200)...
Turn 7839 (200)...
[HARNESS] t=26.1m tower at 703,517 for CC 664,575
[DEFENSE] t=26.1m raid contested: engaging 8 enemy unit(s) around the CC, rams keep battering (army=99, rams=6)
Turn 7840 (200)...
Turn 7841 (200)...
Turn 7842 (200)...
Turn 7843 (200)...
Turn 7844 (200)...
Turn 7845 (200)...
Turn 7846 (200)...
Turn 7847 (200)...
Turn 7848 (200)...
Turn 7849 (200)...
[HARNESS] t=26.2m defense building arsenal
Turn 7850 (200)...
Turn 7851 (200)...
Turn 7852 (200)...
Turn 7853 (200)...
Turn 7854 (200)...
[HARNESS] t=26.2m CC order at 77,202 (1/4, slot 2/3)
[HARNESS] t=26.2m CC 1/4 completed at 664,575
[HARNESS] t=26.2m CC spot 388,27 failed, skipping
Turn 7855 (200)...
Turn 7856 (200)...
Turn 7857 (200)...
Turn 7858 (200)...
Turn 7859 (200)...
Turn 7860 (200)...
Turn 7861 (200)...
Turn 7862 (200)...
Turn 7863 (200)...
Turn 7864 (200)...
[HARNESS] t=26.2m research soldier_attack_ranged_02
Turn 7865 (200)...
Turn 7866 (200)...
Turn 7867 (200)...
Turn 7868 (200)...
Turn 7869 (200)...
Turn 7870 (200)...
Turn 7871 (200)...
Turn 7872 (200)...
Turn 7873 (200)...
Turn 7874 (200)...
Turn 7875 (200)...
Turn 7876 (200)...
Turn 7877 (200)...
Turn 7878 (200)...
Turn 7879 (200)...
[DEFENSE] t=26.3m raid contested: engaging 7 enemy unit(s) around the CC, rams keep battering (army=98, rams=6)
Turn 7880 (200)...
Turn 7881 (200)...
Turn 7882 (200)...
Turn 7883 (200)...
Turn 7884 (200)...
Turn 7885 (200)...
Turn 7886 (200)...
Turn 7887 (200)...
Turn 7888 (200)...
Turn 7889 (200)...
Turn 7890 (200)...
Turn 7891 (200)...
Turn 7892 (200)...
Turn 7893 (200)...
Turn 7894 (200)...
[HARNESS] expansion candidates: 4 of 19 lattice anchors yield a buildable spot
[HARNESS]   existing CC at 628,268
[HARNESS]   existing CC at 455,609
[HARNESS]   existing CC at 279,202
[HARNESS]   existing CC at 664,575
[HARNESS] expansion plan: 4 CCs, sim coverage 58.5% of 6407 passable tiles (bar 70%)
Turn 7895 (200)...
Turn 7896 (200)...
Turn 7897 (200)...
Turn 7898 (200)...
Turn 7899 (200)...
[HARNESS] t=26.3m CC order at 392,376 (1/4, slot 3/3)
Turn 7900 (200)...
Turn 7901 (200)...
Turn 7902 (200)...
Turn 7903 (200)...
Turn 7904 (200)...
Turn 7905 (200)...
Turn 7906 (200)...
Turn 7907 (200)...
Turn 7908 (200)...
Turn 7909 (200)...
[DEFENSE] t=26.4m raid contested: engaging 8 enemy unit(s) around the CC, rams keep battering (army=103, rams=6)
Turn 7910 (200)...
Turn 7911 (200)...
Turn 7912 (200)...
Turn 7913 (200)...
Turn 7914 (200)...
Turn 7915 (200)...
Turn 7916 (200)...
Turn 7917 (200)...
Turn 7918 (200)...
Turn 7919 (200)...
Turn 7920 (200)...
Turn 7921 (200)...
Turn 7922 (200)...
Turn 7923 (200)...
Turn 7924 (200)...
Turn 7925 (200)...
Turn 7926 (200)...
Turn 7927 (200)...
Turn 7928 (200)...
Turn 7929 (200)...
Turn 7930 (200)...
Turn 7931 (200)...
Turn 7932 (200)...
Turn 7933 (200)...
Turn 7934 (200)...
Turn 7935 (200)...
Turn 7936 (200)...
Turn 7937 (200)...
Turn 7938 (200)...
Turn 7939 (200)...
[DEFENSE] t=26.5m raid contested: engaging 4 enemy unit(s) around the CC, rams keep battering (army=107, rams=6)
Turn 7940 (200)...
Turn 7941 (200)...
Turn 7942 (200)...
Turn 7943 (200)...
Turn 7944 (200)...
Turn 7945 (200)...
Turn 7946 (200)...
Turn 7947 (200)...
Turn 7948 (200)...
Turn 7949 (200)...
Turn 7950 (200)...
Turn 7951 (200)...
Turn 7952 (200)...
Turn 7953 (200)...
Turn 7954 (200)...
Turn 7955 (200)...
Turn 7956 (200)...
Turn 7957 (200)...
Turn 7958 (200)...
Turn 7959 (200)...
Turn 7960 (200)...
Turn 7961 (200)...
Turn 7962 (200)...
Turn 7963 (200)...
Turn 7964 (200)...
Turn 7965 (200)...
Turn 7966 (200)...
Turn 7967 (200)...
Turn 7968 (200)...
Turn 7969 (200)...
[DEFENSE] t=26.6m raid contested: engaging 3 enemy unit(s) around the CC, rams keep battering (army=106, rams=6)
Turn 7970 (200)...
Turn 7971 (200)...
Turn 7972 (200)...
Turn 7973 (200)...
Turn 7974 (200)...
Turn 7975 (200)...
Turn 7976 (200)...
Turn 7977 (200)...
Turn 7978 (200)...
Turn 7979 (200)...
Turn 7980 (200)...
Turn 7981 (200)...
Turn 7982 (200)...
Turn 7983 (200)...
Turn 7984 (200)...
Turn 7985 (200)...
Turn 7986 (200)...
Turn 7987 (200)...
Turn 7988 (200)...
Turn 7989 (200)...
Turn 7990 (200)...
Turn 7991 (200)...
Turn 7992 (200)...
Turn 7993 (200)...
Turn 7994 (200)...
Turn 7995 (200)...
Turn 7996 (200)...
Turn 7997 (200)...
Turn 7998 (200)...
Turn 7999 (200)...
[DEFENSE] t=26.7m dismissing a civilian for army pop room (workers=167)
[DEFENSE] t=26.7m raid contested: engaging 1 enemy unit(s) around the CC, rams keep battering (army=104, rams=6)
Turn 8000 (200)...
Turn 8001 (200)...
Turn 8002 (200)...
Turn 8003 (200)...
Turn 8004 (200)...
[HARNESS] t=26.7m tower at 293,213 for CC 279,202
[HARNESS] t=26.7m storehouse at 208,171 for mine 199,153 (5000 left)
[HARNESS] t=26.7m market at 292,227 for the trade routes
Turn 8005 (200)...
Turn 8006 (200)...
Turn 8007 (200)...
Turn 8008 (200)...
Turn 8009 (200)...
[HARNESS] t=26.7m tower at 235,184 for CC 279,202
Turn 8010 (200)...
Turn 8011 (200)...
Turn 8012 (200)...
Turn 8013 (200)...
Turn 8014 (200)...
[HARNESS] t=26.7m tower at 290,147 for CC 279,202
Turn 8015 (200)...
Turn 8016 (200)...
Turn 8017 (200)...
Turn 8018 (200)...
Turn 8019 (200)...
[HARNESS] t=26.7m construct FAILED: structures/gaul/market at 292,227 (placementOK=false terrOwner=1)
[HARNESS] t=26.7m market at 266,227 for the trade routes
Turn 8020 (200)...
Turn 8021 (200)...
Turn 8022 (200)...
Turn 8023 (200)...
Turn 8024 (200)...
[HARNESS] t=26.8m tower at 238,251 for CC 279,202
Turn 8025 (200)...
Turn 8026 (200)...
Turn 8027 (200)...
Turn 8028 (200)...
Turn 8029 (200)...
[HARNESS] t=26.8m tower at 350,181 for CC 279,202
[DEFENSE] t=26.8m raid contest cleared: grinding the CC (army=103, rams=6)
[WARNING] t=26.8m ram stuck at 335,595 — 120m from the raid target at 455,609 (wedged on an obstruction, nudging)
Turn 8030 (200)...
Turn 8031 (200)...
Turn 8032 (200)...
Turn 8033 (200)...
Turn 8034 (200)...
[HARNESS] t=26.8m tower at 302,279 for CC 279,202
Turn 8035 (200)...
Turn 8036 (200)...
Turn 8037 (200)...
Turn 8038 (200)...
Turn 8039 (200)...
Turn 8040 (200)...
Turn 8041 (200)...
Turn 8042 (200)...
Turn 8043 (200)...
Turn 8044 (200)...
Turn 8045 (200)...
Turn 8046 (200)...
Turn 8047 (200)...
Turn 8048 (200)...
Turn 8049 (200)...
[WARNING] t=26.8m ram stuck at 369,593 — 87m from the raid target at 455,609 (wedged on an obstruction, nudging)
[HARNESS] t=26.8m storehouse at 417,132 for mine 433,125 (5000 left)
[HARNESS] t=26.8m CC order at 382,28 (1/4, slot 3/3)
Turn 8050 (200)...
Turn 8051 (200)...
Turn 8052 (200)...
Turn 8053 (200)...
Turn 8054 (200)...
Turn 8055 (200)...
Turn 8056 (200)...
Turn 8057 (200)...
Turn 8058 (200)...
Turn 8059 (200)...
[DEFENSE] t=26.9m raid contest cleared: grinding the CC (army=102, rams=6)
Turn 8060 (200)...
Turn 8061 (200)...
Turn 8062 (200)...
Turn 8063 (200)...
Turn 8064 (200)...
Turn 8065 (200)...
Turn 8066 (200)...
Turn 8067 (200)...
Turn 8068 (200)...
Turn 8069 (200)...
Turn 8070 (200)...
Turn 8071 (200)...
Turn 8072 (200)...
Turn 8073 (200)...
Turn 8074 (200)...
[HARNESS] t=26.9m trade route 437m (2 markets)
Turn 8075 (200)...
Turn 8076 (200)...
Turn 8077 (200)...
Turn 8078 (200)...
Turn 8079 (200)...
Turn 8080 (200)...
Turn 8081 (200)...
Turn 8082 (200)...
Turn 8083 (200)...
Turn 8084 (200)...
Turn 8085 (200)...
Turn 8086 (200)...
Turn 8087 (200)...
Turn 8088 (200)...
Turn 8089 (200)...
[HARNESS] t=27.0m research soldier_resistance_hack_02
[DEFENSE] t=27.0m raid contested: engaging 1 enemy unit(s) around the CC, rams keep battering (army=101, rams=6)
Turn 8090 (200)...
Turn 8091 (200)...
Turn 8092 (200)...
{
	"playerID": 1,
	"playerState": "won",
	"statistics": {
		"unitsTrained": {
			"total": 503,
			"Cavalry": 0,
			"Champion": 0,
			"Civilian": 254,
			"Domestic": 0,
			"Hero": 0,
			"Infantry": 222,
			"Ship": 0,
			"Siege": 6,
			"Trader": 0,
			"Unit": 503,
			"Worker": 476
		},
		"unitsLost": {
			"total": 0,
			"Cavalry": 1,
			"Champion": 0,
			"Civilian": 87,
			"Hero": 0,
			"Infantry": 125,
			"Ship": 0,
			"Siege": 0,
			"Trader": 0,
			"Unit": 228,
			"Worker": 212
		},
		"unitsLostValue": 18950,
		"enemyUnitsKilled": {
			"total": 0,
			"Cavalry": 17,
			"Champion": 0,
			"Civilian": 38,
			"Hero": 0,
			"Infantry": 244,
			"Ship": 0,
			"Siege": 0,
			"Trader": 0,
			"Unit": 299,
			"Worker": 282
		},
		"enemyUnitsKilledValue": 28850,
		"unitsCaptured": {
			"total": 0,
			"Cavalry": 0,
			"Champion": 0,
			"Civilian": 0,
			"Hero": 0,
			"Infantry": 0,
			"Ship": 0,
			"Siege": 0,
			"Trader": 0,
			"Unit": 0,
			"Worker": 0
		},
		"unitsCapturedValue": 0,
		"buildingsConstructed": {
			"total": 146,
			"Economic": 45,
			"CivCentre": 2,
			"Fortress": 0,
			"House": 51,
			"Military": 6,
			"Outpost": 0,
			"Structure": 146,
			"Wonder": 0
		},
		"buildingsLost": {
			"total": 0,
			"Economic": 2,
			"CivCentre": 0,
			"Fortress": 0,
			"House": 0,
			"Military": 0,
			"Outpost": 0,
			"Structure": 4,
			"Wonder": 0
		},
		"buildingsLostValue": 400,
		"enemyBuildingsDestroyed": {
			"total": 0,
			"Economic": 2,
			"CivCentre": 2,
			"Fortress": 0,
			"House": 10,
			"Military": 2,
			"Outpost": 0,
			"Structure": 25,
			"Wonder": 0
		},
		"enemyBuildingsDestroyedValue": 5000,
		"buildingsCaptured": {
			"total": 0,
			"Economic": 0,
			"CivCentre": 0,
			"Fortress": 0,
			"House": 0,
			"Military": 0,
			"Outpost": 0,
			"Structure": 0,
			"Wonder": 0
		},
		"buildingsCapturedValue": 0,
		"resourcesCount": {
			"food": 3523,
			"wood": 1733,
			"stone": 793,
			"metal": 249
		},
		"resourcesGathered": {
			"vegetarianFood": 37044,
			"food": 38384,
			"wood": 39247,
			"stone": 5175,
			"metal": 5030
		},
		"resourcesUsed": {
			"food": 36134,
			"wood": 38691,
			"stone": 5250,
			"metal": 5476
		},
		"resourcesSold": {
			"food": 1600,
			"wood": 900,
			"stone": 500,
			"metal": 0
		},
		"resourcesBought": {
			"food": 0,
			"wood": 409,
			"stone": 846,
			"metal": 925
		},
		"tributesSent": 0,
		"tributesReceived": 0,
		"tradeIncome": 0,
		"treasuresCollected": 0,
		"lootCollected": 4318,
		"populationCount": 300,
		"percentMapExplored": 77,
		"teamPercentMapExplored": 77,
		"percentMapControlled": 61,
		"teamPercentMapControlled": 61,
		"peakPercentMapControlled": 61,
		"teamPeakPercentMapControlled": 61,
		"successfulBribes": 0,
		"failedBribes": 0
	}
}
{
	"playerID": 2,
	"playerState": "defeated",
	"statistics": {
		"unitsTrained": {
			"total": 291,
			"Cavalry": 16,
			"Champion": 0,
			"Civilian": 34,
			"Domestic": 0,
			"Hero": 0,
			"Infantry": 241,
			"Ship": 0,
			"Siege": 0,
			"Trader": 0,
			"Unit": 291,
			"Worker": 275
		},
		"unitsLost": {
			"total": 0,
			"Cavalry": 17,
			"Champion": 0,
			"Civilian": 38,
			"Hero": 0,
			"Infantry": 244,
			"Ship": 0,
			"Siege": 0,
			"Trader": 0,
			"Unit": 299,
			"Worker": 282
		},
		"unitsLostValue": 28850,
		"enemyUnitsKilled": {
			"total": 0,
			"Cavalry": 1,
			"Champion": 0,
			"Civilian": 87,
			"Hero": 0,
			"Infantry": 125,
			"Ship": 0,
			"Siege": 0,
			"Trader": 0,
			"Unit": 228,
			"Worker": 212
		},
		"enemyUnitsKilledValue": 18950,
		"unitsCaptured": {
			"total": 0,
			"Cavalry": 0,
			"Champion": 0,
			"Civilian": 0,
			"Hero": 0,
			"Infantry": 0,
			"Ship": 0,
			"Siege": 0,
			"Trader": 0,
			"Unit": 0,
			"Worker": 0
		},
		"unitsCapturedValue": 0,
		"buildingsConstructed": {
			"total": 39,
			"Economic": 6,
			"CivCentre": 1,
			"Fortress": 0,
			"House": 14,
			"Military": 5,
			"Outpost": 0,
			"Structure": 39,
			"Wonder": 0
		},
		"buildingsLost": {
			"total": 0,
			"Economic": 5,
			"CivCentre": 2,
			"Fortress": 0,
			"House": 10,
			"Military": 4,
			"Outpost": 0,
			"Structure": 34,
			"Wonder": 0
		},
		"buildingsLostValue": 6400,
		"enemyBuildingsDestroyed": {
			"total": 0,
			"Economic": 0,
			"CivCentre": 0,
			"Fortress": 0,
			"House": 0,
			"Military": 0,
			"Outpost": 0,
			"Structure": 2,
			"Wonder": 0
		},
		"enemyBuildingsDestroyedValue": 200,
		"buildingsCaptured": {
			"total": 0,
			"Economic": 2,
			"CivCentre": 0,
			"Fortress": 0,
			"House": 0,
			"Military": 0,
			"Outpost": 0,
			"Structure": 2,
			"Wonder": 0
		},
		"buildingsCapturedValue": 200,
		"resourcesCount": {
			"food": 206,
			"wood": 74,
			"stone": 805,
			"metal": 704
		},
		"resourcesGathered": {
			"vegetarianFood": 14327,
			"food": 15986,
			"wood": 19217,
			"stone": 2008,
			"metal": 1857
		},
		"resourcesUsed": {
			"food": 17650,
			"wood": 20991,
			"stone": 1471,
			"metal": 1580
		},
		"resourcesSold": {
			"food": 400,
			"wood": 0,
			"stone": 0,
			"metal": 100
		},
		"resourcesBought": {
			"food": 0,
			"wood": 396,
			"stone": 0,
			"metal": 0
		},
		"tributesSent": 0,
		"tributesReceived": 0,
		"tradeIncome": 0,
		"treasuresCollected": 0,
		"lootCollected": 3034,
		"populationCount": 0,
		"percentMapExplored": 68,
		"teamPercentMapExplored": 68,
		"percentMapControlled": 0,
		"teamPercentMapControlled": 0,
		"peakPercentMapControlled": 38,
		"teamPeakPercentMapControlled": 38,
		"successfulBribes": 0,
		"failedBribes": 0
	}
}
[HARNESS] worker-efficiency player 1: gathered / theoretical / efficiency / tasked time; per-5min buckets
[HARNESS] bucket minutes:   0m   5m  10m  15m  20m  25m
[HARNESS] wood   gathered= 39218 theoretical=  59570.8 efficiency=  65.8% tasked=1232.9min buckets=[  72   71   72   63   59   73]%
[HARNESS] stone  gathered=  5176 theoretical=   6254.5 efficiency=  82.8% tasked= 233.6min buckets=[   -   76   82   61   84   91]%
[HARNESS] metal  gathered=  5024 theoretical=   5948.0 efficiency=  84.5% tasked= 236.2min buckets=[   -   80   85   60   85   91]%
[HARNESS] field  gathered= 31992 theoretical=  31567.3 efficiency= 101.3% tasked= 886.7min buckets=[  83  101  102  100  102  103]%
[HARNESS] fruit  gathered=  5023 theoretical=  10005.9 efficiency=  50.2% tasked= 132.6min buckets=[  69   46    -   20   43    -]%
[HARNESS] woodR  gathered=     0 tasked=   0.0min
[HARNESS] stoneR gathered=     0 tasked=   0.0min
[HARNESS] metalR gathered=     0 tasked=   0.0min
[HARNESS] meat   gathered=  1336 tasked=  31.4min
[HARNESS] utilization=64.1% (tasked 2721.9min of 4243.2min total worker-min)
Turn 8093 (200)...
FILES| Replay metadata written to '/home/louis/.local/share/kiln-runner/runs/22a364f03401a5e1c7150aaa0bb5d419/home/.local/share/0ad/replays/0.28.0/2026-09-10_0001/metadata.json'
TIMER TOTALS (7 clients)
-----------------------------------------------------
  xml_validation: 92.7357 Mc (176x)
  tc_ShaderValidation: 0 c (0x)
  tc_pool_alloc: 0 c (0x)
  tc_transform: 0 c (0x)
  tc_plain_transform: 0 c (0x)
  tc_dds_transform: 0 c (0x)
  tc_png_decode: 0 c (0x)
-----------------------------------------------------
